age,gender,marital_status,education,monthly_salary,employment_type,years_of_employment,company_type,house_type,monthly_rent,family_size,dependents,school_fees,college_fees,travel_expenses,groceries_utilities,other_monthly_expenses,existing_loans,current_emi_amount,credit_score,bank_balance,emergency_fund,emi_scenario,requested_amount,requested_tenure,emi_eligibility,max_monthly_emi,total_expenses,disposable_income,expense_to_income_ratio,foir,emi_burden_ratio,savings_to_income_ratio,emergency_fund_buffer_months,loan_to_income_ratio,requested_monthly_installment_estimate,per_capita_disposable_income,affordability_index,credit_risk_tier,employment_stability_score,financial_health_score
27.0,Female,Single,Post Graduate,23400.0,Private,0.5,Mid-size,Own,0.0,1,0,0.0,0.0,2400.0,5900.0,2400.0,No,0.0,759.0,30000.0,10600.0,Personal Loan EMI,558000.0,17,Not_Eligible,4876.8,10700.0,12700.0,0.45726495724541605,0.0,0.0,1.735042734968588,0.9906542055148921,1.9871794871724102,32823.52748096897,12700.0,0.38691758547208316,Excellent,Probation/Junior,89.95327102757446
32.0,Male,Married,Graduate,36700.0,Government,1.3,Mid-size,Rented,8100.0,4,3,0.0,0.0,3700.0,5500.0,5300.0,No,0.0,657.0,184000.0,65300.0,E-commerce Shopping EMI,167000.0,6,Not_Eligible,7050.0,22600.0,14100.0,0.6158038146971171,0.22070844686047117,0.0,6.792915531150057,2.8893805308456026,0.3792007266113097,27833.328694445216,3525.0,0.5065869107602424,Fair,Moderate,98.18259747845865
38.0,Male,Married,Graduate,84300.0,Private,0.5,Large Indian,Rented,25200.0,3,2,6700.0,11000.0,9000.0,23600.0,8900.0,Yes,21600.0,656.0,56300.0,18100.0,E-commerce Shopping EMI,96000.0,17,Not_Eligible,500.0,84400.0,-21700.0,1.001186239608527,0.5551601423421689,0.256227758004078,0.8825622775696019,0.1707547169795212,0.0948991696321719,5647.0584913495,-7233.333333333333,-3.84270855869452,Fair,Probation/Junior,17.897664452263626
38.0,Male,Married,High School,17500.0,Private,5.6,MNC,Rented,2900.0,3,2,10600.0,0.0,2300.0,4700.0,1700.0,No,0.0,669.0,134500.0,68600.0,Home Appliances EMI,222000.0,23,Not_Eligible,500.0,22200.0,-4700.0,1.2685714284989387,0.16571428570481633,0.0,11.605714285051102,3.090090089950897,1.0571428571378232,9652.173493383762,-1566.6666666666667,-0.48693695805765963,Fair,Established,21.514285720084906
38.0,Male,Married,High School,45900.0,Private,1.4,Startup,Own,0.0,4,3,14200.0,20200.0,5700.0,12100.0,3100.0,No,0.0,536.0,179600.0,80400.0,Education EMI,196000.0,38,Not_Eligible,500.0,55300.0,-9400.0,1.2047930282961918,0.0,0.0,5.664488017305785,1.45388788424134,0.3558460421199059,5157.894601108037,-2350.0,-1.8224490271976883,Poor,Moderate,18.885997157511348
27.0,Female,Single,Post Graduate,67100.0,Government,0.5,Mid-size,Family,0.0,3,2,5800.0,19200.0,6800.0,14000.0,12900.0,No,0.0,760.0,454100.0,266100.0,E-commerce Shopping EMI,106000.0,14,Not_Eligible,5544.0,58700.0,8400.0,0.8748137108662473,0.0,0.0,10.733233978975662,4.533219761421921,0.13164431197201734,7571.428030612284,2800.0,1.109434041362905,Excellent,Probation/Junior,78.01490313070022
38.0,Male,Married,Graduate,72000.0,Self-employed,1.9,Mid-size,Own,0.0,5,4,10400.0,0.0,10000.0,20700.0,6100.0,No,0.0,770.0,196100.0,78700.0,Education EMI,467000.0,25,Not_Eligible,13392.0,47200.0,24800.0,0.6555555555464507,0.0,0.0,3.8166666666136577,1.6673728813206066,0.5405092592586337,18679.99925280003,4960.0,1.3276231793721829,Excellent,Moderate,88.89241996288696
38.0,Male,Married,Graduate,77900.0,Private,1.2,MNC,Family,0.0,3,2,0.0,0.0,6500.0,21900.0,8100.0,No,0.0,802.0,103500.0,58700.0,Personal Loan EMI,419000.0,44,Eligible,19872.0,36500.0,41400.0,0.46854942233031394,0.0,0.0,2.0821566110130663,1.608219178038131,0.4482242190838166,9522.72705630166,13800.0,4.347494131763031,Excellent,Moderate,93.04109589019066
48.0,Female,Married,High School,20800.0,Private,1.5,Large Indian,Family,0.0,3,2,3200.0,0.0,2400.0,4200.0,2700.0,Yes,3500.0,637.0,102800.0,25500.0,Personal Loan EMI,863000.0,24,Not_Eligible,1344.0,12500.0,4800.0,0.6009615384326461,0.1682692307611409,0.1682692307611409,6.16826923047268,1.5937499999003906,3.457532051268199,35958.331835069504,1600.0,0.13348783869848935,Poor,Moderate,92.89182692489027
32.0,Male,Married,Graduate,32800.0,Private,0.5,Large Indian,Own,0.0,4,3,12000.0,0.0,2200.0,9200.0,3800.0,Yes,4200.0,616.0,49800.0,28900.0,Home Appliances EMI,23000.0,23,Not_Eligible,500.0,27200.0,1400.0,0.8292682926576442,0.12804878048390095,0.12804878048390095,2.399390243829287,0.920382165575784,0.05843495934944503,999.999956521741,350.0,1.4000000594695652,Poor,Probation/Junior,71.26044741526738
48.0,Male,Married,High School,53700.0,Private,1.5,Mid-size,Own,0.0,4,3,6200.0,0.0,4100.0,10700.0,6900.0,No,0.0,687.0,133400.0,65200.0,Home Appliances EMI,104000.0,26,Eligible,12900.0,27900.0,25800.0,0.5195530726160232,0.0,0.0,3.6983240222774985,2.3369175626402536,0.16139044071979922,3999.999846153852,6450.0,6.450000246464423,Fair,Moderate,96.68458781320126
38.0,Female,Married,High School,65800.0,Government,1.1,Startup,Own,0.0,5,4,8300.0,0.0,7800.0,13200.0,11300.0,No,0.0,755.0,520800.0,74000.0,Education EMI,84000.0,13,Eligible,16632.0,40600.0,25200.0,0.6170212765863675,0.0,0.0,9.039513677674172,1.8226600984772743,0.10638297872326953,6461.53796449708,5040.0,3.900000299396428,Excellent,Moderate,92.75159836547697
48.0,Male,Married,Professional,42100.0,Private,2.3,Mid-size,Family,0.0,2,1,13900.0,14000.0,4400.0,10100.0,6700.0,No,0.0,687.0,98400.0,42500.0,Education EMI,88000.0,35,Not_Eligible,500.0,49100.0,-7000.0,1.1662707838202786,0.0,0.0,3.34679334908915,0.8655804480475442,0.17418844022134958,2514.285642448982,-3500.0,-2.7840909875290545,Fair,Moderate,19.026239534615428
38.0,Male,Married,Graduate,66500.0,Private,2.9,Mid-size,Rented,16900.0,4,3,8600.0,0.0,7100.0,16700.0,11600.0,Yes,10900.0,704.0,476900.0,147100.0,Home Appliances EMI,113000.0,24,Not_Eligible,500.0,60900.0,-5300.0,0.9157894736704394,0.4180451127756685,0.16390977443362542,9.383458646475438,2.0487465180773157,0.1416040100248852,4708.333137152786,-1325.0,-1.1256637634777351,Good,Moderate,43.717416802454636
27.0,Female,Single,High School,28800.0,Private,3.0,Large Indian,Rented,6200.0,1,0,0.0,0.0,1800.0,6900.0,2000.0,No,0.0,700.0,62800.0,30000.0,Vehicle EMI,1153000.0,38,Not_Eligible,5950.0,16900.0,11900.0,0.5868055555351803,0.21527777777030285,0.0,3.2222222221103394,1.7751479288890444,3.3362268518421985,30342.104464681463,11900.0,0.3921942861102312,Good,Established,93.87573964444522
32.0,Male,Single,Post Graduate,56900.0,Private,0.5,Startup,Rented,13400.0,1,0,0.0,0.0,5200.0,15300.0,10700.0,Yes,12500.0,689.0,195100.0,48400.0,Education EMI,109000.0,27,Not_Eligible,500.0,44600.0,-200.0,0.7838312829387727,0.45518453426265054,0.21968365553216723,4.279437609766618,0.8476357267802516,0.15963678968927997,4037.036887517152,-200.0,-0.04954128622626042,Fair,Probation/Junior,45.66875860041391
58.0,Female,Married,Graduate,63600.0,Private,7.8,Mid-size,Family,0.0,4,3,0.0,0.0,3400.0,13000.0,10000.0,Yes,13700.0,703.0,271700.0,138300.0,E-commerce Shopping EMI,17000.0,9,Eligible,8225.0,26400.0,23500.0,0.41509433961611486,0.21540880502805962,0.21540880502805962,6.446540880401784,3.4488778054002776,0.022274633123660542,1888.8886790123693,5875.0,12.441177846354668,Good,Senior/Veteran,100.0
27.0,Male,Single,High School,30800.0,Private,0.5,MNC,Family,0.0,1,0,0.0,0.0,3300.0,4800.0,3300.0,Yes,4700.0,705.0,196000.0,33300.0,Education EMI,380000.0,40,Not_Eligible,4116.0,11400.0,14700.0,0.3701298701178529,0.15259740259244814,0.15259740259244814,7.4448051945634806,2.0683229812379924,1.0281385281357465,9499.999762500007,14700.0,1.547368459573961,Good,Probation/Junior,95.34161490618996
48.0,Female,Single,Post Graduate,48700.0,Private,7.1,Startup,Own,0.0,2,1,11200.0,11300.0,4000.0,10700.0,7100.0,No,0.0,766.0,215700.0,89300.0,E-commerce Shopping EMI,27000.0,6,Not_Eligible,2640.0,44300.0,4400.0,0.909650924005962,0.0,0.0,6.262833675436082,2.0158013543563023,0.04620123203277515,4499.999250000124,2200.0,0.9777779405234568,Excellent,Senior/Veteran,70.30693285130454
27.0,Female,Single,Graduate,46900.0,Private,1.8,Large Indian,Family,0.0,2,1,0.0,0.0,4900.0,13100.0,8300.0,No,0.0,807.0,171400.0,96000.0,Vehicle EMI,1235000.0,42,Not_Eligible,12360.0,26300.0,20600.0,0.5607675906063803,0.0,0.0,5.701492537191866,3.6501901139296504,2.1943852167693776,29404.761204648545,10300.0,0.7005668182757702,Excellent,Moderate,100.0
32.0,Male,Married,Professional,30000.0,Government,7.6,Small,Own,0.0,3,2,0.0,0.0,4000.0,6900.0,2500.0,No,0.0,836.0,220100.0,94600.0,Personal Loan EMI,804000.0,59,Not_Eligible,12051.6,13400.0,16600.0,0.4466666666517778,0.0,0.0,10.489999999650333,7.05970149201047,2.2333333333271295,13627.118413099688,5533.333333333333,1.2181592245374733,Excellent,Senior/Veteran,100.0
38.0,Male,Married,Professional,141900.0,Private,7.2,Mid-size,Family,0.0,4,3,0.0,0.0,16800.0,24000.0,13100.0,Yes,31500.0,775.0,952300.0,544500.0,Vehicle EMI,738000.0,72,Eligible,26103.0,53900.0,56500.0,0.3798449612376332,0.22198731500900643,0.22198731500900643,10.548273431920025,6.375878220065856,0.4334038054965742,10249.999857638892,14125.0,5.512195197971709,Excellent,Senior/Veteran,100.0
27.0,Male,Single,Graduate,18000.0,Private,0.5,Mid-size,Family,0.0,2,1,0.0,5500.0,1000.0,3300.0,2800.0,Yes,2500.0,744.0,118100.0,39700.0,E-commerce Shopping EMI,149000.0,14,Not_Eligible,893.2,12600.0,2900.0,0.6999999999611111,0.13888888888117285,0.13888888888117285,8.76666666617963,2.629139072673567,0.6898148148116212,10642.856382653115,1450.0,0.27248324091399484,Good,Probation/Junior,90.14569536647895
48.0,Male,Single,Graduate,90900.0,Private,26.0,Large Indian,Family,0.0,1,0,0.0,0.0,5800.0,22600.0,9800.0,Yes,10000.0,753.0,208800.0,73900.0,Education EMI,331000.0,46,Eligible,17934.0,38200.0,42700.0,0.42024202419779716,0.11001100109889977,0.11001100109889977,3.110011001065897,1.5331950207150788,0.3034470113675253,7195.652017485826,42700.0,5.934139100988005,Excellent,Senior/Veteran,92.66597510357539
27.0,Male,Married,Post Graduate,28000.0,Private,0.6,MNC,Family,0.0,4,3,11000.0,16300.0,2200.0,7700.0,2300.0,No,0.0,815.0,149800.0,82100.0,Personal Loan EMI,104000.0,23,Not_Eligible,500.0,39500.0,-11500.0,1.410714285663903,0.0,0.0,8.282142856847067,2.078481012605608,0.3095238095228883,4521.738933837438,-2875.0,-2.5432693407837,Excellent,Probation/Junior,5.535262209915803
38.0,Male,Married,Professional,30000.0,Private,11.8,MNC,Rented,5100.0,3,2,0.0,5300.0,2100.0,5200.0,5900.0,No,0.0,751.0,115100.0,51800.0,Home Appliances EMI,273000.0,27,Not_Eligible,3840.0,23600.0,6400.0,0.7866666666404445,0.16999999999433332,0.0,5.563333333147889,2.1949152541442833,0.7583333333312269,10111.110736625527,2133.3333333333335,0.6329670563476553,Excellent,Senior/Veteran,81.04124293948585
27.0,Male,Married,High School,48000.0,Government,2.7,MNC,Rented,11400.0,2,1,2100.0,10500.0,2700.0,8800.0,2800.0,Yes,9200.0,701.0,302600.0,67700.0,Education EMI,128000.0,25,Not_Eligible,500.0,38300.0,500.0,0.7979166666500433,0.4291666666577257,0.1916666666626736,7.714583333172612,1.4252631578647312,0.2222222222218364,5119.999795200008,250.0,0.09765625388717651,Good,Moderate,74.2513157912794
27.0,Female,Single,Graduate,58100.0,Private,2.2,MNC,Rented,18900.0,3,2,0.0,0.0,7600.0,13900.0,4000.0,No,0.0,727.0,50300.0,19100.0,Personal Loan EMI,724000.0,60,Not_Eligible,5480.0,44400.0,13700.0,0.7641996557527676,0.32530120481367814,0.0,1.1944922547126593,0.4301801801704914,1.0384394721729224,12066.66646555556,4566.666666666667,1.1353591348506606,Good,Moderate,74.01492844063105
38.0,Male,Married,Post Graduate,72200.0,Private,5.3,Startup,Rented,15000.0,4,3,3500.0,0.0,7600.0,11300.0,9300.0,No,0.0,711.0,522100.0,125700.0,Personal Loan EMI,797000.0,42,Not_Eligible,14025.0,46700.0,25500.0,0.6468144044231744,0.20775623268410312,0.0,8.9722991688508,2.69164882221217,0.9198984302851801,18976.19002437643,6375.0,1.3437892414599257,Good,Established,94.7130917572069
38.0,Female,Married,Graduate,30800.0,Private,8.7,MNC,Own,0.0,3,2,6800.0,7200.0,2700.0,6300.0,2500.0,No,0.0,716.0,134700.0,74000.0,Vehicle EMI,1172000.0,62,Not_Eligible,2650.0,25500.0,5300.0,0.8279220778951973,0.0,0.0,6.775974025754027,2.901960784199923,3.1709956709870912,18903.22550156088,1766.6666666666667,0.28037543112851254,Good,Senior/Veteran,81.27603768938383
48.0,Female,Married,Graduate,35300.0,Private,15.1,Startup,Family,0.0,3,2,0.0,0.0,3000.0,7400.0,5300.0,No,0.0,830.0,101100.0,38200.0,Vehicle EMI,238000.0,17,Not_Eligible,11760.0,15700.0,19600.0,0.44475920678626746,0.0,0.0,3.946175637281978,2.433121018953304,0.5618508026426774,13999.999176470636,6533.333333333333,1.4000000822529413,Excellent,Senior/Veteran,97.16560509476652
38.0,Male,Married,Professional,99900.0,Private,13.9,Small,Family,0.0,2,1,0.0,0.0,8300.0,24000.0,18000.0,No,0.0,727.0,88300.0,19800.0,Home Appliances EMI,264000.0,22,Eligible,19840.0,50300.0,49600.0,0.5035035034984635,0.0,0.0,1.0820820820712505,0.39363817096632925,0.2202202202200365,11999.99945454548,24800.0,4.1333335208676765,Good,Senior/Veteran,86.96819085483165
38.0,Female,Married,Post Graduate,64200.0,Private,3.0,Large Indian,Rented,21600.0,3,2,12900.0,0.0,3900.0,12300.0,8100.0,No,0.0,689.0,131100.0,53000.0,Education EMI,301000.0,30,Not_Eligible,2700.0,58800.0,5400.0,0.9158878504530236,0.33644859812560046,0.0,2.8676012460612523,0.9013605442023578,0.39070612668692795,10033.3329988889,1800.0,0.5382059979530027,Fair,Established,64.23577468476991
58.0,Male,Married,Graduate,43100.0,Private,16.0,Mid-size,Rented,10200.0,3,2,0.0,0.0,3700.0,12600.0,8000.0,Yes,10800.0,655.0,281100.0,167200.0,E-commerce Shopping EMI,172000.0,19,Not_Eligible,500.0,34500.0,-2200.0,0.8004640371043976,0.48723897910702463,0.2505800463978984,10.401392111127578,3.6909492272915907,0.3325599381277406,9052.6311024931,-733.3333333333334,-0.24302326857780554,Fair,Senior/Veteran,52.85614849415647
32.0,Male,Married,Post Graduate,103100.0,Government,1.6,Startup,Family,0.0,3,2,0.0,0.0,9300.0,30000.0,6100.0,No,0.0,741.0,639300.0,268500.0,Personal Loan EMI,448000.0,55,Eligible,31735.0,45400.0,57700.0,0.4403491755534399,0.0,0.0,8.805043646859312,5.914096916169293,0.36210798577403647,8145.454397355375,19233.333333333332,7.083705485067848,Good,Moderate,100.0
38.0,Female,Married,Graduate,26100.0,Government,0.7,MNC,Family,0.0,2,1,0.0,21500.0,3300.0,4900.0,4300.0,No,0.0,710.0,63600.0,33400.0,E-commerce Shopping EMI,134000.0,15,Not_Eligible,500.0,34000.0,-7900.0,1.3026819922872535,0.0,0.0,3.716475095643047,0.9823529411475779,0.4278416347368204,8933.332737777819,-3950.0,-0.884328417065187,Good,Probation/Junior,8.697205322757611
48.0,Male,Married,Post Graduate,35800.0,Government,26.0,MNC,Own,0.0,3,2,0.0,0.0,3600.0,10100.0,3100.0,Yes,4500.0,710.0,162900.0,50300.0,Home Appliances EMI,66000.0,11,Not_Eligible,5582.5,16800.0,14500.0,0.46927374300365154,0.12569832401883524,0.12569832401883524,5.955307262403483,2.361502347306972,0.1536312849158435,5999.999454545505,4833.333333333333,2.416666885960858,Good,Senior/Veteran,96.80751173653486
38.0,Male,Married,Graduate,21000.0,Private,7.7,MNC,Rented,3600.0,4,3,0.0,24400.0,1300.0,6100.0,1700.0,No,0.0,689.0,70600.0,20500.0,Vehicle EMI,97000.0,63,Not_Eligible,500.0,37100.0,-16100.0,1.7666666665825397,0.17142857142040815,0.0,4.338095237888662,0.5525606468853758,0.38492063491910744,1539.6825152431347,-4025.0,-10.45670119011575,Fair,Senior/Veteran,5.0
38.0,Male,Single,Professional,91700.0,Private,4.5,Mid-size,Rented,26200.0,2,1,0.0,0.0,12200.0,23600.0,9300.0,Yes,10000.0,681.0,516600.0,297400.0,Vehicle EMI,736000.0,39,Not_Eligible,3640.0,71300.0,10400.0,0.7775354416491,0.3947655397994028,0.10905125408823282,8.876772082782152,3.6580565805208116,0.6688476917478473,18871.794387902708,5200.0,0.5510869706229723,Fair,Established,85.797164668072
27.0,Male,Married,Graduate,26200.0,Private,0.6,Large Indian,Rented,6300.0,3,2,0.0,0.0,1600.0,6400.0,5200.0,No,0.0,783.0,65400.0,26000.0,E-commerce Shopping EMI,22000.0,3,Not_Eligible,3216.0,19500.0,6700.0,0.7442748091318979,0.2404580152579978,0.0,3.48854961818746,1.3333333332649573,0.06997455470715656,7333.330888889704,2233.3333333333335,0.9136366680572313,Excellent,Probation/Junior,80.12468193577295
48.0,Male,Single,Professional,36600.0,Self-employed,26.0,Mid-size,Family,0.0,2,1,13300.0,0.0,3700.0,9300.0,5100.0,No,0.0,700.0,234100.0,80200.0,Home Appliances EMI,67000.0,34,High_Risk,2574.0,31400.0,5200.0,0.857923497244319,0.0,0.0,8.587431693754441,2.554140127307193,0.1525500910743339,1970.588177335642,2600.0,2.638806046422098,Good,Senior/Veteran,77.13682085699044
48.0,Male,Married,Graduate,56900.0,Private,8.7,Large Indian,Own,0.0,3,2,0.0,0.0,4500.0,16300.0,4000.0,No,0.0,740.0,181000.0,101600.0,Education EMI,287000.0,24,High_Risk,16050.0,24800.0,32100.0,0.4358523725758198,0.0,0.0,4.966608084271237,4.096774193383195,0.42032806092498487,11958.332835069465,10700.0,2.6843206691135064,Good,Senior/Veteran,100.0
38.0,Male,Married,High School,34700.0,Private,12.3,Large Indian,Own,0.0,3,2,0.0,0.0,2300.0,6500.0,2400.0,No,0.0,747.0,124000.0,44400.0,E-commerce Shopping EMI,50000.0,22,Eligible,11750.0,11200.0,23500.0,0.3227665705958857,0.0,0.0,4.853025936459567,3.96428571393176,0.12007684918318906,2272.7271694214924,7833.333333333333,10.3400004654504,Good,Senior/Veteran,100.0
48.0,Female,Married,Post Graduate,86800.0,Private,7.9,Large Indian,Rented,22500.0,4,3,14200.0,0.0,6200.0,17600.0,14400.0,No,0.0,829.0,479700.0,207300.0,Vehicle EMI,160000.0,20,Not_Eligible,7140.0,74900.0,11900.0,0.8629032257965104,0.25921658985876483,0.0,7.9147465436876185,2.7676902536346106,0.15360983102903839,7999.999600000019,2975.0,1.4875000741890625,Excellent,Senior/Veteran,77.80619320445223
48.0,Male,Married,Graduate,52700.0,Private,1.0,Mid-size,Rented,16800.0,3,2,0.0,0.0,5600.0,10900.0,6600.0,Yes,14200.0,568.0,148300.0,66800.0,E-commerce Shopping EMI,55000.0,22,Not_Eligible,500.0,39900.0,-1400.0,0.7571157495112502,0.5882352941064851,0.2694497153649061,4.0815939278162885,1.2347504620843854,0.08697027197962212,2499.9998863636415,-466.6666666666667,-0.5600000252305455,Poor,Moderate,40.42802176206796
48.0,Male,Married,Graduate,80500.0,Private,2.9,Small,Own,0.0,2,1,0.0,10900.0,7300.0,20600.0,8900.0,No,0.0,713.0,400900.0,192700.0,Personal Loan EMI,102000.0,40,Eligible,16400.0,47700.0,32800.0,0.592546583843571,0.0,0.0,7.37391304338666,4.039832285030611,0.10559006211169193,2549.9999362500016,16400.0,12.86274541456363,Good,Moderate,100.0
48.0,Male,Married,Graduate,60700.0,Private,26.0,Startup,Rented,14900.0,4,3,8200.0,0.0,8600.0,17100.0,4900.0,No,0.0,677.0,100900.0,41300.0,Personal Loan EMI,878000.0,14,Not_Eligible,2800.0,53700.0,7000.0,0.8846787479261173,0.2454695222364832,0.0,2.34266886322335,0.7690875232631454,1.2053816584277794,62714.2812346942,1750.0,0.1116173200437783,Fair,Senior/Veteran,66.07113778222634
32.0,Male,Married,Professional,65400.0,Private,5.0,MNC,Rented,17100.0,4,3,14300.0,0.0,3300.0,17200.0,9400.0,No,0.0,746.0,181200.0,91600.0,Vehicle EMI,1196000.0,81,Not_Eligible,2050.0,61300.0,4100.0,0.9373088684871971,0.2614678899042589,0.0,4.171253822566189,1.4942903751795384,1.523955147806417,14765.43191647615,1025.0,0.2776755886935688,Good,Established,65.48674239692193
48.0,Male,Married,Post Graduate,31600.0,Private,14.6,Mid-size,Own,0.0,3,2,7900.0,18500.0,2400.0,6300.0,3900.0,No,0.0,734.0,122200.0,32800.0,E-commerce Shopping EMI,136000.0,7,Not_Eligible,500.0,39000.0,-7400.0,1.2341772151508172,0.0,0.0,4.905063290984017,0.8410256410040763,0.35864978902859007,19428.568653061622,-2466.6666666666665,-0.3808824073333369,Good,Senior/Veteran,13.470950992954997
38.0,Female,Married,Professional,22500.0,Government,1.9,Large Indian,Family,0.0,2,1,0.0,0.0,2100.0,6700.0,2100.0,Yes,6500.0,681.0,93200.0,21900.0,Home Appliances EMI,291000.0,17,Not_Eligible,1785.0,10900.0,5100.0,0.48444444442291357,0.28888888887604935,0.28888888887604935,5.115555555328197,1.2586206895828378,1.077777777773786,17117.64605190317,2550.0,0.2979381618382648,Fair,Moderate,91.29310344791419
38.0,Male,Married,High School,71800.0,Government,4.2,Mid-size,Own,0.0,2,1,8000.0,0.0,9700.0,12500.0,10300.0,No,0.0,781.0,427000.0,167100.0,E-commerce Shopping EMI,82000.0,7,Eligible,20658.0,40500.0,31300.0,0.564066852359832,0.0,0.0,8.274373258937684,4.125925925824051,0.09517177344464349,11714.284040816565,15650.0,2.671951600991419,Excellent,Established,100.0
58.0,Male,Married,High School,23900.0,Private,25.7,Mid-size,Own,0.0,2,1,14600.0,17900.0,1900.0,3800.0,2200.0,No,0.0,716.0,170900.0,90700.0,E-commerce Shopping EMI,195000.0,19,Not_Eligible,500.0,40400.0,-16500.0,1.69037656896693,0.0,0.0,10.945606694102693,2.2450495048949244,0.6799163179892611,10263.157354570665,-8250.0,-1.6076923921510453,Good,Senior/Veteran,5.0
38.0,Female,Married,Graduate,29100.0,Private,5.2,Startup,Own,0.0,3,2,11800.0,12900.0,2400.0,6600.0,3500.0,Yes,2900.0,725.0,206900.0,49700.0,E-commerce Shopping EMI,35000.0,24,Not_Eligible,500.0,37200.0,-11000.0,1.278350515419988,0.09965635738489154,0.09965635738489154,8.817869415504541,1.2394014962284439,0.10022909507416887,1458.333272569447,-3666.6666666666665,-7.542857451970611,Good,Established,11.928966247543187
32.0,Female,Married,Post Graduate,56100.0,Private,4.6,Small,Rented,15400.0,4,3,5400.0,0.0,6200.0,15600.0,10700.0,Yes,12500.0,694.0,346200.0,131000.0,E-commerce Shopping EMI,112000.0,4,Not_Eligible,500.0,53300.0,-9700.0,0.9500891265427791,0.4973262031996912,0.22281639928301575,8.506238859028409,1.990881458936309,0.16636957813403688,27999.99300000175,-2425.0,-0.34642865802334183,Fair,Established,35.13444294728083
38.0,Male,Single,Post Graduate,97900.0,Private,2.1,Mid-size,Rented,28300.0,1,0,0.0,0.0,8500.0,14900.0,10300.0,No,0.0,682.0,475400.0,192800.0,Home Appliances EMI,260000.0,34,Eligible,17950.0,62000.0,35900.0,0.6332992849782094,0.28907048007876335,0.0,6.82533197132967,3.1096774193046826,0.2213142662578981,7647.058598615924,35900.0,4.694615522078396,Fair,Moderate,97.33605720174324
27.0,Female,Married,Post Graduate,72800.0,Private,5.0,Mid-size,Family,0.0,2,1,11500.0,0.0,4600.0,11400.0,7800.0,No,0.0,674.0,472000.0,135100.0,Vehicle EMI,898000.0,71,High_Risk,20625.0,35300.0,37500.0,0.4848901098834494,0.0,0.0,8.339285714171165,3.827195467313677,1.0279304029292262,12647.887145804407,18750.0,2.9649220905228177,Fair,Established,100.0
38.0,Female,Married,Post Graduate,53500.0,Private,3.3,Large Indian,Own,0.0,2,1,0.0,0.0,4200.0,11300.0,8500.0,Yes,10800.0,749.0,365000.0,208500.0,Personal Loan EMI,843000.0,37,Not_Eligible,7199.5,24000.0,18700.0,0.4485981308327365,0.20186915887473142,0.20186915887473142,10.719626168023932,5.991379310172661,1.3130841121474874,22783.783168005863,9350.0,0.8207592155037151,Good,Established,100.0
27.0,Male,Single,Graduate,25200.0,Private,1.2,Large Indian,Family,0.0,1,0,0.0,0.0,1600.0,4300.0,3300.0,Yes,7000.0,900.0,177300.0,37100.0,Vehicle EMI,661000.0,77,Not_Eligible,3465.0,9200.0,9000.0,0.3650793650648778,0.27777777776675483,0.27777777776675483,8.507936507598892,2.290123456648758,2.1858465608393325,8584.41547292967,9000.0,1.048411511224315,Excellent,Moderate,96.45061728324379
48.0,Male,Married,Graduate,22000.0,Government,0.5,Mid-size,Own,0.0,3,2,13500.0,0.0,2100.0,4000.0,3300.0,Yes,4500.0,753.0,168900.0,81800.0,E-commerce Shopping EMI,106000.0,18,Not_Eligible,500.0,22900.0,-5400.0,1.0409090908617769,0.20454545453615702,0.20454545453615702,11.39545454493657,2.9854014597450584,0.4015151515136306,5888.888561728413,-1800.0,-0.9169811828631541,Excellent,Probation/Junior,39.65428002978314
27.0,Female,Married,Graduate,55100.0,Self-employed,0.5,Small,Own,0.0,3,2,0.0,7500.0,6000.0,9800.0,3200.0,Yes,6200.0,577.0,309500.0,148200.0,Personal Loan EMI,433000.0,21,Not_Eligible,5644.8,26500.0,22400.0,0.48094373864825873,0.1125226860233662,0.1125226860233662,8.306715063370113,4.5321100916045225,0.654869933453335,20619.046637188254,7466.666666666667,1.0863741856286055,Poor,Probation/Junior,100.0
38.0,Female,Married,Graduate,18000.0,Self-employed,0.7,Mid-size,Rented,3900.0,3,2,9100.0,0.0,1500.0,3000.0,1300.0,Yes,2700.0,625.0,120900.0,43000.0,Personal Loan EMI,275000.0,16,Not_Eligible,500.0,18800.0,-3500.0,1.0444444443864198,0.36666666664629627,0.14999999999166666,9.10555555504969,1.9999999999069766,1.273148148142254,17187.498925781318,-1166.6666666666667,-0.2036363763517884,Poor,Probation/Junior,34.44444444862129
27.0,Female,Single,Professional,49600.0,Government,0.5,Large Indian,Own,0.0,1,0,0.0,0.0,2600.0,12200.0,3000.0,Yes,11400.0,693.0,170900.0,78400.0,E-commerce Shopping EMI,139000.0,16,Not_Eligible,7140.0,17800.0,20400.0,0.3588709677347002,0.2298387096727855,0.2298387096727855,5.02620967731802,2.684931506757365,0.23353494623616677,8687.499457031283,20400.0,2.3482015853412146,Fair,Probation/Junior,98.42465753378683
48.0,Male,Married,High School,48900.0,Private,2.5,Startup,Rented,17000.0,2,1,13700.0,0.0,3700.0,12800.0,4700.0,Yes,10400.0,570.0,366300.0,136800.0,Vehicle EMI,866000.0,12,Not_Eligible,500.0,51900.0,-13400.0,1.0613496932298292,0.5603271983525495,0.2126789366009677,10.288343558071812,2.1958266452296016,1.4758009543260466,72166.66065277829,-6700.0,-0.18568130877340858,Poor,Moderate,22.848253883083203
48.0,Male,Married,Graduate,49900.0,Private,11.3,Large Indian,Rented,9800.0,5,4,8200.0,0.0,6800.0,13100.0,10000.0,Yes,8200.0,663.0,374100.0,224300.0,E-commerce Shopping EMI,52000.0,7,Not_Eligible,500.0,47900.0,-6200.0,0.9599198396601218,0.36072144287854263,0.16432865731133608,11.991983967695552,3.9982174687344347,0.08684034736124442,7428.57036734709,-1240.0,-0.8346155037338018,Fair,Senior/Veteran,46.20641282719025
58.0,Male,Married,Graduate,21500.0,Government,0.5,MNC,Rented,3800.0,4,3,0.0,11300.0,1800.0,5500.0,2600.0,No,0.0,731.0,171300.0,79100.0,Home Appliances EMI,208000.0,6,Not_Eligible,500.0,25000.0,-3500.0,1.1627906976203353,0.17674418603829098,0.0,11.646511627365278,3.16399999987344,0.806201550384472,34666.66088888985,-875.0,-0.10096155528554919,Good,Probation/Junior,29.976744190373175
32.0,Male,Married,High School,28600.0,Private,1.1,Mid-size,Rented,9500.0,5,4,8800.0,0.0,2600.0,8500.0,2000.0,Yes,4900.0,605.0,118700.0,34000.0,Vehicle EMI,352000.0,82,Not_Eligible,500.0,31400.0,-7700.0,1.0979020978637097,0.5034965034788987,0.17132867132268081,5.339160838974155,0.9366391184314975,1.025641025638037,4292.6828744794775,-1540.0,-1.7937500214571376,Poor,Moderate,17.606272519537796
38.0,Male,Married,Graduate,79000.0,Private,12.6,Large Indian,Family,0.0,4,3,8000.0,0.0,7300.0,17300.0,5700.0,Yes,22900.0,678.0,473800.0,112700.0,Home Appliances EMI,83000.0,23,Eligible,6230.0,38300.0,17800.0,0.4848101265761417,0.28987341771784975,0.28987341771784975,7.424050632817417,1.8415032679437662,0.0875527426159414,3608.695495274109,4450.0,4.932530333572913,Fair,Senior/Veteran,94.20751633971884
48.0,Female,Married,High School,54400.0,Private,24.7,Startup,Rented,14600.0,4,3,8400.0,0.0,7400.0,10800.0,5100.0,No,0.0,720.0,111500.0,51500.0,Home Appliances EMI,280000.0,32,Not_Eligible,4050.0,46300.0,8100.0,0.8511029411608253,0.26838235293624296,0.0,2.996323529356685,1.1123110150947666,0.4289215686267939,8749.99972656251,2025.0,0.9257143145370611,Good,Senior/Veteran,70.47331978260782
48.0,Male,Married,Graduate,25100.0,Private,2.8,MNC,Own,0.0,3,2,12800.0,0.0,1500.0,4200.0,1600.0,No,0.0,549.0,40300.0,9000.0,Vehicle EMI,537000.0,32,Not_Eligible,1000.0,20100.0,5000.0,0.8007968127170997,0.0,0.0,1.964143426216568,0.4477611940075741,1.782868525890495,16781.249475585955,1666.6666666666667,0.2979515921610159,Poor,Moderate,71.1750609526699
58.0,Female,Married,Post Graduate,67600.0,Private,0.5,Mid-size,Rented,13600.0,4,3,0.0,0.0,3700.0,19500.0,5500.0,No,0.0,635.0,152700.0,77200.0,E-commerce Shopping EMI,38000.0,14,Eligible,8096.0,42300.0,25300.0,0.6257396449611577,0.20118343194968666,0.0,3.4008875739141886,1.8250591016117008,0.046844181459508326,2714.285520408177,6325.0,9.32105329393435,Poor,Probation/Junior,92.06612391116587
32.0,Male,Married,Post Graduate,50800.0,Private,1.2,Startup,Family,0.0,2,1,2200.0,0.0,5000.0,12400.0,7200.0,No,0.0,644.0,309100.0,143500.0,Education EMI,479000.0,34,Not_Eligible,10560.0,26800.0,24000.0,0.5275590551077252,0.0,0.0,8.909448818722256,5.354477611740505,0.785761154854354,14088.234879757798,12000.0,1.7035491105262617,Poor,Moderate,100.0
27.0,Male,Single,Graduate,44600.0,Private,1.7,MNC,Rented,13000.0,1,0,0.0,0.0,3600.0,10500.0,6200.0,Yes,6400.0,595.0,233900.0,140000.0,Vehicle EMI,263000.0,79,Not_Eligible,1372.0,33300.0,4900.0,0.7466367712837076,0.43497757846558344,0.1434977578443162,8.38340807156091,3.5264483626315757,0.49140508221133894,3329.113881909951,4900.0,1.4718631360597825,Poor,Moderate,85.82062780471254
32.0,Male,Married,High School,36200.0,Private,10.0,Large Indian,Own,0.0,3,2,0.0,0.0,2500.0,6900.0,5600.0,No,0.0,772.0,98800.0,27000.0,E-commerce Shopping EMI,93000.0,18,Eligible,12720.0,15000.0,21200.0,0.4143646408725314,0.0,0.0,3.475138121450963,1.79999999988,0.2140883977895624,5166.666379629645,7066.666666666667,4.10322603361443,Excellent,Senior/Veteran,93.9999999994
27.0,Female,Single,Post Graduate,46600.0,Government,0.5,Large Indian,Family,0.0,3,2,13400.0,0.0,6100.0,10800.0,8800.0,Yes,10000.0,701.0,269400.0,59300.0,Personal Loan EMI,344000.0,54,Not_Eligible,500.0,39100.0,-2500.0,0.8390557939734108,0.2145922746735066,0.2145922746735066,7.053648068518162,1.207739307511044,0.6151645207428198,6370.370252400551,-833.3333333333334,-0.39244186767095385,Good,Probation/Junior,46.91423301968236
32.0,Female,Married,Post Graduate,121900.0,Government,3.2,Large Indian,Family,0.0,4,3,0.0,0.0,15800.0,30700.0,20800.0,No,0.0,815.0,805900.0,407400.0,E-commerce Shopping EMI,12000.0,18,Eligible,39639.6,67300.0,54600.0,0.5520918785844784,0.0,0.0,9.95324036086995,6.053491827547497,0.008203445447082168,666.6666296296316,13650.0,81.90000442715,Excellent,Established,100.0
58.0,Female,Married,Graduate,102700.0,Self-employed,23.4,MNC,Own,0.0,3,2,13700.0,0.0,11300.0,20500.0,14000.0,No,0.0,680.0,565400.0,281100.0,E-commerce Shopping EMI,184000.0,6,Not_Eligible,19440.0,59500.0,43200.0,0.579357351503609,0.0,0.0,8.242453748702605,4.724369747819758,0.14930217461850917,30666.661555556406,14400.0,1.4086958869105861,Fair,Senior/Veteran,100.0
32.0,Female,Married,High School,71200.0,Private,10.0,Startup,Family,0.0,2,1,0.0,10100.0,9100.0,12600.0,8600.0,Yes,12300.0,628.0,440700.0,202100.0,Education EMI,454000.0,14,Not_Eligible,5698.0,40400.0,18500.0,0.5674157303291094,0.17275280898633777,0.17275280898633777,9.028089887513651,3.8349146109329237,0.5313670411978799,32428.569112245066,9250.0,0.5704846222291039,Poor,Senior/Veteran,100.0
27.0,Male,Married,Graduate,72500.0,Private,4.4,Large Indian,Rented,23900.0,4,3,13200.0,0.0,4200.0,18600.0,6200.0,No,0.0,754.0,428100.0,213200.0,Vehicle EMI,1124000.0,64,Not_Eligible,3840.0,66100.0,6400.0,0.9117241379184591,0.3296551724092462,0.0,8.845517241257305,3.2254160362598276,1.2919540229870208,17562.49972558594,1600.0,0.36441281706110107,Excellent,Established,75.06206896652327
38.0,Female,Married,High School,49500.0,Private,1.8,Mid-size,Own,0.0,4,3,9900.0,0.0,6100.0,10400.0,7200.0,Yes,14700.0,652.0,318000.0,158000.0,E-commerce Shopping EMI,192000.0,6,Not_Eligible,500.0,33600.0,1200.0,0.6787878787741659,0.29696969696369757,0.29696969696369757,9.61616161596735,3.27122153202337,0.3232323232317791,31999.994666667553,300.0,0.03750000624882813,Fair,Moderate,93.69696969806672
48.0,Male,Single,Post Graduate,92400.0,Self-employed,24.4,MNC,Own,0.0,3,2,6000.0,0.0,8100.0,15400.0,10400.0,No,0.0,707.0,652500.0,146800.0,Vehicle EMI,1374000.0,27,Not_Eligible,25987.5,39900.0,52500.0,0.4318181818135085,0.0,0.0,8.65043290033928,3.679197994895258,1.2391774891763716,50888.88700411529,17500.0,1.0316594268356225,Good,Senior/Veteran,100.0
27.0,Male,Single,Graduate,21400.0,Private,5.0,Mid-size,Rented,6200.0,2,1,6000.0,0.0,2600.0,3300.0,2000.0,No,0.0,777.0,96200.0,27700.0,Personal Loan EMI,661000.0,48,Not_Eligible,780.0,20100.0,1300.0,0.9392523364047078,0.289719626154686,0.0,5.789719625897677,1.3781094526677558,2.5739875389307865,13770.83304644098,650.0,0.09440242253474838,Excellent,Established,64.75036035096214
32.0,Male,Single,Post Graduate,65000.0,Government,0.5,MNC,Family,0.0,1,0,0.0,0.0,4600.0,10300.0,3800.0,No,0.0,709.0,409500.0,237600.0,Education EMI,441000.0,18,Not_Eligible,25465.0,18700.0,46300.0,0.2876923076878817,0.0,0.0,9.955384615231456,12.705882352261717,0.5653846153838905,24499.998638888963,46300.0,1.8897960232788746,Good,Probation/Junior,100.0
58.0,Male,Married,Professional,87800.0,Self-employed,2.3,MNC,Family,0.0,4,3,14300.0,0.0,13100.0,15800.0,13000.0,Yes,13600.0,645.0,403300.0,88600.0,Home Appliances EMI,130000.0,17,Not_Eligible,4536.0,56200.0,18000.0,0.6400911161658305,0.154897494303475,0.154897494303475,5.602505694697011,1.269340974193849,0.12338648443420332,7647.058373702448,4500.0,2.3538462919998815,Poor,Moderate,88.1394155777028
38.0,Male,Married,Post Graduate,31600.0,Private,4.5,Large Indian,Rented,9300.0,4,3,4200.0,0.0,4000.0,9500.0,3700.0,Yes,6300.0,600.0,222800.0,117400.0,Education EMI,347000.0,36,Not_Eligible,500.0,30700.0,-5400.0,0.9715189873110278,0.4936708860603269,0.19936708860128585,10.765822784469435,3.172972972887217,0.9150843881832408,9638.888621141983,-1350.0,-0.56023056305427,Poor,Established,38.72151899089489
48.0,Male,Married,Post Graduate,61100.0,Private,1.6,Startup,Own,0.0,3,2,6600.0,0.0,4600.0,17600.0,3300.0,No,0.0,745.0,145400.0,41300.0,Home Appliances EMI,86000.0,28,Eligible,14500.0,32100.0,29000.0,0.5253682487639056,0.0,0.0,3.0556464811283854,1.2866043613306353,0.11729405346410625,3071.4284617346975,9666.666666666666,9.441860799251488,Good,Moderate,91.43302180665317
48.0,Male,Married,Graduate,38800.0,Private,5.5,Large Indian,Family,0.0,3,2,10800.0,18100.0,3600.0,7000.0,5000.0,No,0.0,577.0,83400.0,25500.0,Personal Loan EMI,431000.0,24,Not_Eligible,500.0,44500.0,-5700.0,1.1469072164652858,0.0,0.0,2.806701030855497,0.5730337078522914,0.9256872852213796,17958.332585069475,-1900.0,-0.3174014053187526,Poor,Established,19.11259122203859
48.0,Male,Married,High School,27200.0,Private,19.6,Mid-size,Rented,4200.0,3,2,11400.0,19800.0,3200.0,8100.0,5300.0,No,0.0,751.0,147200.0,69300.0,Vehicle EMI,375000.0,37,Not_Eligible,500.0,52000.0,-24800.0,1.9117647058120675,0.15441176470020546,0.0,7.95955882323678,1.332692307666679,1.1488970588200096,10135.134861212571,-8266.666666666666,-2.446933399225236,Excellent,Senior/Veteran,5.0
27.0,Male,Single,Graduate,48300.0,Government,0.6,Mid-size,Own,0.0,2,1,0.0,0.0,4100.0,9800.0,7200.0,No,0.0,767.0,311300.0,123100.0,E-commerce Shopping EMI,184000.0,21,Eligible,17952.0,21100.0,27200.0,0.4368530020613488,0.0,0.0,8.99378881968957,5.834123222472316,0.3174603174597697,8761.904344671222,13600.0,3.1043479735587427,Excellent,Probation/Junior,100.0
32.0,Male,Single,Graduate,52700.0,Government,0.5,Mid-size,Rented,17900.0,3,2,0.0,0.0,7700.0,15100.0,3700.0,Yes,12200.0,615.0,293200.0,69500.0,E-commerce Shopping EMI,51000.0,22,Not_Eligible,500.0,44400.0,-3900.0,0.8425047438170302,0.5711574952453291,0.2314990512290038,6.882352941045876,1.2279151943245952,0.08064516129019506,2318.181712809922,-1300.0,-1.682353016921338,Poor,Probation/Junior,34.75817179908752
32.0,Male,Married,Graduate,43700.0,Private,8.7,Mid-size,Rented,8600.0,4,3,0.0,0.0,4700.0,9100.0,5000.0,Yes,5500.0,707.0,32000.0,74000.0,Home Appliances EMI,274000.0,7,Not_Eligible,3024.0,27400.0,10800.0,0.6270022883151716,0.3226544622351795,0.125858123566914,2.4256292905623424,2.249240121512181,0.5225019069402698,39142.85155102121,2700.0,0.2759124481681336,Good,Senior/Veteran,94.08601754234718
32.0,Male,Married,Professional,133900.0,Government,2.2,MNC,Own,0.0,4,3,5600.0,24300.0,9400.0,34500.0,21700.0,No,0.0,754.0,463700.0,141000.0,Education EMI,198000.0,38,Eligible,23040.0,95500.0,38400.0,0.71321882000961,0.0,0.0,4.516056758741478,1.4764397905604563,0.12322628827475528,5210.526178670364,9600.0,7.369697162221977,Excellent,Moderate,83.32469335203348
58.0,Male,Married,Graduate,35400.0,Private,9.0,Small,Own,0.0,2,1,0.0,0.0,5200.0,6500.0,2300.0,No,0.0,647.0,21900.0,6300.0,Vehicle EMI,312000.0,37,Not_Eligible,6848.0,14000.0,21400.0,0.3954802259775288,0.0,0.0,0.7966101694690223,0.4499999999678571,0.7344632768344292,8432.432204528859,10700.0,2.537820581109297,Poor,Senior/Veteran,87.24999999983929
32.0,Female,Married,Graduate,41600.0,Government,1.4,MNC,Family,0.0,3,2,10100.0,0.0,4600.0,11100.0,4800.0,No,0.0,755.0,160900.0,92700.0,Vehicle EMI,888000.0,66,Not_Eligible,6600.0,30600.0,11000.0,0.7355769230592409,0.0,0.0,6.096153846007304,3.029411764606882,1.7788461538425904,13454.545250688709,3666.6666666666665,0.8175675798941897,Excellent,Moderate,89.15384615526072
27.0,Male,Single,Graduate,101000.0,Private,2.1,Large Indian,Rented,20100.0,2,1,0.0,5800.0,11600.0,23300.0,9700.0,Yes,15000.0,736.0,206000.0,76000.0,Personal Loan EMI,243000.0,26,Not_Eligible,5425.0,70500.0,15500.0,0.698019801973287,0.3475247524718067,0.14851485148367807,2.792079207893148,0.8888888888784926,0.20049504950478506,9346.153486686404,7750.0,1.6584362776003319,Good,Moderate,81.6028602865295
48.0,Male,Single,Post Graduate,72300.0,Private,3.5,MNC,Own,0.0,1,0,0.0,0.0,6100.0,15100.0,10700.0,Yes,9200.0,665.0,300500.0,123600.0,Personal Loan EMI,368000.0,20,Not_Eligible,10920.0,31900.0,31200.0,0.4412171507546167,0.12724757952797722,0.12724757952797722,5.865836791066863,3.0072992699998222,0.42415859843196846,18399.999080000045,31200.0,1.6956522586034972,Fair,Established,100.0
48.0,Male,Married,Post Graduate,60300.0,Private,0.9,Large Indian,Family,0.0,3,2,12400.0,17300.0,7100.0,15400.0,11600.0,Yes,8300.0,680.0,256500.0,96100.0,Home Appliances EMI,116000.0,14,Not_Eligible,500.0,63800.0,-11800.0,1.058043117727064,0.13764510779207886,0.13764510779207886,5.847429518974338,1.3328710124641767,0.16030956329441637,8285.713693877593,-3933.3333333333335,-1.4241380325867419,Fair,Probation/Junior,30.02090564415576
27.0,Male,Single,Graduate,60500.0,Private,0.5,MNC,Rented,15400.0,3,2,4800.0,0.0,8600.0,17300.0,7900.0,No,0.0,654.0,219400.0,68800.0,E-commerce Shopping EMI,159000.0,15,Not_Eligible,2600.0,54000.0,6500.0,0.8925619834563213,0.25454545454124716,0.0,4.763636363557626,1.2740740740504801,0.21900826446250826,10599.999293333382,2166.6666666666665,0.6132075879924646,Fair,Probation/Junior,67.96541169374669
32.0,Male,Married,Professional,78700.0,Government,2.7,Mid-size,Family,0.0,3,2,10300.0,0.0,9600.0,15100.0,15300.0,Yes,23000.0,765.0,44600.0,21600.0,Home Appliances EMI,63000.0,32,Not_Eligible,1814.4,50300.0,5400.0,0.6391359593311419,0.2922490470102637,0.2922490470102637,0.8411689961773677,0.29467939972312857,0.06670902160094588,1968.7499384765645,1800.0,2.7428572271782308,Excellent,Moderate,83.34252025212429
27.0,Male,Single,Graduate,84700.0,Private,1.8,MNC,Own,0.0,2,1,0.0,0.0,11400.0,14700.0,7900.0,No,0.0,723.0,491900.0,275000.0,Personal Loan EMI,66000.0,47,Eligible,25350.0,34000.0,50700.0,0.40141676504838947,0.0,0.0,9.054309326929703,8.088235293879757,0.06493506493500105,1404.2552892711642,25350.0,36.104546197016454,Good,Moderate,100.0
38.0,Male,Married,Post Graduate,55400.0,Private,2.5,Small,Rented,15900.0,2,1,0.0,23600.0,3100.0,14700.0,10200.0,Yes,10500.0,680.0,442300.0,230400.0,Vehicle EMI,414000.0,51,Not_Eligible,500.0,67500.0,-22600.0,1.2184115523245773,0.47653429602027914,0.1895306859171565,12.142599277759158,2.9538461538082843,0.6227436823095326,8117.6468996539825,-11300.0,-2.784058025260901,Fair,Moderate,19.938905861655698
58.0,Male,Married,Post Graduate,131700.0,Private,4.3,Large Indian,Family,0.0,2,1,7800.0,0.0,19600.0,32300.0,11700.0,No,0.0,796.0,78800.0,16700.0,E-commerce Shopping EMI,55000.0,3,Eligible,28944.0,71400.0,60300.0,0.5421412300642207,0.0,0.0,0.7251328777469618,0.2338935574196934,0.03480131612247861,18333.32722222426,30150.0,3.2890920052751405,Excellent,Established,86.16946778709847
32.0,Male,Married,Post Graduate,25600.0,Private,0.9,Startup,Family,12153.0,4,3,11400.0,0.0,1400.0,7600.0,3100.0,Yes,4300.0,655.0,116400.0,30800.0,E-commerce Shopping EMI,92000.0,11,Not_Eligible,500.0,35653.0,-14353.0,1.3926953124455979,0.6426953124748948,0.16796874999343872,5.74999999977539,0.7709058143125446,0.2994791666656918,8363.635603305855,-3588.25,-1.7161197210230725,Fair,Probation/Junior,5.0
38.0,Female,Married,High School,15900.0,Private,2.3,MNC,Rented,4700.0,3,2,6400.0,0.0,1600.0,2500.0,1100.0,No,0.0,740.0,80900.0,28700.0,Personal Loan EMI,875000.0,45,Not_Eligible,500.0,16300.0,-400.0,1.0251572326399272,0.29559748425813853,0.0,6.893081760572762,1.7607361962109978,4.585953878382673,19444.444012345688,-133.33333333333334,-0.02057142902751347,Good,Moderate,34.7911023698608
48.0,Male,Married,Professional,49600.0,Private,0.5,Large Indian,Rented,10900.0,3,2,0.0,0.0,4100.0,8900.0,4900.0,No,0.0,641.0,125400.0,34100.0,Vehicle EMI,903000.0,45,Not_Eligible,6656.0,28800.0,20800.0,0.580645161278616,0.21975806451169844,0.0,3.2157258063867795,1.1840277777366657,1.5171370967716447,20066.666220740753,6933.333333333333,1.0365448734810137,Poor,Probation/Junior,90.92013888868333
32.0,Male,Married,Professional,60200.0,Government,5.9,Large Indian,Own,0.0,4,3,11000.0,0.0,3600.0,16900.0,6000.0,No,0.0,740.0,209800.0,82100.0,Home Appliances EMI,187000.0,32,Eligible,12485.0,37500.0,22700.0,0.6229235880295195,0.0,0.0,4.84883720922178,2.189333333274951,0.25885935769620866,5843.749817382819,5675.0,3.884492099335273,Good,Established,94.11277962401319
27.0,Female,Single,Professional,64500.0,Private,2.6,Mid-size,Rented,11900.0,3,2,6900.0,0.0,8900.0,18900.0,10800.0,No,0.0,710.0,471800.0,202300.0,E-commerce Shopping EMI,88000.0,8,Not_Eligible,3905.0,57400.0,7100.0,0.8899224806063578,0.18449612402814736,0.0,10.45116279053564,3.5243902438410384,0.11369509043912959,10999.998625000173,2366.6666666666665,0.6454546260776859,Good,Moderate,76.80620155149137
48.0,Female,Married,Professional,68700.0,Government,5.8,MNC,Family,0.0,3,2,10500.0,0.0,5800.0,10400.0,4300.0,No,0.0,835.0,414600.0,149200.0,E-commerce Shopping EMI,177000.0,14,Eligible,27370.2,31000.0,37700.0,0.45123726345776954,0.0,0.0,8.206695778628724,4.812903225651197,0.21470160116422282,12642.856239795983,12566.666666666666,2.9819211167132944,Excellent,Established,100.0
27.0,Male,Married,High School,26900.0,Government,0.9,Large Indian,Own,0.0,3,2,4400.0,10500.0,2800.0,7200.0,2400.0,Yes,7500.0,695.0,205800.0,57000.0,Education EMI,146000.0,35,Not_Eligible,500.0,27300.0,-7900.0,1.0148698884381089,0.2788104089115684,0.2788104089115684,9.769516728261356,1.6379310344356917,0.4522924411386236,4171.428452244902,-2633.3333333333335,-1.8938356700939432,Fair,Probation/Junior,35.00006409712975
38.0,Female,Single,Post Graduate,68100.0,Private,16.0,MNC,Own,0.0,2,1,0.0,0.0,4600.0,13200.0,6900.0,No,0.0,795.0,90300.0,49700.0,Vehicle EMI,333000.0,35,Eligible,20832.0,24700.0,43400.0,0.3627019089520896,0.0,0.0,2.0558002936555684,2.012145748906391,0.4074889867836423,9514.285442448989,21700.0,4.5615616914124475,Excellent,Senior/Veteran,95.06072874453196
38.0,Female,Married,Graduate,77300.0,Private,0.5,Startup,Family,0.0,3,2,0.0,0.0,6400.0,22100.0,8300.0,No,0.0,708.0,346700.0,191600.0,Personal Loan EMI,927000.0,35,Not_Eligible,16200.0,36800.0,40500.0,0.47606727036900304,0.0,0.0,6.963777490207455,5.206521738988953,0.9993531694685216,26485.713528979617,13500.0,1.5291262572238191,Good,Probation/Junior,100.0
48.0,Male,Married,High School,26900.0,Private,5.4,Large Indian,Family,0.0,3,2,0.0,0.0,2300.0,4200.0,2200.0,Yes,4600.0,713.0,118700.0,44300.0,Home Appliances EMI,124000.0,7,Not_Eligible,4760.0,8700.0,13600.0,0.3234200743374193,0.17100371746576193,0.17100371746576193,6.059479553678086,3.330827067418735,0.3841387856245844,17714.28318367383,4533.333333333333,0.7677420451179501,Good,Established,100.0
27.0,Male,Single,Professional,38900.0,Private,1.9,MNC,Rented,8000.0,2,1,4500.0,0.0,4300.0,8900.0,7300.0,No,0.0,819.0,103900.0,56200.0,E-commerce Shopping EMI,80000.0,16,Not_Eligible,3540.0,33000.0,5900.0,0.8483290488213797,0.20565552698700115,0.0,4.1156812338273605,1.703030302978696,0.17137960582653947,4999.999687500019,2950.0,1.1800000735140002,Excellent,Moderate,73.6488276091831
32.0,Female,Married,Post Graduate,63900.0,Self-employed,0.5,Startup,Rented,18200.0,2,1,0.0,0.0,6400.0,16900.0,10700.0,Yes,14300.0,726.0,342200.0,135200.0,Personal Loan EMI,358000.0,39,Not_Eligible,500.0,52200.0,-2600.0,0.8169014084379201,0.5086071987400844,0.22378716744563712,7.471048513185116,2.033082706736345,0.46687532602964676,9179.48694411572,-1300.0,-0.28324023069540116,Good,Probation/Junior,45.21079694684221
27.0,Male,Single,Graduate,47700.0,Private,0.9,Large Indian,Rented,12900.0,2,1,6600.0,19300.0,4700.0,8200.0,6800.0,No,0.0,678.0,266900.0,71700.0,Vehicle EMI,362000.0,43,Not_Eligible,500.0,58500.0,-10800.0,1.2264150943139116,0.2704402515666574,0.0,7.098532494610094,1.2256410256200745,0.6324248777067917,8418.604455381292,-5400.0,-1.2828729578586642,Fair,Probation/Junior,16.014997582987448
38.0,Female,Married,High School,35900.0,Government,2.5,Mid-size,Rented,11400.0,5,4,8500.0,0.0,2100.0,10600.0,4800.0,No,0.0,762.0,219300.0,113400.0,E-commerce Shopping EMI,99000.0,12,Not_Eligible,500.0,37400.0,-1500.0,1.041782729775995,0.31754874650926046,0.0,9.267409470493943,3.0320855614162543,0.22980501392704317,8249.999312500058,-300.0,-0.18181819694765836,Excellent,Moderate,39.65738161792041
32.0,Male,Married,Post Graduate,37200.0,Government,10.0,Small,Rented,10600.0,5,4,6000.0,23700.0,5300.0,7500.0,3100.0,No,0.0,824.0,241700.0,121800.0,Personal Loan EMI,726000.0,27,Not_Eligible,500.0,56200.0,-19000.0,1.5107526881314313,0.28494623655147994,0.0,9.77150537608141,2.167259786438305,1.6263440860178622,26888.88789300415,-3800.0,-0.7066115963924539,Excellent,Senior/Veteran,5.0
38.0,Male,Married,Graduate,26700.0,Government,16.0,Mid-size,Rented,9000.0,2,1,6700.0,0.0,3400.0,7300.0,3400.0,Yes,7800.0,782.0,43900.0,8900.0,Education EMI,222000.0,26,Not_Eligible,500.0,29800.0,-10900.0,1.116104868872056,0.6292134831225014,0.2921348314497328,1.9775280898135756,0.2367021276532792,0.6928838951289236,8538.461210059184,-5450.0,-1.2765766255261668,Excellent,Senior/Veteran,5.0
27.0,Female,Single,Graduate,26200.0,Private,2.6,Large Indian,Family,0.0,2,1,4000.0,0.0,2200.0,5900.0,1400.0,No,0.0,724.0,200200.0,63400.0,Education EMI,241000.0,22,Not_Eligible,6985.0,13500.0,12700.0,0.5152671755528524,0.0,0.0,10.061068701906066,4.6962962959484225,0.7665394402011242,10954.544956611593,6350.0,1.1593361521763261,Good,Moderate,100.0
27.0,Male,Single,Graduate,43300.0,Private,2.2,Large Indian,Own,0.0,2,1,4700.0,17500.0,2200.0,10900.0,5400.0,Yes,12900.0,619.0,37500.0,13800.0,E-commerce Shopping EMI,78000.0,16,Not_Eligible,500.0,40700.0,-10300.0,0.9399538106018487,0.29792147805316577,0.29792147805316577,1.1847575057463104,0.25746268656236077,0.15011547344081963,4874.999695312519,-5150.0,-2.1128206444383957,Poor,Moderate,34.09100858466391
32.0,Female,Married,Graduate,18000.0,Government,3.4,MNC,Rented,2700.0,3,2,11100.0,0.0,2300.0,3600.0,3000.0,No,0.0,823.0,34000.0,13300.0,Education EMI,372000.0,35,Not_Eligible,500.0,22700.0,-4700.0,1.2611111110410493,0.14999999999166666,0.0,2.62777777763179,0.5859030836746298,1.722222222214249,10628.571124897968,-1566.6666666666667,-0.44220431366807217,Excellent,Established,10.040626535089203
27.0,Male,Single,Graduate,62100.0,Government,1.1,MNC,Family,0.0,2,1,0.0,0.0,4600.0,11600.0,12000.0,Yes,13700.0,711.0,304600.0,95600.0,Vehicle EMI,1199000.0,82,Not_Eligible,7070.0,28200.0,20200.0,0.4541062801859242,0.22061191626053764,0.22061191626053764,6.444444444340669,2.281622911640057,1.6089640364981093,14621.95104119572,10100.0,1.3814845872282886,Good,Moderate,96.40811455820028
32.0,Male,Single,High School,30300.0,Private,0.5,MNC,Own,0.0,3,2,10900.0,0.0,3000.0,5700.0,2600.0,No,0.0,605.0,19500.0,8100.0,Vehicle EMI,503000.0,26,Not_Eligible,2073.6,22200.0,8100.0,0.732673267302552,0.0,0.0,0.9108910890788484,0.3648648648484295,1.3833883388300787,19346.153102071035,2700.0,0.4186878888451573,Poor,Probation/Junior,76.21046294003798
27.0,Female,Single,High School,35900.0,Private,5.0,Mid-size,Rented,6500.0,1,0,0.0,0.0,4800.0,9900.0,3300.0,Yes,9100.0,706.0,72700.0,21200.0,E-commerce Shopping EMI,122000.0,15,Not_Eligible,805.0,24500.0,2300.0,0.6824512534628844,0.43454038996004063,0.25348189414335703,2.6155988857210137,0.6309523809336026,0.2831940575666593,8133.332791111147,2300.0,0.28278690406359175,Good,Established,79.14083433043442
38.0,Female,Married,Post Graduate,72500.0,Private,4.0,Startup,Rented,24500.0,3,2,10500.0,12000.0,6600.0,17700.0,11200.0,Yes,16400.0,701.0,425800.0,224000.0,Vehicle EMI,1411000.0,78,Not_Eligible,500.0,82500.0,-26400.0,1.1379310344670632,0.5641379310267016,0.22620689654860407,8.962758620566031,2.2649140545777056,1.621839080457906,18089.743357823805,-8800.0,-1.459390521818687,Good,Established,16.800432343654357
48.0,Female,Married,Post Graduate,112500.0,Private,3.9,MNC,Own,0.0,3,2,9800.0,0.0,14600.0,26200.0,9200.0,Yes,14400.0,681.0,304900.0,160600.0,Education EMI,344000.0,18,Not_Eligible,13405.0,59800.0,38300.0,0.5315555555508307,0.12799999999886222,0.12799999999886222,4.137777777740998,2.1644204851460325,0.2548148148146261,19111.110049382773,12766.666666666666,2.0040698786742057,Fair,Established,95.82210242573017
38.0,Male,Married,Post Graduate,19500.0,Private,7.9,MNC,Rented,5500.0,4,3,11200.0,0.0,2900.0,5400.0,3600.0,No,0.0,638.0,69700.0,34900.0,Home Appliances EMI,150000.0,32,Not_Eligible,500.0,28600.0,-9100.0,1.466666666591453,0.2820512820368179,0.0,5.3641025638274815,1.2202797202370532,0.6410256410229016,4687.49985351563,-2275.0,-1.9413333935858486,Poor,Senior/Veteran,5.0
32.0,Male,Single,Graduate,102000.0,Government,0.5,Mid-size,Family,0.0,1,0,0.0,0.0,9600.0,17100.0,12700.0,No,0.0,642.0,655100.0,343700.0,Home Appliances EMI,184000.0,35,Eligible,27544.0,39400.0,62600.0,0.3862745098001346,0.0,0.0,9.792156862649097,8.723350253585702,0.1503267973854981,5257.14270693878,62600.0,11.90760903360453,Poor,Probation/Junior,100.0
48.0,Male,Married,High School,49200.0,Private,17.5,Mid-size,Own,0.0,3,2,12200.0,0.0,6400.0,11200.0,6600.0,No,0.0,729.0,366700.0,120600.0,Vehicle EMI,940000.0,62,Not_Eligible,7040.0,36400.0,12800.0,0.7398373983589464,0.0,0.0,9.904471544514136,3.3131868130957915,1.5921409214065174,15161.290078043708,4266.666666666667,0.8442553327102725,Good,Senior/Veteran,88.81300813128429
48.0,Male,Married,Post Graduate,163000.0,Private,3.5,MNC,Family,0.0,2,1,0.0,0.0,8300.0,36300.0,24400.0,No,0.0,748.0,683700.0,171400.0,Home Appliances EMI,26000.0,6,Eligible,47000.0,69000.0,94000.0,0.4233128834329858,0.0,0.0,5.2460122699064655,2.4840579709784922,0.013292433537825514,4333.332611111231,47000.0,21.692311302686388,Good,Established,97.42028985489246
38.0,Male,Married,High School,44100.0,Private,2.8,Large Indian,Family,0.0,4,3,0.0,17400.0,6000.0,9000.0,6400.0,Yes,6700.0,600.0,196000.0,15500.0,E-commerce Shopping EMI,70000.0,14,Not_Eligible,500.0,38800.0,-1400.0,0.8798185940843578,0.1519274376382783,0.1519274376382783,4.795918367238188,0.34065934065185366,0.13227513227488233,4999.9996428571685,-350.0,-0.280000019944,Poor,Moderate,39.31780917651065
32.0,Male,Single,Post Graduate,72400.0,Private,3.0,Mid-size,Rented,20300.0,2,1,4900.0,12500.0,9700.0,16300.0,14100.0,No,0.0,727.0,38900.0,20100.0,Vehicle EMI,763000.0,57,Not_Eligible,500.0,77800.0,-5400.0,1.0745856353442738,0.280386740327619,0.0,0.8149171270605675,0.25835475578074096,0.8782228360947534,13385.964677439217,-2700.0,-0.4034076086199289,Good,Established,23.3249229513618
48.0,Male,Married,Graduate,28800.0,Self-employed,10.8,Mid-size,Rented,8700.0,3,2,10500.0,0.0,2700.0,5000.0,3000.0,No,0.0,764.0,192000.0,109900.0,Personal Loan EMI,211000.0,31,Not_Eligible,500.0,29900.0,-1100.0,1.038194444408396,0.3020833333228443,0.0,10.482638888524908,3.6755852841580072,0.6105324074056409,6806.451393340278,-366.6666666666667,-0.16161137959710922,Excellent,Senior/Veteran,39.94444444732832
48.0,Male,Married,Graduate,50500.0,Private,8.8,Mid-size,Rented,15500.0,3,2,14200.0,0.0,5300.0,9900.0,9500.0,Yes,6400.0,900.0,359700.0,173100.0,Education EMI,130000.0,29,Not_Eligible,500.0,54400.0,-10300.0,1.077227722750946,0.43366336632804625,0.12673267326481719,10.55049504929603,2.847039473637384,0.2145214521448605,4482.758466111777,-3433.3333333333335,-2.2976923864105143,Excellent,Senior/Veteran,33.70054390514801
32.0,Male,Married,Graduate,36600.0,Government,1.1,Mid-size,Rented,5500.0,3,2,8100.0,0.0,4900.0,7400.0,7000.0,No,0.0,740.0,281900.0,68700.0,Personal Loan EMI,420000.0,20,Not_Eligible,2035.0,32900.0,3700.0,0.8989071038005763,0.15027322403961002,0.0,9.579234972415868,2.0881458965930655,0.9562841530032872,20999.998950000052,1233.3333333333333,0.17619048499160997,Good,Moderate,71.52816117891922
32.0,Female,Single,Graduate,37300.0,Private,0.8,Small,Own,0.0,2,1,2600.0,18800.0,5100.0,8300.0,3500.0,No,0.0,705.0,272300.0,127800.0,Vehicle EMI,1107000.0,27,Not_Eligible,500.0,38300.0,-1000.0,1.0268096514470024,0.0,0.0,10.726541554672211,3.3368146213227985,2.473190348519944,40999.99848148154,-500.0,-0.024390244805186506,Good,Probation/Junior,40.85522788423981
48.0,Male,Married,Graduate,46300.0,Private,6.5,Large Indian,Rented,13400.0,3,2,0.0,13400.0,3500.0,13100.0,8700.0,Yes,13800.0,644.0,34800.0,10800.0,Personal Loan EMI,902000.0,15,Not_Eligible,500.0,52100.0,-19600.0,1.125269978377424,0.5874730021471388,0.2980561555011219,0.984881209481968,0.16388467374561633,1.6234701223872867,60133.32932444471,-6533.333333333333,-0.32594237205666393,Poor,Established,5.674714948234438
58.0,Male,Married,Graduate,83400.0,Private,7.3,MNC,Own,0.0,4,3,13700.0,0.0,9900.0,17300.0,15300.0,Yes,22200.0,756.0,336700.0,183100.0,Personal Loan EMI,574000.0,58,Not_Eligible,2100.0,56200.0,5000.0,0.6738609112629034,0.26618705035652057,0.26618705035652057,6.232613908798171,2.3354591836436804,0.5735411670657738,9896.551553507732,1250.0,0.5052264894959876,Excellent,Senior/Veteran,90.76842301718614
48.0,Male,Married,Graduate,31600.0,Self-employed,8.1,Mid-size,Own,0.0,2,1,7300.0,0.0,2400.0,9100.0,6300.0,No,0.0,700.0,91800.0,22300.0,E-commerce Shopping EMI,115000.0,10,Not_Eligible,2925.0,25100.0,6500.0,0.7943037974432182,0.0,0.0,3.6107594935566216,0.888446215104046,0.30327004219329307,11499.998850000116,3250.0,0.5652174477769375,Good,Senior/Veteran,73.89792728006276
48.0,Male,Married,High School,58600.0,Government,1.7,Large Indian,Family,0.0,3,2,2600.0,0.0,5700.0,10900.0,9500.0,No,0.0,680.0,226000.0,83400.0,Vehicle EMI,745000.0,32,Not_Eligible,14950.0,28700.0,29900.0,0.48976109214181296,0.0,0.0,5.279863481138569,2.9059233448464834,1.0594425483488916,23281.249272460962,9966.666666666666,1.2842953420924865,Fair,Moderate,99.52961672423241
48.0,Male,Married,Post Graduate,45600.0,Private,2.3,MNC,Rented,10400.0,2,1,12600.0,0.0,6600.0,8700.0,8200.0,No,0.0,578.0,341500.0,127300.0,Vehicle EMI,1401000.0,21,Not_Eligible,500.0,46500.0,-900.0,1.0197368420829005,0.22807017543359495,0.0,10.28070175416051,2.7376344085432764,2.5603070175391807,66714.28253741511,-450.0,-0.013490364667892009,Poor,Moderate,40.10922467608435
32.0,Female,Married,Post Graduate,52500.0,Private,0.5,Startup,Own,0.0,3,2,0.0,17100.0,3800.0,9100.0,7200.0,No,0.0,734.0,359800.0,168100.0,Education EMI,155000.0,17,Not_Eligible,6732.0,37200.0,15300.0,0.708571428557932,0.0,0.0,10.055238095046567,4.5188172041796015,0.2460317460313555,9117.64652249138,5100.0,1.6780646146546638,Good,Probation/Junior,91.31428571536544
38.0,Female,Married,Graduate,32000.0,Private,0.5,Large Indian,Rented,5600.0,4,3,0.0,16400.0,2300.0,5400.0,3700.0,No,0.0,777.0,184800.0,44500.0,E-commerce Shopping EMI,96000.0,19,Not_Eligible,500.0,33400.0,-1400.0,1.0437499999673827,0.17499999999453125,0.0,7.165624999776074,1.332335329301427,0.24999999999934897,5052.631313019404,-350.0,-0.27708334786182726,Excellent,Probation/Junior,31.161676649116515
27.0,Female,Married,Graduate,47100.0,Private,0.8,Mid-size,Rented,16000.0,4,3,13800.0,0.0,2700.0,13700.0,7900.0,Yes,6800.0,726.0,109900.0,34600.0,Personal Loan EMI,776000.0,33,Not_Eligible,500.0,54100.0,-13800.0,1.1486199575127682,0.4840764331107415,0.14437367303302817,3.0679405519518483,0.5681444991696528,1.372965322007479,23515.15080257119,-3450.0,-0.5868556878616414,Good,Probation/Junior,13.065775577074902
32.0,Male,Married,Graduate,61700.0,Private,7.2,Mid-size,Rented,11000.0,3,2,5900.0,13200.0,8600.0,12400.0,9100.0,No,0.0,722.0,212300.0,118100.0,Personal Loan EMI,832000.0,28,Not_Eligible,750.0,60200.0,1500.0,0.9756888168399402,0.17828200972158376,0.0,5.354943273819207,1.961794019900967,1.1237169097769804,29714.284653061262,500.0,0.050480771031954974,Good,Senior/Veteran,64.75386475230961
38.0,Male,Married,Post Graduate,27400.0,Private,14.1,Large Indian,Own,0.0,3,2,11400.0,7000.0,2100.0,4200.0,1500.0,Yes,4000.0,676.0,31100.0,9600.0,Personal Loan EMI,644000.0,51,Not_Eligible,500.0,26200.0,-2800.0,0.9562043795271458,0.14598540145452607,0.14598540145452607,1.4854014597998029,0.3178807946914609,1.9586374695804176,12627.450732795085,-933.3333333333334,-0.22173913476504858,Fair,Senior/Veteran,33.093053611285654
38.0,Male,Married,Graduate,49500.0,Private,0.5,MNC,Rented,13000.0,3,2,0.0,0.0,2500.0,7600.0,3800.0,No,0.0,635.0,254400.0,94200.0,Vehicle EMI,1332000.0,73,Not_Eligible,7232.0,26900.0,22600.0,0.5434343434233649,0.26262626262095706,0.0,7.042424242281971,3.5018587359292987,2.2424242424204675,18246.57509251267,7533.333333333333,1.238588605487675,Poor,Probation/Junior,100.0
32.0,Male,Single,Post Graduate,70200.0,Private,8.5,Mid-size,Own,0.0,1,0,0.0,0.0,5700.0,12000.0,10600.0,Yes,7600.0,730.0,229500.0,55200.0,Vehicle EMI,339000.0,33,High_Risk,12005.0,28300.0,34300.0,0.4031339031281605,0.10826210826056608,0.10826210826056608,4.055555555497785,1.5376044567816822,0.4024216524211747,10272.726961432518,34300.0,3.338938153952256,Good,Senior/Veteran,92.68802228390841
32.0,Female,Married,Graduate,19200.0,Private,1.7,MNC,Own,0.0,3,2,7900.0,0.0,2300.0,5100.0,3000.0,No,0.0,746.0,108100.0,30000.0,Education EMI,157000.0,23,Not_Eligible,500.0,18300.0,900.0,0.953124999950358,0.0,0.0,7.192708332958713,1.6393442622055003,0.6814236111081535,6826.086659735362,300.0,0.13184713947113066,Good,Moderate,64.94672131499885
38.0,Female,Married,Graduate,15000.0,Private,16.0,MNC,Rented,4400.0,5,4,0.0,18700.0,1600.0,2700.0,2000.0,No,0.0,747.0,48400.0,11200.0,Vehicle EMI,799000.0,16,Not_Eligible,500.0,29400.0,-14400.0,1.9599999998693334,0.29333333331377776,0.0,3.973333333068444,0.3809523809394234,4.438888888864228,49937.496878906444,-2880.0,-0.28836046857995773,Good,Senior/Veteran,5.0
32.0,Male,Married,Professional,66500.0,Government,0.5,Large Indian,Own,0.0,5,4,0.0,18800.0,6200.0,11300.0,10300.0,Yes,13300.0,692.0,89200.0,29300.0,Home Appliances EMI,139000.0,35,Not_Eligible,1848.0,46600.0,6600.0,0.7007518796887106,0.1999999999969925,0.1999999999969925,1.781954887191249,0.4891485809601144,0.1741854636589296,3971.428457959187,1320.0,1.66187055066068,Fair,Probation/Junior,79.38559252970373
48.0,Male,Married,Graduate,100500.0,Government,2.7,Startup,Own,0.0,4,3,0.0,16500.0,14700.0,16800.0,15200.0,No,0.0,711.0,68700.0,17400.0,Personal Loan EMI,932000.0,50,Not_Eligible,14920.0,63200.0,37300.0,0.6288557213867776,0.0,0.0,0.8567164179019233,0.27531645569184626,0.7728026533990275,18639.99962720001,9325.0,2.0010730012874958,Good,Moderate,84.06812456751703
38.0,Male,Married,Graduate,66900.0,Private,4.8,MNC,Rented,0.0,2,1,0.0,0.0,5200.0,11200.0,3600.0,Yes,10600.0,638.0,99800.0,24600.0,Home Appliances EMI,256000.0,28,Not_Eligible,5040.0,20000.0,36300.0,0.2989536621778931,0.15844544095428334,0.15844544095428334,1.859491778746495,0.803921568601179,0.3188839063274553,9142.856816326543,18150.0,3.9703126413626215,Poor,Established,89.0196078430059
32.0,Female,Married,Post Graduate,68300.0,Self-employed,1.8,Startup,Rented,17800.0,3,2,4800.0,0.0,4500.0,13900.0,3400.0,No,0.0,714.0,482500.0,226400.0,E-commerce Shopping EMI,183000.0,17,Not_Eligible,11830.5,44400.0,23900.0,0.6500732064326491,0.26061493411038633,0.0,10.379209370272633,5.099099098984254,0.22327964860880517,10764.705249134984,7966.666666666667,2.220218709629816,Good,Moderate,95.99414348538807
48.0,Male,Married,Post Graduate,59300.0,Private,2.4,Mid-size,Rented,15000.0,3,2,7800.0,0.0,4100.0,13200.0,8400.0,Yes,7400.0,689.0,125200.0,72600.0,E-commerce Shopping EMI,14000.0,22,Eligible,1190.0,48500.0,3400.0,0.8178752107787879,0.37774030353494537,0.12478920741779445,3.33558178746483,1.2987477638408096,0.019673974142749195,636.3636074380178,1133.3333333333333,5.342857377318367,Fair,Moderate,74.06372195690102
48.0,Female,Married,Professional,75500.0,Private,7.5,Startup,Rented,14100.0,4,3,0.0,0.0,3800.0,13900.0,6100.0,No,0.0,850.0,199100.0,80400.0,Vehicle EMI,200000.0,48,Eligible,22560.0,37900.0,37600.0,0.5019867549602386,0.18675496688494367,0.0,3.7019867549178547,2.1213720316062963,0.22075055187613604,4166.666579861113,9400.0,9.02400018583424,Excellent,Senior/Veteran,95.60686015803148
58.0,Male,Married,Post Graduate,78600.0,Self-employed,34.6,MNC,Own,0.0,4,3,0.0,18700.0,11300.0,18600.0,8500.0,No,0.0,741.0,219500.0,52000.0,Vehicle EMI,247000.0,12,Not_Eligible,9675.0,57100.0,21500.0,0.7264631043164573,0.0,0.0,3.4541984732384967,0.9106830122432454,0.2618744698894594,20583.3316180557,5375.0,1.0445344999492532,Good,Senior/Veteran,79.43636671589964
32.0,Male,Married,High School,40000.0,Government,1.1,Mid-size,Rented,8300.0,2,1,0.0,0.0,5800.0,10800.0,3500.0,No,0.0,760.0,304300.0,67100.0,Home Appliances EMI,262000.0,32,Not_Eligible,7656.0,28400.0,11600.0,0.7099999999822499,0.2074999999948125,0.0,9.284999999767875,2.3626760562548355,0.5458333333321962,8187.499744140634,5800.0,1.4167939372315363,Excellent,Moderate,88.01338028269419
38.0,Female,Married,Post Graduate,64600.0,Self-employed,3.9,Large Indian,Own,0.0,4,3,0.0,16100.0,4900.0,13900.0,3900.0,No,0.0,730.0,178000.0,55000.0,E-commerce Shopping EMI,83000.0,15,Eligible,11610.0,38800.0,25800.0,0.6006191950371421,0.0,0.0,3.6068111454550027,1.417525773159342,0.10706914344671431,5533.332964444469,6450.0,4.6626509124103634,Good,Established,92.03809326282534
48.0,Male,Married,Post Graduate,59800.0,Government,26.0,Startup,Rented,16000.0,3,2,0.0,22000.0,5900.0,10900.0,7700.0,Yes,10700.0,790.0,176700.0,59000.0,Education EMI,114000.0,38,Not_Eligible,500.0,62500.0,-13400.0,1.0451505016547633,0.4464882943069149,0.17892976588329548,3.9414715718404434,0.8060109289507377,0.15886287625395923,2999.999921052634,-4466.666666666667,-4.466666782721637,Excellent,Senior/Veteran,25.163833910888584
38.0,Female,Married,Post Graduate,54200.0,Private,2.7,Mid-size,Rented,17600.0,3,2,6000.0,0.0,5700.0,13200.0,5900.0,No,0.0,659.0,268500.0,99300.0,Vehicle EMI,851000.0,77,Not_Eligible,2900.0,48400.0,5800.0,0.8929889298728231,0.3247232472264811,0.0,6.7859778596533955,2.051652892519594,1.3084255842538308,11051.947908416261,1933.3333333333333,0.5247943663449951,Fair,Moderate,71.81915007277212
32.0,Female,Single,Graduate,27300.0,Private,0.6,MNC,Rented,6900.0,2,1,0.0,17200.0,1900.0,5000.0,3600.0,Yes,6900.0,630.0,215600.0,96500.0,Personal Loan EMI,266000.0,21,Not_Eligible,500.0,34600.0,-14200.0,1.2673992673528425,0.5054945054759892,0.2527472527379946,11.432234431815669,2.3253012047632455,0.8119658119633334,12666.666063492092,-7100.0,-1.1210526848739018,Poor,Probation/Junior,10.849949252269582
27.0,Male,Single,Post Graduate,58800.0,Private,1.6,Startup,Family,0.0,2,1,13100.0,24400.0,6500.0,16400.0,10100.0,Yes,16300.0,603.0,135400.0,57100.0,Vehicle EMI,1386000.0,27,Not_Eligible,500.0,70500.0,-28000.0,1.198979591816344,0.277210884349027,0.277210884349027,3.273809523753847,0.6578341013749098,1.9642857142829304,51333.331432098836,-14000.0,-0.54545456564594,Poor,Moderate,15.370803161567032
27.0,Male,Married,Post Graduate,30900.0,Private,3.3,Large Indian,Rented,7800.0,3,2,0.0,0.0,3400.0,6300.0,2000.0,No,0.0,675.0,210900.0,125400.0,Vehicle EMI,256000.0,17,Not_Eligible,6270.0,19500.0,11400.0,0.6310679611446256,0.25242718445785023,0.0,10.883495145278852,6.430769230439448,0.6903991369992168,15058.822643598667,3800.0,0.7570312944809784,Fair,Established,97.51456310842995
38.0,Male,Married,High School,54100.0,Government,13.0,Large Indian,Family,0.0,3,2,12600.0,24700.0,3900.0,9800.0,9700.0,Yes,7000.0,733.0,309500.0,172200.0,E-commerce Shopping EMI,37000.0,15,Not_Eligible,500.0,60700.0,-13600.0,1.1219963031215896,0.12939001848189668,0.12939001848189668,8.903881700389947,2.5435745937585885,0.056993222427515415,2466.6665022222332,-4533.333333333333,-5.513513878845873,Good,Senior/Veteran,30.958168719065768
32.0,Female,Married,Graduate,40000.0,Private,1.7,Mid-size,Rented,7500.0,5,4,14700.0,0.0,5000.0,6300.0,6400.0,Yes,11700.0,704.0,157500.0,33700.0,E-commerce Shopping EMI,83000.0,18,Not_Eligible,500.0,39900.0,-11600.0,0.9974999999750624,0.47999999998799997,0.2924999999926875,4.7799999998805,0.6531007751811414,0.17291666666630642,4611.110854938285,-2320.0,-2.5156627898158805,Good,Moderate,25.865503878740704
48.0,Male,Married,Graduate,61700.0,Government,10.1,Large Indian,Rented,17200.0,5,4,4300.0,0.0,8800.0,9300.0,7700.0,No,0.0,745.0,265400.0,59700.0,E-commerce Shopping EMI,62000.0,16,Eligible,7920.0,47300.0,14400.0,0.7666126418028102,0.27876823338284007,0.0,5.269043760044262,1.2621564481762757,0.08373851971895767,3874.999757812515,2880.0,3.716129263557128,Good,Senior/Veteran,77.98177089665656
32.0,Male,Married,High School,43700.0,Private,0.5,Large Indian,Family,0.0,3,2,0.0,15200.0,2600.0,8100.0,3100.0,No,0.0,608.0,128900.0,35900.0,Education EMI,404000.0,43,Not_Eligible,4704.0,29000.0,14700.0,0.6636155606255465,0.0,0.0,3.771167047968623,1.2379310344400714,0.7704042715469672,9395.348618712824,4900.0,1.5646039966156484,Poor,Probation/Junior,86.10041032215663
58.0,Male,Married,Post Graduate,104800.0,Private,0.5,Small,Family,0.0,5,4,8200.0,0.0,11700.0,19100.0,10000.0,No,0.0,687.0,111800.0,53700.0,Education EMI,457000.0,15,Not_Eligible,17856.0,49000.0,55800.0,0.46755725190393554,0.0,0.0,1.579198473267374,1.0959183673245732,0.3633905852414413,30466.66463555569,11160.0,1.8315099688676746,Fair,Probation/Junior,90.47959183662286
32.0,Male,Married,Graduate,45200.0,Private,0.9,Large Indian,Own,0.0,3,2,0.0,11600.0,2300.0,11200.0,6700.0,Yes,6200.0,719.0,345500.0,133700.0,Education EMI,276000.0,32,Not_Eligible,2217.6,31800.0,7200.0,0.7035398229932845,0.13716814158988566,0.13716814158988566,10.601769911269873,3.5184210525389887,0.5088495575211858,8624.999730468759,2400.0,0.8347826346858223,Good,Probation/Junior,91.71681416053724
48.0,Male,Married,Post Graduate,75100.0,Private,4.7,MNC,Own,0.0,2,1,0.0,0.0,4900.0,13700.0,14900.0,No,0.0,757.0,57500.0,14500.0,Home Appliances EMI,103000.0,26,Eligible,19968.0,33500.0,41600.0,0.4460719041218899,0.0,0.0,0.9587217043813753,0.4328358208826019,0.11429205503760065,3961.5383091716035,20800.0,10.500971275019172,Excellent,Established,87.16417910441301
27.0,Male,Married,Post Graduate,88900.0,Private,2.6,Large Indian,Rented,26300.0,4,3,0.0,18800.0,9100.0,16500.0,8700.0,No,0.0,767.0,388000.0,183500.0,Vehicle EMI,1451000.0,61,Not_Eligible,5700.0,79400.0,9500.0,0.8931383576952403,0.29583802024414135,0.0,6.428571428499117,2.311083123396586,1.3601424821884514,23786.884855952707,2375.0,0.39937974464206605,Excellent,Moderate,73.1043470013637
32.0,Male,Married,Graduate,28900.0,Self-employed,0.5,Small,Own,0.0,3,2,0.0,20500.0,1700.0,7500.0,4900.0,No,0.0,707.0,212200.0,83800.0,Home Appliances EMI,66000.0,16,Not_Eligible,500.0,34600.0,-5700.0,1.1972318338686079,0.0,0.0,10.24221453251757,2.421965317849076,0.19031141868457233,4124.999742187516,-1900.0,-1.3818182678468318,Good,Probation/Junior,24.33127987975675
38.0,Male,Married,Post Graduate,394646.0,Private,2.2,MNC,Rented,7100.0,4,3,14700.0,0.0,5000.0,8400.0,6000.0,Yes,10800.0,726.0,208900.0,91100.0,Home Appliances EMI,146000.0,26,Not_Eligible,500.0,41200.0,342646.0,0.10439735864520508,0.045357104848280844,0.027366297897286767,0.7601749415912991,1.751923076889386,0.03082931707571874,5615.384399408292,85661.5,61.01915302095549,Good,Moderate,93.75961538444693
32.0,Male,Married,Professional,42400.0,Private,6.3,Mid-size,Family,0.0,3,2,3500.0,23100.0,2800.0,7500.0,3700.0,Yes,6100.0,818.0,295800.0,164100.0,Education EMI,431000.0,24,Not_Eligible,500.0,40600.0,-4300.0,0.9575471697887371,0.14386792452490876,0.14386792452490876,10.846698112951728,3.513918629475077,0.8470911949668886,17958.332585069475,-1433.3333333333333,-0.23944316541590108,Excellent,Established,46.39622641690103
48.0,Male,Married,Post Graduate,37700.0,Private,3.2,MNC,Own,0.0,4,3,0.0,0.0,3500.0,6300.0,3400.0,Yes,10800.0,654.0,233300.0,68400.0,Home Appliances EMI,234000.0,17,Not_Eligible,5274.5,13200.0,13700.0,0.3501326259854076,0.2864721485335153,0.2864721485335153,8.002652519681627,2.8499999998812497,0.5172413793092014,13764.705072664407,3425.0,0.9952992037738458,Fair,Established,99.24999999940624
58.0,Male,Married,Post Graduate,26000.0,Private,0.5,MNC,Own,0.0,3,2,11100.0,0.0,1900.0,5900.0,2000.0,No,0.0,816.0,34600.0,12500.0,Education EMI,432000.0,28,Not_Eligible,1958.4,20900.0,5100.0,0.8038461538152367,0.0,0.0,1.811538461468787,0.5980861243732973,1.3846153846109468,15428.57087755104,1700.0,0.3305555673396862,Excellent,Probation/Junior,71.68273831664754
27.0,Male,Single,Graduate,52500.0,Government,0.5,MNC,Rented,16100.0,1,0,0.0,0.0,6600.0,12700.0,8300.0,No,0.0,804.0,42700.0,13600.0,Personal Loan EMI,223000.0,53,Not_Eligible,4224.0,43700.0,8800.0,0.8323809523650975,0.30666666666082537,0.0,1.072380952360526,0.31121281463818734,0.3539682539676921,4207.54709042364,8800.0,2.091479859592608,Excellent,Probation/Junior,67.96558788398313
48.0,Female,Married,High School,42600.0,Private,1.5,Small,Own,0.0,5,4,14800.0,15700.0,2900.0,9700.0,6500.0,No,0.0,709.0,150500.0,77600.0,Personal Loan EMI,721000.0,21,Not_Eligible,500.0,49600.0,-7000.0,1.1643192487989595,0.0,0.0,5.354460093771022,1.5645161290007155,1.4104068857562393,34333.331698412774,-1400.0,-0.2038835048484306,Good,Moderate,22.677040741086813
38.0,Male,Married,Graduate,15800.0,Self-employed,15.7,Large Indian,Own,0.0,4,3,0.0,0.0,1300.0,3500.0,1700.0,Yes,3100.0,709.0,101400.0,60200.0,Education EMI,78000.0,8,Not_Eligible,2148.3,6500.0,6200.0,0.41139240503725366,0.19620253163315174,0.19620253163315174,10.227848100618491,6.270833332680121,0.41139240506112135,9749.998781250153,1550.0,0.6358975153193951,Good,Senior/Veteran,100.0
32.0,Male,Single,Professional,67100.0,Private,4.0,Mid-size,Own,0.0,2,1,11500.0,9200.0,5100.0,14400.0,8900.0,Yes,6900.0,667.0,243300.0,94300.0,Vehicle EMI,851000.0,78,Not_Eligible,3885.0,49100.0,11100.0,0.7317436661589904,0.10283159463334082,0.10283159463334082,5.031296572205197,1.6839285713985013,1.056880278190441,10910.256270381331,5550.0,1.0173913172980533,Fair,Established,82.88014956427327
38.0,Male,Married,Graduate,30000.0,Private,5.8,Small,Rented,10400.0,2,1,11300.0,0.0,2600.0,7800.0,4500.0,No,0.0,734.0,147800.0,46800.0,Personal Loan EMI,701000.0,30,Not_Eligible,500.0,36600.0,-6600.0,1.2199999999593334,0.3466666666551111,0.0,6.486666666450445,1.278688524555227,1.9472222222168132,23366.665887777803,-3300.0,-0.2824536470635184,Good,Established,16.79344262602946
38.0,Female,Married,Graduate,28700.0,Private,3.0,Mid-size,Rented,8400.0,3,2,4100.0,15600.0,3100.0,6000.0,3900.0,No,0.0,648.0,195100.0,98400.0,Vehicle EMI,963000.0,60,Not_Eligible,500.0,41100.0,-12400.0,1.4320557490790224,0.29268292681907027,0.0,10.22648083588061,2.394160583883354,2.7961672473786408,16049.999732500006,-4133.333333333333,-0.772585682610223,Poor,Established,5.406342993094967
48.0,Male,Married,Post Graduate,21400.0,Private,12.6,Large Indian,Rented,5000.0,4,3,0.0,8700.0,3000.0,3700.0,2400.0,Yes,5800.0,706.0,44800.0,9100.0,E-commerce Shopping EMI,72000.0,17,Not_Eligible,500.0,22800.0,-7200.0,1.0654205606978775,0.5046728971726788,0.27102803737051273,2.518691588667351,0.31818181817069296,0.2803738317746091,4235.293868512125,-1800.0,-1.7000000995986109,Good,Senior/Veteran,17.03016143293575
32.0,Male,Married,Professional,34600.0,Private,4.1,Mid-size,Family,0.0,3,2,4700.0,0.0,2700.0,6600.0,5500.0,No,0.0,737.0,47900.0,28100.0,Education EMI,61000.0,17,Eligible,6040.0,19500.0,15100.0,0.5635838150126132,0.0,0.0,2.196531791844031,1.4410256409517423,0.14691714836188122,3588.235083044995,5033.333333333333,4.208196967679683,Good,Established,92.20512820475871
38.0,Female,Married,Post Graduate,31100.0,Private,3.7,Large Indian,Own,0.0,4,3,8300.0,23200.0,1800.0,5400.0,3500.0,No,0.0,647.0,181700.0,69500.0,Personal Loan EMI,86000.0,29,Not_Eligible,500.0,42200.0,-11100.0,1.356913183236112,0.0,0.0,8.077170417746714,1.6469194312405944,0.2304394426574747,2965.5171391200984,-2775.0,-3.743023383621539,Poor,Established,7.681542497314005
32.0,Female,Married,Graduate,65100.0,Private,4.7,Large Indian,Rented,21700.0,3,2,11200.0,0.0,5000.0,14000.0,5500.0,No,0.0,716.0,133000.0,60200.0,Education EMI,404000.0,11,Not_Eligible,3850.0,57400.0,7700.0,0.8817204300939828,0.333333333328213,0.0,2.9677419354382835,1.0487804877866067,0.5171530977975971,36727.26938843006,2566.6666666666665,0.20965348440023218,Good,Established,67.70626803141441
48.0,Male,Married,High School,69600.0,Self-employed,1.5,Large Indian,Rented,15200.0,2,1,0.0,0.0,9100.0,16200.0,7600.0,No,0.0,711.0,508600.0,247700.0,Home Appliances EMI,199000.0,36,Eligible,10642.5,48100.0,21500.0,0.6910919540130591,0.21839080459456336,0.0,10.866379310188703,5.149688149581087,0.23826628352461893,5527.7776242284,10750.0,3.889447343517486,Good,Moderate,92.71264367895527
38.0,Female,Married,Graduate,91200.0,Private,4.5,Startup,Rented,25200.0,4,3,0.0,0.0,13100.0,24600.0,15200.0,No,0.0,693.0,356100.0,180300.0,Home Appliances EMI,222000.0,25,Not_Eligible,6550.0,78100.0,13100.0,0.8563596491134172,0.27631578947065444,0.0,5.881578947303931,2.3085787451689046,0.2028508771927971,8879.999644800015,3275.0,1.475225284068105,Fair,Established,76.03412179677115
48.0,Male,Married,High School,25600.0,Private,6.4,Large Indian,Rented,5100.0,3,2,0.0,0.0,1400.0,7100.0,2700.0,No,0.0,618.0,186500.0,89600.0,E-commerce Shopping EMI,120000.0,18,Not_Eligible,4092.0,16300.0,9300.0,0.6367187499751281,0.199218749992218,0.0,10.785156249578705,5.496932515000188,0.3906249999987284,6666.666296296316,3100.0,1.39500007729075,Poor,Established,97.06250000198975
58.0,Female,Married,Graduate,68400.0,Private,7.2,Large Indian,Rented,16600.0,2,1,0.0,0.0,7900.0,20500.0,8000.0,No,0.0,683.0,357500.0,144200.0,Education EMI,184000.0,17,Not_Eligible,7700.0,53000.0,15400.0,0.7748538011582624,0.2426900584759841,0.0,7.334795321530194,2.720754716929797,0.22417153996074052,10823.528775086543,7700.0,1.422826170520717,Fair,Senior/Veteran,84.615469491988
38.0,Female,Married,Post Graduate,101100.0,Private,8.0,Startup,Rented,17100.0,4,3,0.0,0.0,14200.0,17500.0,16900.0,No,0.0,300.0,465300.0,201400.0,E-commerce Shopping EMI,116000.0,23,Eligible,21240.0,65700.0,35400.0,0.64985163204105,0.16913946587369794,0.0,6.594460929707275,3.065449010607832,0.09561490273648564,5043.478041587911,8850.0,7.018965821022101,Poor,Senior/Veteran,96.011869436716
38.0,Male,Married,Post Graduate,137000.0,Private,2.6,Mid-size,Own,0.0,3,2,0.0,0.0,19800.0,29800.0,13400.0,No,0.0,711.0,799300.0,172300.0,Education EMI,386000.0,9,Not_Eligible,37000.0,63000.0,74000.0,0.45985401459518355,0.0,0.0,7.091970802867942,2.7349206348772235,0.23479318734778906,42888.88412345733,24666.666666666668,1.7253887927058844,Good,Moderate,98.67460317438612
58.0,Male,Married,Graduate,90400.0,Self-employed,5.6,Startup,Own,0.0,4,3,2200.0,0.0,12100.0,18600.0,8200.0,No,0.0,758.0,59100.0,26800.0,Home Appliances EMI,180000.0,27,Eligible,21297.6,41100.0,49300.0,0.4546460176940858,0.0,0.0,0.9502212389275418,0.6520681265048158,0.16592920353967006,6666.666419753095,12325.0,7.3950002727796385,Excellent,Established,88.26034063252408
38.0,Female,Married,Graduate,82800.0,Government,7.5,Mid-size,Rented,27100.0,3,2,9100.0,0.0,10500.0,14300.0,6900.0,No,0.0,807.0,55100.0,14500.0,Vehicle EMI,1223000.0,35,Not_Eligible,7867.2,67900.0,14900.0,0.8200483091688401,0.32729468598638534,0.0,0.8405797101347757,0.21354933725753245,1.2308776167459432,34942.85614448983,4966.666666666667,0.42641047823800127,Excellent,Senior/Veteran,68.46388195278045
27.0,Female,Married,Post Graduate,33500.0,Private,2.1,Large Indian,Rented,8200.0,3,2,5000.0,9100.0,4400.0,7100.0,2400.0,Yes,6100.0,583.0,251200.0,115500.0,Vehicle EMI,614000.0,75,Not_Eligible,500.0,36200.0,-8800.0,1.0805970148931165,0.42686567162904876,0.18208955223337045,10.946268656389664,2.7304964538361585,1.5273631840758026,8186.666557511113,-2933.3333333333335,-1.0749185809761908,Poor,Moderate,33.32412406369806
38.0,Male,Married,Post Graduate,86200.0,Self-employed,9.3,Small,Rented,28500.0,4,3,0.0,22200.0,5700.0,24200.0,6400.0,Yes,17500.0,701.0,112300.0,30900.0,Education EMI,58000.0,28,Not_Eligible,500.0,87000.0,-18300.0,1.0092807424476882,0.5336426914091226,0.20301624129694879,1.6612529002127465,0.29569377990147666,0.05607115235880117,2071.428497448982,-4575.0,-8.83448306987301,Good,Senior/Veteran,19.381021105053755
38.0,Female,Married,Post Graduate,27900.0,Private,3.9,Large Indian,Rented,8900.0,4,3,0.0,0.0,3500.0,6300.0,3800.0,No,0.0,694.0,35500.0,9800.0,Personal Loan EMI,230000.0,42,Not_Eligible,2160.0,22500.0,5400.0,0.8064516128743208,0.31899641575917576,0.0,1.623655913920299,0.4355555555361975,0.6869772998784738,5476.190345804992,1350.0,0.9860869798199319,Fair,Established,70.66164874773533
38.0,Male,Married,Graduate,51700.0,Private,3.0,Large Indian,Rented,16500.0,3,2,0.0,0.0,6000.0,12000.0,5900.0,No,0.0,632.0,201100.0,103800.0,Personal Loan EMI,135000.0,55,High_Risk,4520.0,40400.0,11300.0,0.7814313346077093,0.31914893616403966,0.0,5.897485493116103,2.5693069306294727,0.21760154738843068,2454.545409917356,3766.6666666666665,4.603703785531825,Poor,Established,83.33202788453062
27.0,Male,Married,Post Graduate,100200.0,Government,1.3,Large Indian,Family,0.0,4,3,14400.0,0.0,10000.0,15200.0,8100.0,No,0.0,756.0,454900.0,151300.0,Vehicle EMI,921000.0,40,High_Risk,31500.0,47700.0,52500.0,0.4760479041868658,0.0,0.0,6.049900199540421,3.1719077567469203,0.7659680638716184,23024.999424375015,13125.0,2.2801303500638377,Excellent,Moderate,100.0
38.0,Male,Married,Graduate,22000.0,Private,0.5,Startup,Own,0.0,3,2,0.0,0.0,3300.0,4500.0,1500.0,Yes,5900.0,776.0,107800.0,50100.0,Vehicle EMI,1032000.0,32,Not_Eligible,2284.8,9300.0,6800.0,0.4227272727080578,0.2681818181696281,0.2681818181696281,7.177272726946487,3.2960526313621017,3.909090909076102,32249.998992187535,2266.6666666666665,0.21085271976090378,Excellent,Probation/Junior,100.0
48.0,Male,Married,Graduate,68000.0,Private,13.8,Large Indian,Own,0.0,5,4,10400.0,0.0,8800.0,11000.0,4200.0,No,0.0,845.0,520700.0,258300.0,Home Appliances EMI,41000.0,29,Eligible,22176.0,34400.0,33600.0,0.5058823529337371,0.0,0.0,11.45588235277271,7.508720930014281,0.05024509803915411,1413.7930546967912,6720.0,23.765854461238785,Excellent,Senior/Veteran,100.0
48.0,Male,Married,High School,44500.0,Private,10.8,Startup,Rented,9600.0,4,3,0.0,0.0,4300.0,10200.0,8500.0,No,0.0,692.0,121700.0,58600.0,Education EMI,137000.0,22,Not_Eligible,5950.0,32600.0,11900.0,0.7325842696464587,0.21573033707380382,0.0,4.051685393167378,1.7975460122147993,0.25655430711562444,6227.272444214888,2975.0,1.9109489916639353,Fair,Senior/Veteran,83.38098848935729
58.0,Female,Married,Graduate,77700.0,Private,5.4,Startup,Own,0.0,4,3,6400.0,5000.0,11000.0,13000.0,6100.0,No,0.0,780.0,392700.0,119400.0,Home Appliances EMI,225000.0,7,Not_Eligible,21720.0,41500.0,36200.0,0.5341055340986602,0.0,0.0,6.590733590648768,2.8771084336656116,0.2413127413124825,32142.852551021064,9050.0,1.1262223830760731,Excellent,Established,99.38554216832806
58.0,Male,Married,Graduate,49000.0,Self-employed,18.9,Large Indian,Own,0.0,4,3,2200.0,0.0,5100.0,10500.0,4100.0,Yes,11800.0,300.0,111400.0,26000.0,Home Appliances EMI,240000.0,32,Not_Eligible,3855.6,21900.0,15300.0,0.44693877550108285,0.24081632652569762,0.24081632652569762,2.804081632595835,0.7715133530928334,0.4081632653054283,7499.999765625008,3825.0,2.040000063478,Poor,Senior/Veteran,88.85756676546417
38.0,Male,Married,Post Graduate,170400.0,Self-employed,16.0,MNC,Rented,29900.0,4,3,5300.0,0.0,13800.0,32600.0,13700.0,No,0.0,824.0,1100000.0,481000.0,E-commerce Shopping EMI,192000.0,15,Eligible,44609.4,95300.0,75100.0,0.5592723004662015,0.17546948356704536,0.0,9.278169014030057,5.047219307397197,0.09389671361497755,12799.999146666723,18775.0,5.867187890687459,Excellent,Senior/Veteran,100.0
32.0,Male,Married,Professional,105400.0,Private,0.5,Large Indian,Rented,19800.0,3,2,0.0,9900.0,8300.0,28500.0,15600.0,Yes,14800.0,615.0,669100.0,371500.0,Home Appliances EMI,70000.0,25,Not_Eligible,2094.4,82100.0,8500.0,0.7789373813967844,0.32827324477866915,0.14041745730417063,9.872865275048644,3.8338493291658016,0.05534471853253056,2799.9998880000044,2833.3333333333335,3.035714406058674,Poor,Probation/Junior,85.68500948825725
38.0,Female,Married,Graduate,55200.0,Private,8.3,Large Indian,Family,0.0,3,2,4400.0,0.0,3500.0,16400.0,3600.0,No,0.0,693.0,383100.0,199800.0,Home Appliances EMI,179000.0,24,Eligible,15015.0,27900.0,27300.0,0.5054347825995392,0.0,0.0,10.559782608504351,7.161290322323968,0.27022946859862584,7458.333022569457,9100.0,3.6603353475539215,Fair,Senior/Veteran,100.0
32.0,Male,Married,Graduate,57200.0,Private,4.8,Mid-size,Family,0.0,3,2,0.0,0.0,3300.0,9900.0,4100.0,No,0.0,628.0,150100.0,80800.0,Vehicle EMI,603000.0,28,Not_Eligible,15960.0,17300.0,39900.0,0.3024475524422649,0.0,0.0,4.036713286642715,4.6705202309439,0.8784965034952237,21535.713516581658,13300.0,1.8527363844910838,Poor,Established,100.0
58.0,Female,Married,Graduate,62600.0,Private,27.3,Mid-size,Rented,14900.0,2,1,13600.0,14300.0,8600.0,13600.0,6000.0,No,0.0,682.0,491800.0,163700.0,Education EMI,242000.0,34,Not_Eligible,500.0,71000.0,-8400.0,1.134185303496259,0.23801916932527126,0.0,10.471246006222504,2.305633802784428,0.3221512247067064,7117.646849480975,-4200.0,-1.1801653238011338,Fair,Senior/Veteran,28.793344734221414
38.0,Female,Married,Professional,54000.0,Government,0.9,Large Indian,Rented,9400.0,4,3,8000.0,0.0,4000.0,13300.0,3800.0,Yes,11500.0,697.0,218000.0,93300.0,Home Appliances EMI,111000.0,33,Not_Eligible,1400.0,38500.0,4000.0,0.7129629629497599,0.3870370370298697,0.2129629629590192,5.764814814708059,1.86599999996268,0.17129629629603194,3363.636261707992,1000.0,1.1891892248716824,Fair,Probation/Junior,85.2929629638326
58.0,Male,Married,Post Graduate,93700.0,Private,1.5,Mid-size,Own,0.0,3,2,9500.0,0.0,8000.0,24500.0,9500.0,No,0.0,649.0,158100.0,68500.0,E-commerce Shopping EMI,40000.0,11,Eligible,13504.0,51500.0,42200.0,0.5496264674434406,0.0,0.0,2.4183564567511384,1.3300970873528137,0.035574528637463916,3636.3633057851544,14066.666666666666,11.605001051808623,Poor,Moderate,91.65048543676407
48.0,Female,Single,Graduate,18000.0,Private,8.7,Large Indian,Rented,5200.0,3,2,5900.0,0.0,900.0,4300.0,2500.0,Yes,4400.0,668.0,37800.0,12100.0,Vehicle EMI,1456000.0,73,Not_Eligible,500.0,18800.0,-5200.0,1.0444444443864198,0.5333333333037037,0.2444444444308642,2.77222222206821,0.5215517241154504,6.740740740709533,19945.205206230068,-1733.3333333333333,-0.26071428927264273,Fair,Senior/Veteran,17.7188697384044
32.0,Male,Married,Post Graduate,73600.0,Private,9.2,Startup,Rented,11300.0,2,1,6600.0,0.0,5900.0,18800.0,13700.0,No,0.0,794.0,161400.0,44900.0,E-commerce Shopping EMI,39000.0,3,Not_Eligible,10380.0,56300.0,17300.0,0.7649456521635198,0.15353260869356614,0.0,2.802989130396699,0.7975133214778417,0.044157608695602174,12999.99566666811,8650.0,1.3307696742566075,Excellent,Senior/Veteran,75.79191443430763
48.0,Male,Married,Graduate,41300.0,Private,5.8,Large Indian,Rented,7100.0,2,1,9400.0,0.0,3500.0,9000.0,6300.0,No,0.0,774.0,69700.0,16600.0,Vehicle EMI,1100000.0,71,Not_Eligible,2880.0,35300.0,6000.0,0.8547215496161085,0.17191283292561954,0.0,2.0895883776733757,0.4702549574937605,2.219531880544351,15492.957528268204,3000.0,0.387272732702276,Excellent,Established,66.97355081818012
27.0,Female,Single,High School,39500.0,Private,3.4,MNC,Rented,8700.0,1,0,0.0,0.0,2500.0,8900.0,3500.0,Yes,4700.0,635.0,76000.0,30700.0,E-commerce Shopping EMI,27000.0,11,Not_Eligible,2508.8,23600.0,11200.0,0.5974683544152539,0.33924050632052555,0.11898734176913955,2.7012658227164237,1.084805653671915,0.05696202531633552,2454.545231404979,11200.0,4.562963375918793,Poor,Established,90.42402826835958
38.0,Male,Married,Graduate,58400.0,Private,5.9,Mid-size,Own,0.0,3,2,0.0,0.0,6600.0,8800.0,5100.0,Yes,6300.0,725.0,190400.0,90400.0,Education EMI,187000.0,6,Not_Eligible,11060.0,20500.0,31600.0,0.35102739725426324,0.10787671232691992,0.10787671232691992,4.8082191779998595,3.3731343282323456,0.26683789954299825,31166.661472223088,10533.333333333334,1.0139039122669335,Good,Established,100.0
32.0,Male,Single,Post Graduate,26000.0,Government,0.6,Small,Own,0.0,2,1,3600.0,0.0,3000.0,4000.0,1800.0,No,0.0,713.0,69500.0,41300.0,Personal Loan EMI,477000.0,52,Not_Eligible,6800.0,12400.0,13600.0,0.47692307690473373,0.0,0.0,4.261538461374556,3.3306451610217223,1.5288461538412537,9173.0767466716,6800.0,1.4825996090626936,Good,Probation/Junior,100.0
32.0,Female,Married,Graduate,53800.0,Private,0.5,Large Indian,Family,0.0,5,4,10500.0,0.0,6500.0,8600.0,4100.0,No,0.0,762.0,110300.0,62000.0,Vehicle EMI,511000.0,44,Not_Eligible,11568.0,29700.0,24100.0,0.5520446096551664,0.0,0.0,3.2026022304237434,2.0875420874718,0.7915117719938174,11613.63609969009,4820.0,2.0751468180209267,Excellent,Probation/Junior,95.437710437359
38.0,Female,Married,Graduate,39000.0,Private,6.1,MNC,Rented,6500.0,3,2,0.0,24600.0,3700.0,10800.0,7000.0,No,0.0,765.0,164200.0,36800.0,Vehicle EMI,1465000.0,32,Not_Eligible,500.0,52600.0,-13600.0,1.3487179486833663,0.16666666666239316,0.0,5.153846153714004,0.6996197718498172,3.1303418803351915,45781.248569335985,-4533.333333333333,-0.29706485569316987,Excellent,Established,5.0
48.0,Male,Married,High School,29300.0,Government,6.7,Large Indian,Family,0.0,2,1,0.0,0.0,2300.0,6300.0,5200.0,No,0.0,802.0,113500.0,32700.0,Education EMI,263000.0,26,Not_Eligible,10230.0,13800.0,15500.0,0.47098976107607543,0.0,0.0,4.989761091979871,2.3695652172195967,0.7480091012492947,10115.384226331376,7750.0,1.532319450418858,Excellent,Established,96.84782608609798
38.0,Male,Married,Graduate,343310.0,Private,6.5,Small,Own,0.0,2,1,6300.0,0.0,7500.0,11200.0,3100.0,No,0.0,757.0,108800.0,44100.0,Personal Loan EMI,975000.0,58,Not_Eligible,15360.0,28100.0,315210.0,0.0818502228304394,0.0,0.0,0.44537007369303144,1.569395017737744,0.23666656957263196,16810.34453775268,157605.0,18.75095416833071,Excellent,Established,92.84697508868872
48.0,Female,Married,High School,69000.0,Private,2.8,Large Indian,Family,0.0,4,3,5000.0,0.0,8000.0,13000.0,10500.0,No,0.0,683.0,165300.0,86900.0,E-commerce Shopping EMI,108000.0,23,Eligible,16250.0,36500.0,32500.0,0.5289855072387104,0.0,0.0,3.655072463715144,2.380821917742991,0.1304347826085381,4695.651969754262,8125.0,6.921296595748243,Fair,Moderate,96.90410958871496
27.0,Male,Single,Graduate,34200.0,Private,5.0,Mid-size,Rented,7200.0,2,1,12200.0,0.0,2300.0,7800.0,1900.0,No,0.0,773.0,36200.0,13600.0,Education EMI,367000.0,46,Not_Eligible,1344.0,31400.0,2800.0,0.9181286549439144,0.21052631578331793,0.0,1.4561403508346158,0.4331210190944866,0.8942495126683864,7978.2606961247675,1400.0,0.35095368605955346,Excellent,Established,61.715312699959284
32.0,Female,Single,Post Graduate,44000.0,Private,7.6,Mid-size,Own,0.0,1,0,0.0,0.0,6400.0,10600.0,8500.0,Yes,12900.0,784.0,98500.0,25000.0,E-commerce Shopping EMI,155000.0,15,Not_Eligible,2352.0,25500.0,5600.0,0.579545454532283,0.29318181817515493,0.29318181817515493,2.8068181817543905,0.6510416666497124,0.2935606060600501,10333.33264444449,5600.0,0.5419355199475546,Excellent,Senior/Veteran,88.25520833324856
38.0,Female,Married,Professional,27000.0,Private,16.0,Large Indian,Rented,6500.0,3,2,12800.0,12900.0,3900.0,6500.0,2700.0,No,0.0,751.0,52400.0,23000.0,Education EMI,342000.0,47,Not_Eligible,500.0,45300.0,-18300.0,1.6777777777156377,0.24074074073182442,0.0,2.792592592489163,0.5077262693044652,1.0555555555522977,7276.5955898596685,-6100.0,-2.5149123338649093,Excellent,Senior/Veteran,5.0
48.0,Male,Married,Graduate,63400.0,Self-employed,9.8,Large Indian,Rented,12600.0,4,3,0.0,18500.0,3200.0,11700.0,11500.0,No,0.0,728.0,325800.0,151300.0,E-commerce Shopping EMI,70000.0,11,Not_Eligible,2655.0,57500.0,5900.0,0.9069400630771776,0.19873817034386848,0.0,7.525236592941242,2.631304347780325,0.09200841219756571,6363.63578512402,1475.0,0.9271429412828774,Good,Senior/Veteran,73.60131669272742
32.0,Female,Single,Post Graduate,44400.0,Private,2.7,Mid-size,Rented,14300.0,2,1,0.0,0.0,3500.0,10700.0,3700.0,No,0.0,638.0,25900.0,13400.0,Vehicle EMI,946000.0,76,Not_Eligible,3904.0,32200.0,12200.0,0.7252252252088913,0.3220720720648182,0.0,0.8851351351151997,0.4161490683100575,1.7755255255221931,12447.368257271472,6100.0,0.9801268627119558,Poor,Moderate,77.06272732483897
48.0,Male,Married,Graduate,20000.0,Private,8.1,Mid-size,Rented,6200.0,3,2,10400.0,0.0,2400.0,4000.0,1300.0,Yes,2900.0,621.0,32400.0,19000.0,Vehicle EMI,340000.0,75,Not_Eligible,500.0,24300.0,-7200.0,1.21499999993925,0.45499999997725,0.14499999999274998,2.5699999998715,0.6985294117390246,1.416666666660764,4533.33327288889,-2400.0,-1.5882353149437713,Poor,Senior/Veteran,10.442647065147625
32.0,Male,Single,Graduate,80200.0,Private,8.7,Mid-size,Rented,19200.0,1,0,0.0,0.0,9300.0,12400.0,11700.0,No,0.0,813.0,381600.0,160400.0,Personal Loan EMI,408000.0,52,Eligible,16560.0,52600.0,27600.0,0.6558603491190043,0.23940149625636659,0.0,6.758104738070348,3.049429657736703,0.42394014962549464,7846.1536952662755,27600.0,3.5176471260222604,Excellent,Senior/Veteran,95.53117207047966
27.0,Male,Married,Post Graduate,48700.0,Private,0.6,MNC,Family,0.0,4,3,3800.0,0.0,3800.0,10700.0,6500.0,Yes,6300.0,672.0,220000.0,86600.0,Education EMI,165000.0,47,High_Risk,4928.0,24800.0,17600.0,0.5092402463961142,0.12936344968933544,0.12936344968933544,6.295687884880992,2.784565916309178,0.2823408624225148,3510.6382231779103,4400.0,5.0133334385719595,Fair,Probation/Junior,98.92282958154588
48.0,Male,Married,Graduate,106900.0,Government,9.6,MNC,Own,0.0,5,4,0.0,0.0,7600.0,25900.0,18900.0,Yes,25800.0,749.0,526900.0,157400.0,Personal Loan EMI,132000.0,46,Eligible,11049.5,52400.0,28700.0,0.4901777361974726,0.24134705331860296,0.24134705331860296,6.401309635113178,2.0127877237594274,0.10289990645455029,2869.5651550094535,5740.0,10.001515365454017,Good,Senior/Veteran,95.06393861879714
48.0,Female,Married,Post Graduate,54100.0,Private,12.8,MNC,Own,0.0,5,4,3500.0,0.0,8000.0,8400.0,3400.0,No,0.0,658.0,405900.0,197600.0,Education EMI,334000.0,34,Eligible,16940.0,23300.0,30800.0,0.43068391866117034,0.0,0.0,11.15526802197495,8.480686694914992,0.5144793592105446,9823.529122837379,6160.0,3.135329433213769,Fair,Senior/Veteran,100.0
48.0,Male,Married,Graduate,56900.0,Private,24.2,Mid-size,Own,0.0,2,1,3400.0,0.0,6400.0,13300.0,5200.0,Yes,12200.0,618.0,327200.0,111500.0,E-commerce Shopping EMI,104000.0,8,Not_Eligible,4592.0,28300.0,16400.0,0.4973637961248266,0.21441124779939524,0.21441124779939524,7.710017574556941,2.753086419685109,0.1523140011714231,12999.998375000205,8200.0,1.2615386191337277,Poor,Senior/Veteran,98.76543209842555
32.0,Male,Married,Graduate,63300.0,Self-employed,1.1,Mid-size,Rented,16700.0,3,2,0.0,0.0,6800.0,17300.0,10000.0,No,0.0,701.0,293400.0,137300.0,Education EMI,356000.0,35,Not_Eligible,4500.0,50800.0,12500.0,0.8025276461168637,0.26382306476676426,0.0,6.804107424853016,2.702755905458607,0.468667719851937,10171.428280816335,4166.666666666667,1.2289326192612005,Good,Moderate,82.31156783794394
48.0,Female,Married,Graduate,78200.0,Private,7.9,MNC,Family,0.0,5,4,0.0,5200.0,10400.0,22800.0,13000.0,Yes,22800.0,680.0,167700.0,86900.0,Education EMI,340000.0,28,Not_Eligible,1400.0,51400.0,4000.0,0.6572890025491396,0.2915601022980619,0.2915601022980619,3.2557544756616914,1.171159029633812,0.36231884057932406,12142.856709183689,800.0,0.3294117764434602,Fair,Senior/Veteran,86.27267494423789
27.0,Male,Single,Graduate,51700.0,Private,0.9,Mid-size,Own,0.0,3,2,0.0,0.0,5700.0,12200.0,4000.0,Yes,14100.0,745.0,405300.0,188600.0,Home Appliances EMI,61000.0,35,Eligible,4835.6,21900.0,15700.0,0.4235976789086345,0.27272727272199754,0.27272727272199754,11.487427465928677,5.2388888887433644,0.0983236621532909,1742.8570930612261,5233.333333333333,9.008196973519885,Good,Probation/Junior,100.0
38.0,Female,Married,Post Graduate,45900.0,Government,5.4,Startup,Own,0.0,3,2,0.0,0.0,4600.0,9700.0,3900.0,No,0.0,719.0,177500.0,55800.0,Education EMI,170000.0,47,Eligible,15235.0,18200.0,27700.0,0.3965141612114049,0.0,0.0,5.082788670913229,3.065934065765608,0.30864197530808163,3617.021199637847,9233.333333333334,7.658235454941546,Good,Established,100.0
32.0,Male,Married,Graduate,18000.0,Government,1.3,Small,Own,0.0,4,3,2100.0,0.0,1800.0,4000.0,1600.0,No,0.0,774.0,129200.0,54500.0,Home Appliances EMI,212000.0,11,Not_Eligible,5610.0,9500.0,8500.0,0.5277777777484568,0.0,0.0,10.20555555498858,5.73684210465928,0.9814814814769376,19272.72552066132,2125.0,0.44103777592051213,Excellent,Moderate,100.0
38.0,Female,Married,Graduate,30900.0,Government,0.5,MNC,Rented,9900.0,3,2,3300.0,0.0,4600.0,8100.0,1900.0,No,0.0,774.0,127600.0,73900.0,E-commerce Shopping EMI,46000.0,11,Not_Eligible,1860.0,27800.0,3100.0,0.899676375375415,0.32038834950419454,0.0,6.521035598494465,2.6582733811993426,0.12405609492954678,4181.817801652927,1033.3333333333333,0.7413044150401228,Excellent,Probation/Junior,74.31725687596351
58.0,Male,Married,Graduate,47400.0,Government,20.9,MNC,Own,0.0,4,3,0.0,15000.0,2800.0,11400.0,2600.0,Yes,12800.0,664.0,35700.0,16000.0,Personal Loan EMI,873000.0,46,Not_Eligible,862.4,31800.0,2800.0,0.6708860759352133,0.2700421940871299,0.2700421940871299,1.0907172995550483,0.3587443946107905,1.5348101265795802,18978.26045699434,700.0,0.1475372311491561,Fair,Senior/Veteran,81.12283589823689
48.0,Male,Married,Post Graduate,101800.0,Private,3.1,Mid-size,Own,0.0,3,2,0.0,0.0,9900.0,28900.0,14500.0,No,0.0,751.0,297000.0,91200.0,E-commerce Shopping EMI,45000.0,11,Eligible,29100.0,53300.0,48500.0,0.523575638501733,0.0,0.0,3.8133595284497708,1.7110694183543889,0.03683693516696395,4090.9087190082987,16166.666666666666,11.855556630435307,Excellent,Established,93.55534709177195
27.0,Female,Married,Post Graduate,68600.0,Private,3.2,MNC,Own,0.0,2,1,3700.0,0.0,9500.0,19000.0,9600.0,No,0.0,633.0,471200.0,190900.0,Home Appliances EMI,202000.0,19,High_Risk,11792.0,41800.0,26800.0,0.6093294460552576,0.0,0.0,9.651603498401581,4.566985645823756,0.24538386783254934,10631.578387811664,13400.0,2.5207922116440837,Poor,Established,99.2536443155794
38.0,Male,Married,Professional,166400.0,Private,3.4,Startup,Own,0.0,2,1,0.0,0.0,17700.0,35200.0,14200.0,No,0.0,727.0,955700.0,484000.0,Vehicle EMI,476000.0,39,Eligible,49650.0,67100.0,99300.0,0.40324519230526895,0.0,0.0,8.652043269178773,7.2131147539908635,0.23838141025629087,12205.12789217621,49650.0,8.135924577694745,Good,Established,100.0
48.0,Male,Single,Professional,73700.0,Private,7.5,Large Indian,Family,0.0,1,0,0.0,0.0,8800.0,12300.0,12100.0,No,0.0,753.0,505500.0,114300.0,Home Appliances EMI,49000.0,19,Eligible,26730.0,33200.0,40500.0,0.45047489822998005,0.0,0.0,8.409769335028361,3.4427710842336516,0.05540479421070171,2578.9472326869877,40500.0,15.704082453094337,Excellent,Senior/Veteran,100.0
38.0,Female,Married,Graduate,53000.0,Private,4.2,Startup,Own,0.0,2,1,8800.0,0.0,6300.0,8300.0,3500.0,Yes,15400.0,571.0,216500.0,51400.0,Home Appliances EMI,195000.0,30,Not_Eligible,2996.0,26900.0,10700.0,0.5075471698017444,0.29056603773036666,0.29056603773036666,5.054716981036703,1.2151300236119356,0.3066037735844236,6499.99978333334,5350.0,1.6461539007723867,Poor,Established,91.07565011805968
38.0,Male,Married,Graduate,55500.0,Private,10.8,MNC,Rented,16200.0,4,3,0.0,0.0,2900.0,12600.0,5800.0,Yes,12600.0,588.0,258500.0,147100.0,Education EMI,97000.0,35,Not_Eligible,1512.0,37500.0,5400.0,0.6756756756635013,0.518918918909569,0.22702702702293645,7.30810810797643,2.9361277444523726,0.14564564564542695,2771.4284922449006,1350.0,1.9484536632144753,Poor,Senior/Veteran,85.30226034551193
32.0,Female,Married,Graduate,135600.0,Private,1.6,Large Indian,Own,0.0,5,4,0.0,0.0,12200.0,39600.0,11800.0,Yes,36200.0,626.0,184200.0,69600.0,E-commerce Shopping EMI,122000.0,10,Not_Eligible,8019.2,63600.0,35800.0,0.4690265486691074,0.26696165191543536,0.26696165191543536,1.8716814159154005,0.6973947895721705,0.0749754178957258,12199.998780000124,7160.0,2.9344265227102926,Poor,Moderate,88.48697394786085
38.0,Male,Married,Graduate,63900.0,Private,3.5,MNC,Rented,10400.0,3,2,8500.0,0.0,3300.0,17700.0,12500.0,No,0.0,629.0,439500.0,240400.0,Vehicle EMI,538000.0,12,Not_Eligible,5060.0,52400.0,11500.0,0.8200312988917053,0.162754303596827,0.0,10.640062597642565,4.587786259454432,0.7016171100668993,44833.32959722254,3833.3333333333335,0.2565055975779218,Poor,Established,82.39749608866357
38.0,Female,Married,Graduate,73200.0,Private,0.9,MNC,Family,0.0,4,3,0.0,0.0,8800.0,14300.0,6400.0,No,0.0,683.0,402700.0,164400.0,Personal Loan EMI,580000.0,17,Not_Eligible,17480.0,29500.0,43700.0,0.40300546447536884,0.0,0.0,7.747267759457006,5.572881355743292,0.6602914389792118,34117.64505190323,10925.0,1.2808621442728023,Fair,Probation/Junior,100.0
38.0,Female,Married,Professional,119900.0,Government,0.5,Large Indian,Own,0.0,2,1,8900.0,13300.0,9400.0,32200.0,23700.0,No,0.0,795.0,621300.0,198000.0,Vehicle EMI,430000.0,65,Eligible,19440.0,87500.0,32400.0,0.7297748123375332,0.0,0.0,6.833194328550182,2.262857142831282,0.29886016124527465,6615.38451360947,16200.0,4.897674493213142,Excellent,Probation/Junior,85.93230072715376
27.0,Male,Married,Graduate,19400.0,Private,2.7,Large Indian,Family,0.0,3,2,8300.0,0.0,1300.0,4500.0,2700.0,No,0.0,638.0,95600.0,19500.0,E-commerce Shopping EMI,78000.0,12,Not_Eligible,1040.0,16800.0,2600.0,0.8659793813986608,0.0,0.0,5.932989690415825,1.1607142856451955,0.3350515463903133,6499.999458333379,866.6666666666666,0.4000000332717948,Poor,Moderate,69.52522091633311
48.0,Female,Married,Graduate,82700.0,Government,2.1,Large Indian,Rented,24500.0,3,2,14100.0,0.0,5700.0,12500.0,12000.0,No,0.0,850.0,629200.0,303200.0,Education EMI,201000.0,44,Eligible,9174.0,68800.0,13900.0,0.831922611840001,0.2962515114837213,0.0,11.274486094180478,4.406976744121992,0.2025392986696871,4568.181714359507,4633.333333333333,3.042786138139887,Excellent,Moderate,81.44619105279992
32.0,Male,Married,High School,12000.0,Private,0.7,Mid-size,Own,0.0,4,3,0.0,0.0,700.0,2100.0,1400.0,No,0.0,679.0,23200.0,6900.0,Home Appliances EMI,75000.0,15,Not_Eligible,2496.0,4200.0,7800.0,0.3499999999708333,0.0,0.0,2.5083333331243054,1.6428571424659864,0.5208333333297164,4999.999666666689,1950.0,1.5600001036879998,Fair,Probation/Junior,93.21428571232994
27.0,Male,Single,Graduate,90700.0,Private,0.5,MNC,Rented,18900.0,1,0,0.0,0.0,13400.0,25100.0,5900.0,Yes,26800.0,681.0,64800.0,16000.0,Vehicle EMI,1346000.0,79,Not_Eligible,500.0,63300.0,600.0,0.6979051819107177,0.5038588754078958,0.2954796030838426,0.8908489525811374,0.17758046614675274,1.2366776920238545,17037.97446787374,600.0,0.035215453638349166,Fair,Probation/Junior,70.78536649932364
32.0,Male,Married,Graduate,32200.0,Government,2.1,Startup,Rented,6200.0,4,3,7000.0,0.0,2400.0,5300.0,5200.0,Yes,9100.0,730.0,256900.0,145400.0,Personal Loan EMI,580000.0,50,Not_Eligible,500.0,26100.0,-3000.0,0.8105590061860075,0.47515527948834924,0.28260869564339725,12.49378881948777,4.1306818180644695,1.5010351966834858,11599.999768000005,-750.0,-0.2586206948052913,Good,Moderate,52.89440994093495
32.0,Female,Married,Graduate,51900.0,Government,0.5,Startup,Rented,13500.0,3,2,3500.0,0.0,5000.0,8500.0,6900.0,Yes,9000.0,741.0,306000.0,119700.0,Home Appliances EMI,253000.0,22,Not_Eligible,1925.0,37400.0,5500.0,0.7206165703136682,0.43352601155234055,0.1734104046209362,8.202312138570283,2.579741379254747,0.4062299293506644,11499.999477272751,1833.3333333333333,0.4782608912627599,Good,Probation/Junior,85.90256046251645
38.0,Male,Single,High School,40000.0,Private,1.0,MNC,Family,0.0,3,2,5900.0,0.0,5400.0,8600.0,5400.0,No,0.0,748.0,31200.0,14600.0,E-commerce Shopping EMI,184000.0,3,Not_Eligible,5880.0,25300.0,14700.0,0.6324999999841875,0.0,0.0,1.144999999971375,0.5770750987914199,0.3833333333325347,61333.3128888957,4900.0,0.23967399293087488,Good,Moderate,85.2853754952221
32.0,Male,Single,Post Graduate,90500.0,Private,2.1,Mid-size,Own,0.0,1,0,0.0,0.0,7800.0,25800.0,5300.0,No,0.0,704.0,302800.0,99800.0,Personal Loan EMI,138000.0,18,Eligible,25800.0,38900.0,51600.0,0.42983425413889687,0.0,0.0,4.448618784481231,2.5655526991628395,0.12707182320430288,7666.666240740764,51600.0,6.730435155643856,Good,Moderate,97.8277634958142
38.0,Male,Married,Graduate,37800.0,Private,2.7,Large Indian,Rented,11400.0,3,2,0.0,0.0,3700.0,10500.0,2700.0,No,0.0,650.0,186200.0,58300.0,Home Appliances EMI,87000.0,34,Eligible,4750.0,28300.0,9500.0,0.7486772486574423,0.30158730157932306,0.0,6.46825396808285,2.0600706713052976,0.19179894179851895,2558.8234541522515,3166.6666666666665,3.7126437859054033,Fair,Moderate,83.4061734639311
48.0,Female,Married,Professional,94200.0,Private,13.7,Mid-size,Own,0.0,3,2,0.0,0.0,4900.0,22800.0,15700.0,No,0.0,900.0,51000.0,21400.0,Home Appliances EMI,242000.0,19,Eligible,20320.0,43400.0,50800.0,0.4607218683602896,0.0,0.0,0.7685774946839854,0.49308755759232514,0.21408351026166483,12736.84143490308,16933.333333333332,3.98842996167033,Excellent,Senior/Veteran,87.46543778796163
38.0,Male,Married,Graduate,65400.0,Private,0.5,Large Indian,Own,0.0,2,1,8600.0,14100.0,4800.0,11400.0,3300.0,Yes,16800.0,668.0,468200.0,208300.0,Vehicle EMI,1047000.0,36,Not_Eligible,1971.2,42200.0,6400.0,0.6452599388280541,0.2568807339410263,0.2568807339410263,10.34403669708954,3.530508474516432,1.3340978593255173,29083.33252546299,3200.0,0.22005731269539436,Fair,Probation/Junior,96.37920489375567
32.0,Male,Married,Professional,27000.0,Government,1.6,MNC,Rented,7300.0,3,2,0.0,10400.0,3400.0,5400.0,2000.0,No,0.0,762.0,19100.0,6900.0,Education EMI,318000.0,20,Not_Eligible,500.0,28500.0,-1500.0,1.0555555555164609,0.27037037036035666,0.0,0.9629629629272977,0.2421052631493998,0.9814814814784522,15899.999205000038,-500.0,-0.09433962735255726,Excellent,Moderate,24.766081874430128
48.0,Female,Married,Professional,51300.0,Private,9.8,MNC,Rented,8800.0,3,2,5300.0,0.0,4700.0,14900.0,9700.0,No,0.0,685.0,250400.0,143400.0,Personal Loan EMI,855000.0,43,Not_Eligible,3950.0,43400.0,7900.0,0.8460038986189863,0.17153996101030136,0.0,7.676413255210986,3.3041474653616554,1.3888888888866326,19883.720467820454,2633.3333333333335,0.3973099507402522,Fair,Senior/Veteran,80.3196881104811
27.0,Male,Single,Professional,92300.0,Government,1.0,Mid-size,Family,0.0,1,0,0.0,0.0,7300.0,16000.0,12900.0,Yes,11500.0,778.0,660800.0,148000.0,Home Appliances EMI,238000.0,29,Eligible,20605.2,36200.0,44600.0,0.3921993499415797,0.12459371614166205,0.12459371614166205,8.762730227424024,3.1027253668112635,0.2148790176957251,8206.896268727714,44600.0,5.434453968245382,Excellent,Moderate,100.0
58.0,Male,Single,Post Graduate,23400.0,Private,0.5,Mid-size,Family,0.0,3,2,0.0,8100.0,1900.0,4600.0,3000.0,Yes,6200.0,518.0,77500.0,41100.0,Personal Loan EMI,195000.0,51,Not_Eligible,500.0,17600.0,-400.0,0.7521367521046095,0.264957264945942,0.264957264945942,5.068376068159471,1.7268907562299625,0.6944444444419713,3823.529336793543,-133.33333333333334,-0.10461538663930571,Poor,Probation/Junior,56.46351361278106
32.0,Male,Married,Graduate,36900.0,Self-employed,0.8,Mid-size,Rented,10000.0,3,2,14200.0,0.0,5300.0,8400.0,4400.0,No,0.0,719.0,35500.0,9900.0,Home Appliances EMI,226000.0,31,Not_Eligible,500.0,42300.0,-5400.0,1.146341463383568,0.271002710019756,0.0,1.2303523034896924,0.23404255318595643,0.5103884372165529,7290.3223454734725,-1800.0,-0.7407079883939737,Good,Probation/Junior,17.46289569524434
32.0,Male,Married,Graduate,49000.0,Private,1.1,Mid-size,Rented,16700.0,2,1,2700.0,15100.0,4100.0,11700.0,9600.0,No,0.0,644.0,361500.0,98700.0,Personal Loan EMI,101000.0,27,Not_Eligible,500.0,59900.0,-10900.0,1.2224489795668887,0.3408163265236568,0.0,9.391836734502208,1.6477462437120576,0.17176870748270107,3740.7406021947922,-5450.0,-2.913861493280453,Poor,Moderate,18.44281285320919
38.0,Female,Married,Graduate,51500.0,Private,0.9,Mid-size,Own,0.0,4,3,0.0,6800.0,4900.0,8700.0,7300.0,No,0.0,613.0,328500.0,97900.0,Vehicle EMI,162000.0,20,Not_Eligible,8377.6,27700.0,23800.0,0.537864077659459,0.0,0.0,8.279611650324668,3.5342960287532743,0.2621359223296729,8099.99959500002,5950.0,2.938271751489102,Poor,Probation/Junior,100.0
38.0,Male,Married,Professional,108900.0,Private,11.5,Large Indian,Rented,23700.0,3,2,3800.0,0.0,5600.0,29900.0,15600.0,Yes,29300.0,622.0,446700.0,203100.0,Personal Loan EMI,866000.0,48,Not_Eligible,500.0,78600.0,1000.0,0.7217630853928213,0.4866850321351085,0.2690541781426166,5.966942148705538,1.8822984244496543,0.6626874808687919,18041.66629079862,333.3333333333333,0.05542725288376384,Poor,Senior/Veteran,78.60249304136498
38.0,Male,Married,High School,37000.0,Private,8.2,Startup,Own,0.0,3,2,0.0,0.0,2600.0,10500.0,4600.0,No,0.0,744.0,203200.0,53300.0,Home Appliances EMI,95000.0,21,Eligible,9650.0,17700.0,19300.0,0.4783783783654492,0.0,0.0,6.932432432245069,3.0112994348581186,0.21396396396348205,4523.809308390033,6433.333333333333,4.266315991688498,Good,Senior/Veteran,100.0
38.0,Male,Married,Graduate,41600.0,Private,1.4,Small,Family,0.0,2,1,5600.0,18200.0,2500.0,11300.0,5300.0,Yes,10300.0,713.0,152000.0,53300.0,Education EMI,139000.0,43,Not_Eligible,500.0,42900.0,-11600.0,1.0312499999752103,0.247596153840202,0.247596153840202,4.935096153727522,1.001879699229288,0.27844551281995505,3232.558064359115,-5800.0,-3.5884892909762223,Good,Moderate,30.50939849812962
48.0,Male,Married,Post Graduate,99900.0,Private,6.1,MNC,Own,0.0,3,2,0.0,0.0,6500.0,21200.0,15700.0,No,0.0,667.0,727600.0,156600.0,Education EMI,427000.0,46,Eligible,31075.0,43400.0,56500.0,0.4344344344300858,0.0,0.0,8.850850850762255,3.6082949307924355,0.3561895228558924,9282.608493856338,18833.333333333332,6.086651185526964,Fair,Established,100.0
38.0,Male,Married,Graduate,32700.0,Private,1.9,Mid-size,Own,0.0,2,1,0.0,0.0,4100.0,6400.0,2000.0,Yes,9300.0,712.0,226400.0,125100.0,Education EMI,354000.0,29,Not_Eligible,4196.5,12500.0,10900.0,0.38226299693020604,0.2844036697160733,0.2844036697160733,10.749235473677393,5.738532109828507,0.9021406727805755,12206.896130796686,5450.0,0.8929378838251547,Good,Moderate,100.0
27.0,Female,Married,Professional,69800.0,Government,3.4,Large Indian,Own,0.0,3,2,0.0,0.0,10100.0,20300.0,4900.0,No,0.0,770.0,319200.0,141300.0,Education EMI,406000.0,31,Eligible,22770.0,35300.0,34500.0,0.5057306590185426,0.0,0.0,6.5974212033438775,4.002832861076407,0.48471824259732005,13096.773771071814,11500.0,2.6342365379762036,Excellent,Established,100.0
58.0,Female,Married,Graduate,40400.0,Private,24.6,MNC,Rented,12400.0,3,2,0.0,0.0,2500.0,7300.0,5600.0,No,0.0,783.0,57200.0,12900.0,Education EMI,291000.0,23,Not_Eligible,6048.0,27800.0,12600.0,0.6881188118641555,0.3069306930617096,0.0,1.735148514808536,0.46402877696172556,0.6002475247512371,12652.173362948985,4200.0,0.995876331880051,Excellent,Senior/Veteran,80.27063893567619
32.0,Male,Married,Professional,88100.0,Private,5.2,Mid-size,Own,0.0,3,2,8100.0,0.0,9800.0,14500.0,12600.0,Yes,17100.0,657.0,185700.0,101700.0,Education EMI,125000.0,10,Not_Eligible,9100.0,45000.0,26000.0,0.5107832009022613,0.1940976163428593,0.1940976163428593,3.2622020430957757,1.6376811593939182,0.11823685206193886,12499.998750000126,8666.666666666666,2.0800002078335997,Fair,Established,93.18840579696959
38.0,Male,Married,Graduate,66600.0,Private,1.6,MNC,Rented,21400.0,5,4,9900.0,0.0,4100.0,12100.0,8500.0,No,0.0,593.0,175900.0,42300.0,Personal Loan EMI,270000.0,35,Not_Eligible,4240.0,56000.0,10600.0,0.8408408408282156,0.3213213213164967,0.0,3.276276276227083,0.7553571428436543,0.3378378378374151,7714.285493877558,2120.0,1.3740741131552123,Poor,Moderate,69.50951844796103
38.0,Female,Married,Professional,69400.0,Private,9.5,Startup,Rented,18400.0,2,1,14300.0,0.0,3900.0,20200.0,12500.0,Yes,8700.0,588.0,263600.0,155100.0,E-commerce Shopping EMI,52000.0,4,Not_Eligible,500.0,69300.0,-8600.0,0.9985590777954099,0.39048991353904194,0.1253602305457441,6.033141210287708,1.9884615384360456,0.06243996157533328,12999.996750000812,-4300.0,-0.6615386268721893,Poor,Senior/Veteran,38.05758146854745
32.0,Female,Married,Graduate,55000.0,Private,4.2,Large Indian,Rented,12300.0,3,2,0.0,0.0,3900.0,8300.0,8700.0,Yes,6100.0,608.0,385900.0,122100.0,Personal Loan EMI,497000.0,16,Not_Eligible,4835.6,33200.0,15700.0,0.6036363636253884,0.3345454545393719,0.11090909090707438,9.236363636195703,3.1068702289285786,0.7530303030291621,31062.49805859387,5233.333333333333,0.5054326271467064,Poor,Established,99.70909090996892
32.0,Female,Married,Graduate,9537.0,Private,0.8,Mid-size,Rented,9400.0,4,3,12400.0,0.0,4100.0,9300.0,6900.0,No,0.0,629.0,27900.0,10800.0,Education EMI,372000.0,47,Not_Eligible,500.0,42100.0,-32563.0,4.414386074822859,0.9856348955661491,0.0,4.057879836001061,0.25653206650222016,3.250498060158239,7914.893448619288,-8140.75,-4.114142560133428,Poor,Probation/Junior,5.0
32.0,Male,Single,Graduate,56500.0,Private,3.5,MNC,Own,0.0,1,0,0.0,0.0,6800.0,13200.0,6200.0,No,0.0,702.0,286500.0,133500.0,Vehicle EMI,534000.0,32,Not_Eligible,15150.0,26200.0,30300.0,0.4637168141510847,0.0,0.0,7.433628318452502,5.095419847133763,0.7876106194678649,16687.49947851564,30300.0,1.8157303937114169,Good,Established,100.0
38.0,Male,Married,High School,39100.0,Private,1.0,MNC,Rented,8600.0,4,3,11400.0,0.0,3400.0,10600.0,2900.0,No,0.0,636.0,150000.0,80000.0,Personal Loan EMI,466000.0,34,Not_Eligible,880.0,36900.0,2200.0,0.9437340153211321,0.21994884909923404,0.0,5.882352941026027,2.168021680158048,0.9931798806457945,13705.881949827002,550.0,0.1605150261685461,Poor,Moderate,68.34138717509967
58.0,Male,Married,Post Graduate,46600.0,Private,0.6,Large Indian,Rented,15800.0,5,4,4100.0,0.0,2600.0,9600.0,6900.0,No,0.0,678.0,311000.0,138300.0,E-commerce Shopping EMI,42000.0,13,Not_Eligible,3344.0,39000.0,7600.0,0.8369098712266757,0.33905579398414043,0.0,9.641630901080651,3.546153846062919,0.07510729613720474,3230.76898224854,1520.0,2.3523811326052155,Fair,Probation/Junior,81.04721030186595
32.0,Female,Single,Post Graduate,124500.0,Private,3.5,Mid-size,Rented,26600.0,2,1,0.0,23000.0,14000.0,25700.0,7000.0,No,0.0,645.0,818700.0,352400.0,Vehicle EMI,927000.0,68,Not_Eligible,12408.0,96300.0,28200.0,0.7734939758974017,0.21365461847217948,0.0,9.406425702735692,3.659397715434482,0.6204819277104281,13632.352740700695,14100.0,2.0686084445084516,Poor,Established,86.12048192820787
32.0,Male,Single,Post Graduate,92700.0,Private,1.3,MNC,Own,0.0,2,1,0.0,0.0,5900.0,27400.0,7300.0,Yes,14900.0,669.0,581700.0,311000.0,E-commerce Shopping EMI,64000.0,13,Eligible,14322.0,40600.0,37200.0,0.4379719525303348,0.16073354908132975,0.16073354908132975,9.629989212409601,5.603603603502638,0.05753326141670484,4923.076544378728,18600.0,7.556250579715136,Fair,Moderate,100.0
38.0,Female,Married,High School,49700.0,Private,4.1,Mid-size,Own,0.0,3,2,9600.0,0.0,4800.0,13600.0,7800.0,No,0.0,606.0,304800.0,120000.0,E-commerce Shopping EMI,17000.0,7,Eligible,6116.0,35800.0,13900.0,0.7203219315750439,0.0,0.0,8.547283702041302,3.35195530716894,0.02850435949022719,2428.5710816327028,4633.333333333333,5.723530227055017,Poor,Established,90.3742454739965
58.0,Female,Married,Post Graduate,55100.0,Private,0.8,Mid-size,Rented,11600.0,4,3,0.0,0.0,4300.0,12900.0,5600.0,Yes,8600.0,666.0,41700.0,11700.0,Personal Loan EMI,244000.0,42,Not_Eligible,2710.4,34400.0,12100.0,0.6243194192264189,0.3666061705922576,0.15607985480660472,0.9691470054270572,0.2720930232494862,0.36902601330857676,5809.523671201818,3025.0,2.0827869344775527,Fair,Probation/Junior,84.41491157813391
58.0,Male,Married,Graduate,45500.0,Private,8.3,Startup,Family,0.0,2,1,13800.0,0.0,5100.0,13000.0,4000.0,Yes,12800.0,715.0,298200.0,146300.0,Education EMI,122000.0,18,Not_Eligible,500.0,35900.0,-3200.0,0.7890109889936481,0.2813186813124985,0.2813186813124985,9.76923076901606,3.0041067761190123,0.2234432234428142,6777.777401234588,-1600.0,-0.47213117370083313,Good,Senior/Veteran,59.879120880508154
32.0,Female,Married,Graduate,55500.0,Government,0.5,Startup,Rented,15500.0,3,2,10700.0,15400.0,5500.0,14700.0,6700.0,Yes,10900.0,755.0,258500.0,69400.0,Education EMI,123000.0,42,Not_Eligible,500.0,68500.0,-23900.0,1.2342342342119959,0.47567567566710495,0.19639639639285772,5.908108108001656,0.8740554156061203,0.18468468468440738,2928.571358843539,-7966.666666666667,-8.160975801278365,Excellent,Probation/Junior,8.334241044373591
58.0,Male,Married,Graduate,22900.0,Private,2.1,Large Indian,Family,0.0,5,4,7100.0,0.0,2200.0,4500.0,2400.0,Yes,6000.0,572.0,26600.0,12000.0,Home Appliances EMI,278000.0,13,Not_Eligible,500.0,16200.0,700.0,0.7074235807551343,0.2620087336130127,0.2620087336130127,1.6855895195770485,0.5405405405161918,1.01164483260185,21384.613739645098,140.0,0.03273381546609518,Poor,Moderate,79.10881624217022
32.0,Male,Married,Post Graduate,62900.0,Self-employed,0.5,Mid-size,Family,0.0,4,3,9900.0,0.0,5200.0,16000.0,4400.0,No,0.0,668.0,313300.0,128400.0,Personal Loan EMI,469000.0,34,Not_Eligible,12330.0,35500.0,27400.0,0.5643879173201211,0.0,0.0,7.022257551557675,3.6169014083488196,0.6213566507675923,13794.117241349493,6850.0,1.9863540028410744,Fair,Probation/Junior,100.0
58.0,Female,Married,Post Graduate,105300.0,Self-employed,5.6,Mid-size,Own,0.0,2,1,11700.0,12400.0,10700.0,29600.0,21000.0,No,0.0,801.0,186600.0,105900.0,Home Appliances EMI,288000.0,30,Not_Eligible,8596.8,85400.0,19900.0,0.8110161443417758,0.0,0.0,2.7777777777513983,1.2400468383929737,0.22792022792004754,9599.99968000001,9950.0,2.07291673554796,Excellent,Established,74.3189426446228
58.0,Female,Married,Post Graduate,43800.0,Private,28.1,Mid-size,Own,0.0,3,2,0.0,0.0,5900.0,12400.0,3800.0,No,0.0,731.0,219900.0,78900.0,Education EMI,300000.0,30,Not_Eligible,10850.0,22100.0,21700.0,0.5045662100341424,0.0,0.0,6.821917808063427,3.57013574644479,0.5707762557066766,9999.999666666678,7233.333333333333,2.1700000721163333,Good,Senior/Veteran,100.0
27.0,Male,Single,High School,53900.0,Private,0.9,MNC,Own,0.0,2,1,6800.0,0.0,5800.0,10700.0,10300.0,Yes,14100.0,718.0,429800.0,248700.0,Personal Loan EMI,537000.0,46,Not_Eligible,1909.6,33600.0,6200.0,0.623376623365058,0.2615955473049797,0.2615955473049797,12.588126159321185,5.213836477878116,0.8302411873827609,11673.912789697548,3100.0,0.5310987079619542,Good,Probation/Junior,98.12987013079537
38.0,Female,Married,Graduate,39800.0,Private,7.0,Startup,Family,0.0,3,2,0.0,0.0,4500.0,11100.0,4900.0,No,0.0,786.0,87400.0,34100.0,Home Appliances EMI,189000.0,16,Not_Eligible,11580.0,20500.0,19300.0,0.5150753768714805,0.0,0.0,3.0527638190187747,1.6634146340651992,0.3957286432152518,11812.499261718795,6433.333333333333,1.6338625358405197,Excellent,Senior/Veteran,93.317073170326
38.0,Female,Married,Post Graduate,55400.0,Private,1.3,Large Indian,Rented,9500.0,3,2,9900.0,0.0,4900.0,13500.0,5800.0,Yes,12200.0,680.0,73100.0,43200.0,Personal Loan EMI,183000.0,12,Not_Eligible,500.0,43600.0,-400.0,0.7870036100940974,0.39169675089545675,0.22021660649421992,2.099277978301457,0.7741935483732223,0.2752707581223296,15249.998729166773,-133.33333333333334,-0.026229510380793693,Fair,Moderate,48.91067893433832
32.0,Male,Married,Graduate,7069.0,Government,2.1,Large Indian,Rented,11800.0,3,2,0.0,19300.0,9800.0,20300.0,12300.0,No,0.0,692.0,406300.0,165700.0,Vehicle EMI,586000.0,35,Not_Eligible,500.0,73500.0,-66431.0,10.397510254576671,1.6692601497143498,0.0,80.91667844378036,2.254421768676811,6.908096383188239,16742.85666448981,-22143.666666666668,-3.9677219561299144,Fair,Moderate,5.0
27.0,Male,Single,Graduate,97700.0,Private,0.5,Large Indian,Family,0.0,2,1,0.0,0.0,14400.0,21000.0,9400.0,No,0.0,756.0,264900.0,108300.0,Education EMI,132000.0,46,Eligible,25392.0,44800.0,52900.0,0.45854657113143765,0.0,0.0,3.8198567041574223,2.417410714231754,0.11258955987707898,2869.5651550094535,26450.0,18.434848879181793,Excellent,Probation/Junior,97.08705357115878
32.0,Male,Single,Graduate,37500.0,Private,9.7,Mid-size,Rented,6900.0,2,1,0.0,18900.0,2200.0,9600.0,4000.0,No,0.0,628.0,103100.0,39300.0,E-commerce Shopping EMI,20000.0,15,Not_Eligible,500.0,41600.0,-4100.0,1.1093333333037512,0.18399999999509334,0.0,3.797333333232071,0.944711538438829,0.04444444444434568,1333.3332444444504,-2050.0,-3.0750002026937495,Poor,Senior/Veteran,23.976891027894055
32.0,Male,Single,Professional,55500.0,Private,0.5,Mid-size,Own,0.0,1,0,0.0,0.0,6600.0,15300.0,5500.0,No,0.0,787.0,82800.0,74000.0,Home Appliances EMI,140000.0,32,Eligible,10790.4,27400.0,28100.0,0.4936936936847983,0.0,0.0,2.82522522517432,2.7007299269087324,0.21021021020989458,4374.999863281255,28100.0,6.422857342103345,Excellent,Probation/Junior,98.50364963454366
38.0,Male,Married,Graduate,35200.0,Private,2.2,Large Indian,Rented,6100.0,3,2,8000.0,5600.0,3600.0,9900.0,2100.0,No,0.0,636.0,93900.0,37000.0,Vehicle EMI,1162000.0,55,Not_Eligible,500.0,35300.0,-100.0,1.0028409090624193,0.17329545454053139,0.0,3.718749999894354,1.048158640196936,2.750946969690457,21127.272343140503,-33.333333333333336,-0.004733218674474762,Poor,Moderate,33.01352047599113
27.0,Male,Single,Graduate,54400.0,Self-employed,2.7,Mid-size,Own,0.0,3,2,9100.0,0.0,7700.0,12600.0,6500.0,Yes,9600.0,682.0,177400.0,90400.0,Education EMI,263000.0,28,Not_Eligible,2803.5,35900.0,8900.0,0.6599264705761043,0.17647058823205017,0.17647058823205017,4.922794117556566,1.9868131867695207,0.40287990196016715,9392.856807397971,2966.6666666666665,0.9475285508496927,Fair,Moderate,90.13994828775925
58.0,Male,Married,High School,486662.0,Private,35.2,MNC,Family,0.0,2,1,2500.0,0.0,7600.0,12700.0,4200.0,No,0.0,693.0,396200.0,139600.0,Education EMI,355000.0,15,Not_Eligible,20200.0,27000.0,459662.0,0.055479984054527615,0.0,0.0,1.1009694613487369,5.170370370178875,0.06078825413393334,23666.665088888996,229831.0,19.422339322170885,Fair,Senior/Veteran,100.0
48.0,Female,Married,High School,18100.0,Private,9.1,Mid-size,Rented,3800.0,5,4,6200.0,0.0,900.0,3600.0,1400.0,Yes,2800.0,697.0,143600.0,75700.0,E-commerce Shopping EMI,23000.0,23,Not_Eligible,500.0,15900.0,-600.0,0.8784530386254998,0.3646408839577546,0.15469613258813833,12.11602209877812,4.0481283420295116,0.1058931860031957,999.999956521741,-120.0,-0.6000000254869565,Fair,Senior/Veteran,52.72375690996
38.0,Male,Single,Graduate,41900.0,Self-employed,0.8,Startup,Family,0.0,1,0,0.0,0.0,6300.0,6400.0,2200.0,No,0.0,709.0,188000.0,74500.0,Vehicle EMI,1126000.0,66,Not_Eligible,12150.0,14900.0,27000.0,0.3556085918769544,0.0,0.0,6.264916467630909,4.999999999664429,2.239459029430709,17060.605802112033,27000.0,1.5825932743299722,Good,Probation/Junior,100.0
27.0,Female,Single,Graduate,56200.0,Private,1.2,Startup,Rented,12800.0,3,2,6900.0,6400.0,4800.0,8900.0,10100.0,No,0.0,675.0,248900.0,106400.0,E-commerce Shopping EMI,142000.0,3,Not_Eligible,3150.0,49900.0,6300.0,0.8879003558560872,0.2277580071133851,0.0,6.32206405682701,2.1322645290153854,0.21055753262127735,47333.31755556081,2100.0,0.13309863591268103,Fair,Moderate,72.62929417658995
48.0,Female,Married,Graduate,45100.0,Self-employed,9.2,Large Indian,Family,0.0,2,1,0.0,0.0,4000.0,6900.0,6200.0,No,0.0,657.0,39500.0,21700.0,Education EMI,334000.0,44,High_Risk,10080.0,17100.0,28000.0,0.3791574279295087,0.0,0.0,1.35698447890561,1.2690058478790054,0.6171470805605743,7590.908918388434,14000.0,3.6886228378374266,Fair,Senior/Veteran,91.34502923939503
38.0,Female,Married,Post Graduate,126000.0,Self-employed,3.5,MNC,Rented,41000.0,3,2,8000.0,0.0,9900.0,31000.0,20100.0,No,0.0,739.0,932900.0,470400.0,Vehicle EMI,154000.0,38,Eligible,7920.0,110000.0,16000.0,0.8730158730089443,0.3253968253942429,0.0,11.137301587213196,4.276363636324761,0.10185185185178448,4052.631472299172,5333.333333333333,3.9480520509738573,Good,Established,78.15873015928446
38.0,Male,Married,High School,79200.0,Private,3.1,Large Indian,Family,0.0,2,1,14600.0,0.0,7600.0,19900.0,8400.0,No,0.0,611.0,248100.0,112500.0,Education EMI,362000.0,13,Not_Eligible,11480.0,50500.0,28700.0,0.6376262626182119,0.0,0.0,4.553030302972815,2.2277227722331143,0.3808922558918551,27846.15170414218,14350.0,1.0306630626701694,Poor,Established,93.12851285170862
58.0,Male,Married,High School,19300.0,Private,36.0,MNC,Family,0.0,5,4,0.0,21800.0,2200.0,3500.0,3700.0,No,0.0,740.0,113100.0,66800.0,E-commerce Shopping EMI,175000.0,20,Not_Eligible,500.0,31200.0,-11900.0,1.6165803107970684,0.0,0.0,9.321243522833097,2.1410256409570185,0.7556131260761847,8749.999562500021,-2380.0,-1.3600000678445714,Good,Senior/Veteran,5.0
38.0,Male,Married,Professional,66200.0,Private,4.2,Startup,Rented,16700.0,4,3,13100.0,0.0,3600.0,12200.0,4400.0,Yes,7700.0,692.0,218800.0,61500.0,Home Appliances EMI,28000.0,16,Eligible,2975.0,50000.0,8500.0,0.755287009052035,0.3685800604173931,0.1163141993940134,4.234138972745709,1.0658578855967789,0.03524672708958302,1749.9998906250066,2125.0,4.857143157938776,Fair,Established,77.90632870382109
32.0,Male,Single,High School,73600.0,Private,0.5,Startup,Family,0.0,1,0,0.0,0.0,8000.0,21400.0,5700.0,No,0.0,689.0,84200.0,17100.0,E-commerce Shopping EMI,69000.0,21,Eligible,12320.0,35100.0,38500.0,0.47690217390656386,0.0,0.0,1.3763586956334735,0.48717948716560744,0.07812499999991154,3285.714129251708,38500.0,11.717391858752679,Fair,Probation/Junior,87.43589743582804
48.0,Male,Married,Post Graduate,77100.0,Government,5.2,MNC,Own,0.0,3,2,6200.0,0.0,6700.0,23100.0,4500.0,No,0.0,850.0,447800.0,266100.0,Personal Loan EMI,69000.0,30,Eligible,24156.0,40500.0,36600.0,0.5252918287869612,0.0,0.0,9.259403372123744,6.570370370208139,0.07457846952002316,2299.999923333336,12200.0,15.913044001776937,Excellent,Established,100.0
38.0,Female,Married,Graduate,57800.0,Private,0.8,Large Indian,Family,0.0,4,3,0.0,0.0,8600.0,9100.0,9900.0,No,0.0,669.0,323800.0,91800.0,Education EMI,360000.0,47,High_Risk,12080.0,27600.0,30200.0,0.47750865051076974,0.0,0.0,7.1903114185607215,3.3260869564012285,0.5190311418677638,7659.57430511544,7550.0,3.942777861151915,Fair,Probation/Junior,100.0
58.0,Female,Single,Post Graduate,126600.0,Self-employed,3.8,Large Indian,Family,0.0,1,0,0.0,0.0,8700.0,22500.0,13400.0,No,0.0,688.0,477400.0,117700.0,Personal Loan EMI,242000.0,47,Eligible,36900.0,44600.0,82000.0,0.3522906793021146,0.0,0.0,4.700631911495256,2.6390134528556275,0.15929436545539805,5148.936060660935,82000.0,15.925620170460725,Fair,Established,98.19506726427814
27.0,Male,Single,Graduate,87200.0,Self-employed,0.5,Large Indian,Family,0.0,1,0,0.0,0.0,10300.0,17900.0,14100.0,No,0.0,764.0,352100.0,114800.0,Vehicle EMI,267000.0,36,Eligible,24246.0,42300.0,44900.0,0.4850917431137031,0.0,0.0,5.3543577981037345,2.713947990479576,0.25516055045847175,7416.6664606481545,44900.0,6.053932751618196,Excellent,Probation/Junior,98.56973995239788
32.0,Male,Married,Post Graduate,86500.0,Private,2.0,Large Indian,Rented,16500.0,3,2,7000.0,0.0,7000.0,15300.0,8400.0,No,0.0,753.0,520400.0,302300.0,Home Appliances EMI,162000.0,36,Eligible,21318.0,54200.0,32300.0,0.6265895953684788,0.1907514450845,0.0,9.510982658849585,5.5774907748048435,0.15606936416169936,4499.999875000004,10766.666666666666,7.177777975565431,Excellent,Moderate,97.87283237052169
38.0,Male,Married,High School,30000.0,Private,3.2,Large Indian,Rented,9900.0,5,4,0.0,0.0,2400.0,7700.0,3800.0,No,0.0,668.0,20200.0,4300.0,Vehicle EMI,1110000.0,73,Not_Eligible,2480.0,23800.0,6200.0,0.7933333333068889,0.329999999989,0.0,0.8166666666394444,0.18067226889997176,3.0833333333247683,15205.47924376056,1240.0,0.40774775330651747,Fair,Established,70.43669467994874
38.0,Female,Married,Graduate,33400.0,Private,13.2,Large Indian,Own,0.0,4,3,3000.0,0.0,2200.0,7800.0,5700.0,Yes,4500.0,599.0,185000.0,107900.0,Vehicle EMI,477000.0,20,Not_Eligible,2856.0,18700.0,10200.0,0.5598802395041952,0.13473053891812184,0.13473053891812184,8.769461077581752,4.650862068765049,1.1901197604760725,23849.99880750006,2550.0,0.4276729773405588,Poor,Senior/Veteran,100.0
38.0,Male,Married,Graduate,43300.0,Government,7.1,Large Indian,Family,0.0,2,1,0.0,0.0,2600.0,7100.0,3300.0,No,0.0,805.0,205700.0,83600.0,E-commerce Shopping EMI,93000.0,11,Eligible,19998.0,13000.0,30300.0,0.30023094687528334,0.0,0.0,6.681293302386114,6.430769230274556,0.17898383371790033,8454.544685950485,15150.0,3.5838712931244876,Excellent,Senior/Veteran,100.0
58.0,Female,Single,Professional,55100.0,Private,0.9,Startup,Family,0.0,1,0,0.0,0.0,7300.0,15100.0,3100.0,No,0.0,720.0,381300.0,175100.0,Home Appliances EMI,131000.0,33,Eligible,13024.0,25500.0,29600.0,0.46279491832190933,0.0,0.0,10.098003629580798,6.866666666397386,0.19812462189927688,3969.696849403126,29600.0,7.456488773694167,Good,Probation/Junior,100.0
58.0,Male,Single,Post Graduate,120000.0,Private,0.5,Small,Family,0.0,2,1,11200.0,0.0,8300.0,20400.0,6500.0,No,0.0,706.0,195800.0,88300.0,Personal Loan EMI,548000.0,38,High_Risk,23552.0,46400.0,73600.0,0.38666666666344446,0.0,0.0,2.367499999980271,1.903017241338297,0.3805555555552913,14421.052252077574,36800.0,5.103649768989162,Good,Probation/Junior,94.51508620669148
38.0,Male,Married,Post Graduate,45000.0,Private,3.0,Large Indian,Own,0.0,2,1,9400.0,19000.0,4300.0,9000.0,4300.0,No,0.0,741.0,246800.0,108900.0,E-commerce Shopping EMI,154000.0,15,Not_Eligible,500.0,46000.0,-1000.0,1.022222222199506,0.0,0.0,7.9044444442687904,2.367391304296361,0.2851851851846571,10266.665982222268,-500.0,-0.09740260388661662,Good,Established,38.059178745521315
32.0,Female,Married,Graduate,68500.0,Private,6.3,Large Indian,Rented,23900.0,4,3,0.0,23900.0,7800.0,14700.0,13200.0,No,0.0,669.0,93700.0,49100.0,Personal Loan EMI,257000.0,13,Not_Eligible,500.0,83500.0,-15000.0,1.2189781021719859,0.34890510948395764,0.0,2.0846715328162824,0.5880239520887662,0.3126520681261403,19769.229248520827,-3750.0,-0.7587549221406077,Fair,Established,13.421871586684958
32.0,Female,Married,Graduate,31300.0,Private,2.3,MNC,Own,0.0,3,2,7700.0,9700.0,3700.0,7500.0,4900.0,No,0.0,576.0,217800.0,129500.0,Education EMI,113000.0,11,Not_Eligible,500.0,33500.0,-2200.0,1.0702875399019078,0.0,0.0,11.095846645012912,3.8656716416756516,0.3008519701802427,10272.72633884306,-733.3333333333334,-0.2141593114835774,Poor,Moderate,37.37699680784737
32.0,Male,Married,Graduate,71200.0,Private,0.9,Large Indian,Rented,18300.0,3,2,5200.0,0.0,8400.0,15300.0,6000.0,Yes,16600.0,715.0,365900.0,133200.0,Personal Loan EMI,655000.0,25,Not_Eligible,500.0,53200.0,1400.0,0.7471910112254608,0.4901685393189584,0.23314606741245583,7.009831460575706,1.908309455560053,0.7666198501863687,26199.99895200004,466.6666666666667,0.053435116639181865,Good,Probation/Junior,76.45446862743631
38.0,Male,Married,Graduate,59300.0,Private,7.7,Large Indian,Own,0.0,3,2,0.0,0.0,4800.0,12500.0,9400.0,Yes,12500.0,701.0,123100.0,60500.0,Home Appliances EMI,58000.0,24,Eligible,5628.0,26700.0,20100.0,0.45025295108852864,0.21079258009762575,0.21079258009762575,3.096121416473927,1.5433673468994038,0.08150646430567524,2416.666565972226,6700.0,8.317241722420453,Good,Senior/Veteran,92.71683673449702
38.0,Female,Married,Post Graduate,129200.0,Private,4.3,Mid-size,Rented,29500.0,2,1,0.0,0.0,9600.0,31100.0,13200.0,Yes,34600.0,698.0,416700.0,242200.0,Vehicle EMI,971000.0,19,Not_Eligible,3920.0,83400.0,11200.0,0.6455108359083165,0.49613003095591235,0.26780185758306657,5.099845201198918,2.052542372863962,0.6262899896796786,51105.26046814418,5600.0,0.21915552131394034,Fair,Established,84.89274282474062
58.0,Male,Married,Graduate,26700.0,Private,2.4,Large Indian,Rented,5600.0,4,3,0.0,0.0,3700.0,4100.0,5100.0,No,0.0,628.0,86200.0,27900.0,Education EMI,64000.0,33,Eligible,3280.0,18500.0,8200.0,0.6928838951051354,0.20973782770750046,0.0,4.273408239540322,1.5081081080265888,0.19975031210923921,1939.393880624428,2050.0,4.228125125944873,Poor,Moderate,85.1098289317221
32.0,Male,Married,Graduate,48800.0,Private,4.4,Large Indian,Rented,8800.0,4,3,0.0,12200.0,5400.0,10300.0,5800.0,No,0.0,656.0,258400.0,141600.0,Vehicle EMI,1067000.0,13,Not_Eligible,3150.0,42500.0,6300.0,0.870901639326416,0.18032786884876378,0.0,8.196721311307444,3.3317647058039586,1.822062841526943,82076.9167633141,1575.0,0.07675726925867118,Fair,Established,78.32786885388671
58.0,Male,Married,Graduate,76700.0,Private,6.1,Startup,Own,0.0,3,2,0.0,0.0,5500.0,19200.0,13500.0,Yes,13700.0,693.0,258400.0,116000.0,Personal Loan EMI,341000.0,55,Not_Eligible,8680.0,38200.0,24800.0,0.49804432854630976,0.17861799217498545,0.17861799217498545,4.881355932139748,2.2350674373365114,0.37049109082967135,6199.999887272729,8266.666666666666,4.000000072082111,Fair,Established,96.17533718668255
27.0,Male,Single,Post Graduate,98600.0,Government,0.5,Mid-size,Rented,25900.0,2,1,0.0,0.0,5300.0,19200.0,10400.0,No,0.0,850.0,754000.0,175000.0,Personal Loan EMI,203000.0,27,Eligible,24948.0,60800.0,37800.0,0.6166328600343141,0.2626774847843542,0.0,9.421906693616412,2.8782894736368703,0.1715686274508354,7518.51824005488,18900.0,5.027586392434754,Excellent,Probation/Junior,98.06081856543922
32.0,Male,Single,Graduate,49800.0,Private,3.4,Startup,Family,0.0,2,1,4300.0,0.0,5800.0,8300.0,3100.0,Yes,12200.0,746.0,282000.0,118600.0,Home Appliances EMI,237000.0,8,Not_Eligible,5635.0,21500.0,16100.0,0.4317269076218529,0.2449799196737956,0.2449799196737956,8.04417670666578,3.5192878337234634,0.39658634538086246,29624.996296875466,8050.0,0.543459983525959,Good,Established,100.0
48.0,Male,Married,Professional,68500.0,Private,11.3,Mid-size,Rented,16600.0,3,2,0.0,11500.0,5100.0,13000.0,7200.0,Yes,12500.0,736.0,323100.0,161900.0,Vehicle EMI,1391000.0,79,Not_Eligible,910.0,53400.0,2600.0,0.7795620437842401,0.4248175182419735,0.18248175182215357,7.080291970699559,2.456752655501415,1.6922141119200824,17607.594713827915,866.6666666666666,0.1476635532626417,Good,Senior/Veteran,81.18157349782972
38.0,Male,Married,Post Graduate,63700.0,Private,2.7,Mid-size,Own,0.0,2,1,6000.0,9300.0,4400.0,13400.0,7400.0,No,0.0,725.0,98200.0,48000.0,Education EMI,433000.0,46,Not_Eligible,9280.0,40500.0,23200.0,0.6357927786399404,0.0,0.0,2.2951334379545503,1.1851851851559214,0.5664573521708969,9413.043273629495,11600.0,2.4646651803386264,Good,Moderate,88.06250363458437
32.0,Male,Single,Graduate,66400.0,Private,6.2,Large Indian,Family,0.0,1,0,0.0,0.0,8200.0,18300.0,12300.0,Yes,9400.0,734.0,55100.0,14100.0,Home Appliances EMI,61000.0,8,Not_Eligible,5096.0,38800.0,18200.0,0.5843373493887901,0.14156626505810896,0.14156626505810896,1.0421686746831,0.2925311203258811,0.07655622489950231,7624.99904687512,18200.0,2.3868855439492602,Good,Established,86.46265560162941
32.0,Female,Married,Graduate,44600.0,Private,8.3,Mid-size,Family,0.0,3,2,0.0,0.0,6200.0,9300.0,3300.0,No,0.0,699.0,170300.0,35200.0,Home Appliances EMI,176000.0,29,Eligible,12900.0,18800.0,25800.0,0.4215246636676788,0.0,0.0,4.60762331828234,1.8723404254323224,0.3288490283999835,6068.965307966713,8600.0,4.251136509526801,Fair,Senior/Veteran,94.3617021271616
32.0,Male,Married,Professional,27000.0,Government,8.1,Startup,Rented,9300.0,2,1,0.0,0.0,1400.0,5500.0,5000.0,No,0.0,772.0,140000.0,36900.0,Home Appliances EMI,27000.0,9,High_Risk,3828.0,21200.0,5800.0,0.7851851851561042,0.34444444443168726,0.0,6.55185185160919,1.7405660376537468,0.08333333333307613,2999.999666666704,2900.0,1.9333335475037035,Excellent,Senior/Veteran,78.8880153757804
27.0,Male,Married,Graduate,18000.0,Government,2.8,Mid-size,Family,0.0,4,3,0.0,0.0,1400.0,4400.0,2500.0,Yes,2200.0,666.0,11500.0,3100.0,Education EMI,66000.0,41,High_Risk,2100.0,8300.0,7500.0,0.4611111110854938,0.1222222222154321,0.1222222222154321,0.8111111110660494,0.2952380952099773,0.30555555555414093,1609.7560582986328,1875.0,4.659091019832989,Fair,Moderate,86.47619047604988
32.0,Female,Married,Post Graduate,91000.0,Private,0.5,MNC,Rented,15700.0,3,2,5800.0,18500.0,7900.0,23800.0,6400.0,No,0.0,702.0,286600.0,65200.0,Education EMI,186000.0,26,Not_Eligible,5160.0,78100.0,12900.0,0.8582417582323271,0.17252747252557663,0.0,3.8659340658915835,0.8348271446756105,0.17032967032951435,7153.8458786982355,4300.0,1.8032258755543877,Good,Probation/Junior,68.5147950647919
32.0,Male,Married,Post Graduate,81400.0,Private,2.1,Large Indian,Own,0.0,3,2,5900.0,0.0,6600.0,20700.0,6100.0,Yes,21900.0,697.0,150900.0,34500.0,Personal Loan EMI,177000.0,43,High_Risk,5656.0,39300.0,20200.0,0.4828009827950516,0.2690417690384639,0.2690417690384639,2.277641277613297,0.5637254901868672,0.1812039312037457,4116.278974040024,6733.333333333333,4.907344745700475,Fair,Moderate,87.81862745093434
38.0,Male,Married,Graduate,18000.0,Private,6.6,MNC,Family,0.0,3,2,2900.0,0.0,1100.0,5400.0,900.0,Yes,5000.0,611.0,87000.0,20000.0,Education EMI,235000.0,38,Not_Eligible,756.0,10300.0,2700.0,0.5722222221904321,0.2777777777623457,0.2777777777623457,5.944444444114198,1.307189542398223,1.0879629629579262,6184.210363573412,900.0,0.43659575609961426,Poor,Established,91.53594771199111
32.0,Female,Married,High School,20000.0,Private,1.2,Large Indian,Own,0.0,3,2,13500.0,0.0,1900.0,4400.0,1900.0,No,0.0,672.0,73300.0,29000.0,Home Appliances EMI,61000.0,35,Not_Eligible,500.0,21700.0,-1700.0,1.08499999994575,0.0,0.0,5.11499999974425,1.3364055298923314,0.2541666666656076,1742.8570930612261,-566.6666666666666,-0.9754098633747647,Fair,Moderate,27.882027653801657
32.0,Female,Single,Graduate,15000.0,Self-employed,1.6,Mid-size,Rented,2300.0,3,2,0.0,0.0,2200.0,3300.0,2400.0,No,0.0,828.0,9600.0,5500.0,Home Appliances EMI,146000.0,23,Not_Eligible,2073.6,10200.0,4800.0,0.6799999999546666,0.1533333333231111,0.0,1.0066666665995556,0.5392156862216455,0.8111111111066049,6347.825810964095,1600.0,0.7561644163192344,Excellent,Moderate,81.29607843473488
32.0,Male,Married,Graduate,113800.0,Private,5.3,MNC,Rented,20100.0,3,2,8900.0,0.0,10400.0,21300.0,14000.0,Yes,22700.0,742.0,753300.0,425400.0,Personal Loan EMI,658000.0,18,Not_Eligible,6314.0,74700.0,16400.0,0.656414762735884,0.37609841827437523,0.19947275922496072,10.357644991121639,4.367556468127644,0.4818394844753355,36555.553524691466,5466.666666666667,0.4486322437567244,Good,Established,95.48681898112929
27.0,Male,Married,High School,23600.0,Government,2.0,Mid-size,Own,0.0,3,2,5800.0,20300.0,1200.0,4600.0,3100.0,No,0.0,766.0,162000.0,40400.0,E-commerce Shopping EMI,19000.0,19,Not_Eligible,500.0,35000.0,-11400.0,1.4830508473947859,0.0,0.0,8.576271186077276,1.1542857142527347,0.06709039547998909,999.9999473684238,-3800.0,-11.4000005886,Excellent,Moderate,5.0
27.0,Female,Married,Graduate,26200.0,Private,0.5,MNC,Rented,8500.0,3,2,10100.0,0.0,2000.0,7800.0,2600.0,No,0.0,638.0,48100.0,28600.0,Education EMI,379000.0,24,Not_Eligible,500.0,31000.0,-4800.0,1.1832061068250685,0.3244274809036478,0.0,2.927480915918798,0.9225806451315296,1.2054707379096519,15791.666008680582,-1600.0,-0.3039577962868206,Poor,Probation/Junior,17.956414679652163
38.0,Female,Married,Post Graduate,61600.0,Private,16.0,Mid-size,Rented,17800.0,2,1,0.0,0.0,5300.0,9600.0,9700.0,Yes,12900.0,678.0,143100.0,84200.0,Personal Loan EMI,254000.0,26,Not_Eligible,2205.0,42400.0,6300.0,0.6883116883005144,0.49837662336853283,0.2094155844121848,3.689935064875163,1.5226039782726473,0.34361471861425374,9769.230393491138,3150.0,0.6448819145009176,Fair,Senior/Veteran,78.66172119152479
32.0,Female,Single,Graduate,33700.0,Private,2.1,MNC,Own,0.0,3,2,0.0,0.0,4800.0,6300.0,4800.0,No,0.0,659.0,213800.0,64000.0,Home Appliances EMI,217000.0,29,High_Risk,9790.0,15900.0,17800.0,0.4718100890067712,0.0,0.0,8.243323441891889,4.025157232451248,0.536597428287496,7482.758362663504,5933.333333333333,2.3788019250277177,Fair,Moderate,100.0
48.0,Female,Single,Professional,109200.0,Private,23.0,Small,Family,0.0,1,0,0.0,0.0,8200.0,27700.0,16100.0,Yes,12600.0,707.0,406700.0,195700.0,E-commerce Shopping EMI,101000.0,24,Eligible,15610.0,52000.0,44600.0,0.4761904761861155,0.11538461538355875,0.11538461538355875,5.5164835164329995,3.0294117646589873,0.07707570207564325,4208.333157986118,44600.0,10.598020241046015,Good,Senior/Veteran,100.0
32.0,Female,Married,Graduate,70600.0,Private,3.9,Startup,Family,0.0,3,2,8600.0,16200.0,9600.0,20300.0,13600.0,Yes,13700.0,650.0,196000.0,200100.0,E-commerce Shopping EMI,21000.0,3,Not_Eligible,500.0,68300.0,-11400.0,0.9674220963035777,0.19405099149866786,0.19405099149866786,5.610481586322798,2.4402439024092657,0.024787535410735615,6999.997666667444,-3800.0,-1.6285719711959183,Fair,Established,42.8074518077601
32.0,Male,Married,Graduate,50400.0,Government,1.5,MNC,Own,0.0,5,4,0.0,0.0,4800.0,14600.0,3600.0,Yes,11900.0,707.0,307000.0,78100.0,Home Appliances EMI,124000.0,6,Not_Eligible,5967.5,23000.0,15500.0,0.4563492063401518,0.23611111110642635,0.23611111110642635,7.640873015721411,2.2378223495060796,0.20502645502611602,20666.663222222796,3100.0,0.7500001249637096,Good,Moderate,96.1891117475304
38.0,Male,Married,Post Graduate,54900.0,Private,1.3,Mid-size,Own,0.0,2,1,14500.0,0.0,5300.0,12700.0,11000.0,No,0.0,667.0,145100.0,86500.0,Home Appliances EMI,157000.0,17,Not_Eligible,5700.0,43500.0,11400.0,0.7923497267615237,0.0,0.0,4.218579234895836,1.988505747080724,0.23831208257401593,9235.293574394494,5700.0,1.234394976936403,Fair,Moderate,79.55455059448173
38.0,Female,Married,Graduate,43700.0,Private,11.2,Startup,Rented,11600.0,4,3,6200.0,20400.0,5900.0,9500.0,7800.0,Yes,4500.0,719.0,342800.0,122400.0,Personal Loan EMI,966000.0,30,Not_Eligible,500.0,61400.0,-22200.0,1.4050343249106398,0.3684210526231483,0.10297482837292964,10.645308924241526,1.8573596357836517,1.842105263154382,32199.9989266667,-5550.0,-0.6894410167487752,Good,Senior/Veteran,5.0
27.0,Male,Single,Post Graduate,67500.0,Private,1.5,MNC,Family,0.0,3,2,0.0,9700.0,10000.0,15000.0,10900.0,No,0.0,735.0,85400.0,17900.0,Personal Loan EMI,314000.0,29,Not_Eligible,8760.0,45600.0,21900.0,0.6755555555455474,0.0,0.0,1.5303703703476983,0.39254385964051436,0.3876543209871757,10827.585833531522,7300.0,2.022611534526574,Good,Moderate,80.91827485455879
38.0,Male,Married,Graduate,35700.0,Self-employed,3.5,MNC,Own,0.0,3,2,0.0,0.0,3800.0,7600.0,7100.0,Yes,10000.0,598.0,225500.0,77400.0,E-commerce Shopping EMI,66000.0,16,Not_Eligible,1995.84,18500.0,7200.0,0.5182072828986497,0.2801120448100809,0.2801120448100809,8.48459383729735,2.7157894735889196,0.15406162464950032,4124.999742187516,2400.0,1.745454654122314,Poor,Established,98.5789473679446
38.0,Male,Married,Graduate,92600.0,Private,4.1,Mid-size,Rented,15300.0,2,1,3600.0,23100.0,5200.0,23700.0,11800.0,No,0.0,631.0,642600.0,235000.0,Vehicle EMI,781000.0,44,Not_Eligible,4356.0,82700.0,9900.0,0.8930885529061222,0.1652267818556671,0.0,9.477321814152514,2.841596130558143,0.7028437724975676,17749.99959659092,4950.0,0.5577464915178735,Poor,Established,75.76089642030094
48.0,Male,Married,High School,50700.0,Private,6.4,Large Indian,Rented,14400.0,5,4,2200.0,12400.0,5700.0,9600.0,8100.0,Yes,8400.0,735.0,240100.0,85500.0,Home Appliances EMI,125000.0,7,Not_Eligible,500.0,52400.0,-10100.0,1.0335305719717252,0.44970414200296444,0.1656804733695132,6.422090729656369,1.406249999976871,0.20545693622582928,17857.140306122812,-2020.0,-0.5656000807683265,Good,Established,28.869514301938835
38.0,Female,Married,Graduate,52500.0,Private,0.5,Mid-size,Family,0.0,5,4,14700.0,19700.0,4200.0,12500.0,3900.0,No,0.0,695.0,346300.0,190300.0,Vehicle EMI,813000.0,25,Not_Eligible,500.0,55000.0,-2500.0,1.047619047599093,0.0,0.0,10.220952380757696,3.4599999999370907,1.2904761904741422,32519.998699200052,-500.0,-0.07687577183035438,Fair,Probation/Junior,39.190476192072566
38.0,Female,Single,Graduate,39500.0,Private,16.0,Mid-size,Rented,11900.0,2,1,3300.0,0.0,3100.0,7700.0,6800.0,No,0.0,737.0,132500.0,74900.0,E-commerce Shopping EMI,77000.0,8,Not_Eligible,3350.0,32800.0,6700.0,0.8303797468144207,0.30126582277718317,0.0,5.250632911259477,2.2835365852962335,0.16244725738362353,9624.998796875152,3350.0,0.6961039830445604,Good,Senior/Veteran,77.9873031813275
48.0,Male,Married,Graduate,26300.0,Private,5.3,Startup,Rented,5900.0,4,3,0.0,0.0,3100.0,6700.0,4400.0,No,0.0,758.0,106100.0,23900.0,Home Appliances EMI,192000.0,32,Not_Eligible,3720.0,20100.0,6200.0,0.7642585551040206,0.22433460075192643,0.0,4.942965779279735,1.1890547263090023,0.6083650190094791,5999.999812500007,1550.0,1.0333333654527777,Excellent,Established,77.80458922322336
27.0,Male,Single,High School,39800.0,Private,0.5,MNC,Family,0.0,2,1,10300.0,0.0,5400.0,8600.0,7100.0,No,0.0,677.0,137300.0,78200.0,E-commerce Shopping EMI,110000.0,3,Not_Eligible,3360.0,31400.0,8400.0,0.7889447235982677,0.0,0.0,5.414572864185564,2.4904458597932977,0.23031825795596667,36666.65444444852,4200.0,0.2290909854482975,Fair,Probation/Junior,82.33665141110507
32.0,Male,Married,Graduate,96400.0,Private,0.5,Large Indian,Rented,26700.0,3,2,0.0,0.0,9800.0,24200.0,17700.0,No,0.0,726.0,561000.0,324500.0,E-commerce Shopping EMI,145000.0,4,Not_Eligible,7200.0,78400.0,18000.0,0.8132780082903187,0.27697095435397334,0.0,9.185684647207617,4.139030612192105,0.12534578146600506,36249.99093750226,6000.0,0.49655184826216414,Good,Probation/Junior,82.9377593367745
38.0,Male,Married,Graduate,48300.0,Private,5.4,Startup,Family,0.0,4,3,0.0,21600.0,2500.0,8400.0,3500.0,No,0.0,587.0,239400.0,117600.0,Vehicle EMI,1195000.0,49,Not_Eligible,4920.0,36000.0,12300.0,0.7453416148914008,0.0,0.0,7.391304347673058,3.266666666575926,2.0617667356762217,24387.75460433154,3075.0,0.5043514747073529,Poor,Established,88.37267080868793
32.0,Female,Married,High School,62200.0,Private,0.5,Large Indian,Own,0.0,4,3,0.0,0.0,3700.0,11400.0,8100.0,No,0.0,680.0,264600.0,113100.0,E-commerce Shopping EMI,173000.0,6,Not_Eligible,15600.0,23200.0,39000.0,0.37299035369175254,0.0,0.0,6.072347266783403,4.87499999978987,0.2317792068592822,28833.328527778576,9750.0,1.3526013814559792,Fair,Probation/Junior,100.0
38.0,Female,Married,Graduate,54600.0,Private,3.2,Large Indian,Family,0.0,3,2,11100.0,0.0,4400.0,11100.0,9800.0,Yes,15100.0,629.0,104300.0,61900.0,E-commerce Shopping EMI,178000.0,24,Not_Eligible,694.4,36400.0,3100.0,0.6666666666544566,0.2765567765517114,0.2765567765517114,3.0439560439002937,1.201941747549477,0.27167277167235704,7416.666357638902,1033.3333333333333,0.4179775454492614,Poor,Established,85.67637540539086
32.0,Male,Married,Graduate,22900.0,Self-employed,10.0,Small,Rented,3900.0,3,2,8700.0,21200.0,1900.0,6100.0,2300.0,No,0.0,738.0,55300.0,28700.0,E-commerce Shopping EMI,35000.0,8,Not_Eligible,500.0,44100.0,-21200.0,1.9257641920556434,0.17030567684845827,0.0,3.668122270582178,0.6507936507788936,0.12736535662253506,4374.999453125069,-7066.666666666667,-4.845714890320979,Good,Senior/Veteran,5.0
27.0,Female,Single,High School,21800.0,Government,1.7,Startup,Own,0.0,1,0,0.0,0.0,3000.0,5600.0,3700.0,No,0.0,691.0,68200.0,29500.0,Home Appliances EMI,128000.0,16,Not_Eligible,4750.0,12300.0,9500.0,0.5642201834603568,0.0,0.0,4.481651375941208,2.3983739835448477,0.4892966360837565,7999.999500000031,9500.0,1.1875000740703126,Fair,Moderate,96.99186991772424
38.0,Female,Single,Professional,65800.0,Private,13.6,Mid-size,Own,0.0,2,1,0.0,21400.0,4400.0,17200.0,9800.0,No,0.0,677.0,428800.0,233600.0,E-commerce Shopping EMI,159000.0,13,Not_Eligible,7150.0,52800.0,13000.0,0.8024316109300543,0.0,0.0,10.066869300758864,4.424242424158631,0.20136778115476017,12230.768289940901,6500.0,1.0628931634351093,Fair,Senior/Veteran,83.80547112559566
32.0,Male,Single,Graduate,76800.0,Private,0.5,Large Indian,Rented,23100.0,2,1,0.0,0.0,5200.0,12700.0,5200.0,Yes,15200.0,750.0,106900.0,59000.0,Home Appliances EMI,255000.0,30,Not_Eligible,4139.52,46200.0,15400.0,0.6015624999921672,0.49869791666017327,0.19791666666408964,2.160156249971873,0.9609120521016138,0.2766927083330331,8499.999716666676,7700.0,1.811764766061361,Excellent,Probation/Junior,82.77070609492257
32.0,Female,Married,Professional,59600.0,Private,10.0,MNC,Rented,9500.0,4,3,13800.0,15400.0,7500.0,10500.0,11100.0,No,0.0,815.0,469500.0,177500.0,Education EMI,189000.0,14,Not_Eligible,500.0,67800.0,-8200.0,1.1375838925983628,0.159395973151688,0.0,10.855704697804434,2.617994100256372,0.26426174496607346,13499.999035714356,-2050.0,-0.6074074507486575,Excellent,Senior/Veteran,30.083259093412835
38.0,Male,Married,Post Graduate,87800.0,Government,3.9,Mid-size,Rented,22600.0,3,2,3400.0,0.0,9600.0,21500.0,10400.0,No,0.0,657.0,315600.0,95800.0,Personal Loan EMI,259000.0,43,Eligible,11165.0,67500.0,20300.0,0.7687927106973942,0.25740318906312754,0.0,4.685649202680119,1.4192592592382334,0.2458238420650666,6023.255673877776,6766.666666666667,3.370270348089105,Fair,Established,78.59287944039963
38.0,Female,Married,Post Graduate,84100.0,Private,10.5,Small,Own,0.0,3,2,0.0,0.0,11200.0,20000.0,12500.0,No,0.0,727.0,89200.0,28000.0,E-commerce Shopping EMI,48000.0,22,Eligible,16160.0,43700.0,40400.0,0.5196195005883518,0.0,0.0,1.3935790725161288,0.6407322654315621,0.04756242568366274,2181.8180826446323,13466.666666666666,18.51666749984653,Good,Senior/Veteran,88.20366132715782
32.0,Female,Single,Post Graduate,82100.0,Government,2.1,MNC,Rented,27300.0,2,1,3000.0,0.0,6900.0,20200.0,7000.0,Yes,9200.0,783.0,267500.0,124700.0,Vehicle EMI,397000.0,73,Not_Eligible,3570.0,64400.0,8500.0,0.7844092569940998,0.44457978074976157,0.1120584652848714,4.777101096165931,1.6942934782378494,0.4029638652046255,5438.356089885533,4250.0,1.5629723133146172,Excellent,Moderate,75.59814217917797
32.0,Female,Married,Graduate,29400.0,Private,0.5,Startup,Rented,9000.0,3,2,0.0,0.0,2500.0,7100.0,4200.0,No,0.0,676.0,37200.0,16200.0,Education EMI,469000.0,30,Not_Eligible,2112.0,22800.0,6600.0,0.7755102040552547,0.3061224489691795,0.0,1.816326530550465,0.7105263157583103,1.3293650793613112,15633.33281222224,2200.0,0.4221748541307777,Fair,Probation/Junior,74.51181525437117
48.0,Female,Married,High School,16000.0,Private,5.9,Large Indian,Own,0.0,5,4,0.0,0.0,1700.0,3500.0,1800.0,No,0.0,761.0,101800.0,50400.0,Personal Loan EMI,183000.0,31,Not_Eligible,5940.0,7000.0,9000.0,0.43749999997265626,0.0,0.0,9.512499999405469,7.199999998971428,0.9531249999950357,5903.22561602498,1800.0,1.52459021285649,Excellent,Established,100.0
27.0,Male,Single,Post Graduate,65900.0,Private,2.6,Large Indian,Own,0.0,3,2,0.0,0.0,4500.0,14600.0,11500.0,No,0.0,587.0,196000.0,47100.0,Education EMI,388000.0,24,Not_Eligible,14120.0,30600.0,35300.0,0.4643399089459129,0.0,0.0,3.688922609959197,1.5392156862242086,0.49064238745512057,16166.665993055583,11766.666666666666,2.1835052454834947,Poor,Moderate,92.69607843112104
32.0,Male,Single,Graduate,54600.0,Private,6.1,Large Indian,Rented,15700.0,2,1,0.0,0.0,7700.0,8500.0,8200.0,Yes,8900.0,670.0,409000.0,172400.0,Education EMI,200000.0,18,Not_Eligible,2156.0,40100.0,5600.0,0.7344322344187832,0.4505494505411987,0.1630036630006776,10.648351648156623,3.518367346866972,0.30525030524983937,11111.110493827195,2800.0,0.5040000279546399,Fair,Established,85.70695970861344
38.0,Male,Married,Post Graduate,64800.0,Private,12.7,Large Indian,Family,0.0,4,3,0.0,0.0,6800.0,12600.0,10400.0,No,0.0,764.0,355400.0,148200.0,Home Appliances EMI,183000.0,34,Eligible,21000.0,29800.0,35000.0,0.45987654320277965,0.0,0.0,7.771604938151673,4.973154362249223,0.23533950617253685,5382.352782871977,8750.0,6.502732430485831,Excellent,Senior/Veteran,100.0
27.0,Female,Single,Graduate,80400.0,Private,2.4,Startup,Family,0.0,2,1,12600.0,5600.0,6200.0,12900.0,12100.0,Yes,15300.0,698.0,213000.0,53800.0,E-commerce Shopping EMI,80000.0,23,Eligible,5495.0,49400.0,15700.0,0.6144278606888753,0.19029850746031968,0.19029850746031968,3.3184079601577317,0.8315301390907027,0.0829187396350716,3478.2607183364903,7850.0,4.513750194952297,Fair,Moderate,88.00342184034348
48.0,Male,Single,Post Graduate,66500.0,Private,8.5,Startup,Rented,19200.0,2,1,13500.0,0.0,3800.0,10900.0,11600.0,No,0.0,757.0,267000.0,132300.0,Vehicle EMI,196000.0,54,Not_Eligible,4500.0,59000.0,7500.0,0.8872180450994405,0.2887218045069365,0.0,6.004511278105196,2.242372881317926,0.2456140350874115,3629.6295624142676,3750.0,2.066326568308257,Excellent,Senior/Veteran,73.23442079863439
58.0,Male,Married,High School,37100.0,Private,2.9,MNC,Own,0.0,3,2,14000.0,0.0,4400.0,8500.0,5100.0,No,0.0,669.0,80800.0,30600.0,Education EMI,57000.0,15,Not_Eligible,2550.0,32000.0,5100.0,0.8625336926991231,0.0,0.0,3.0026954177088223,0.9562499999701172,0.1280323450131895,3799.9997466666837,1700.0,1.3421053522783932,Fair,Moderate,68.77855458392074
38.0,Female,Married,Graduate,24500.0,Private,2.7,Large Indian,Family,0.0,3,2,2900.0,0.0,2000.0,6100.0,4100.0,Yes,6500.0,713.0,149400.0,76400.0,Personal Loan EMI,249000.0,52,Not_Eligible,1116.5,15100.0,2900.0,0.6163265305870888,0.26530612243815077,0.26530612243815077,9.216326530236069,3.537037036873285,0.8469387755073233,4788.461446375742,966.6666666666666,0.6056225014799502,Good,Moderate,98.6938775530329
38.0,Male,Married,Professional,80500.0,Government,1.8,MNC,Rented,25800.0,2,1,0.0,0.0,8600.0,13200.0,14800.0,Yes,23000.0,732.0,403600.0,157000.0,Personal Loan EMI,374000.0,53,Not_Eligible,500.0,62400.0,-4900.0,0.7751552794934764,0.6062111801166931,0.2857142857107365,6.963975155192995,1.838407494123672,0.38716356107620375,7056.603640441441,-2450.0,-0.6943850397411699,Good,Moderate,40.74483250297173
38.0,Female,Single,Post Graduate,54300.0,Self-employed,5.3,Large Indian,Own,0.0,2,1,7700.0,0.0,3300.0,9000.0,6800.0,No,0.0,764.0,270500.0,140100.0,Education EMI,176000.0,13,High_Risk,14850.0,26800.0,27500.0,0.4935543277993821,0.0,0.0,7.561694290836801,5.227611940103447,0.27010435850173403,13538.4604970415,13750.0,2.0312501560999645,Excellent,Established,100.0
48.0,Female,Married,Graduate,68200.0,Government,11.0,MNC,Rented,21800.0,4,3,6700.0,5200.0,9800.0,19700.0,8000.0,No,0.0,850.0,113200.0,44100.0,Home Appliances EMI,57000.0,32,Not_Eligible,500.0,71200.0,-3000.0,1.0439882697794138,0.31964809383695536,0.0,2.3064516128694073,0.619382022463211,0.06964809384155712,1781.2499443359393,-750.0,-1.6842105780018466,Excellent,Senior/Veteran,27.577848529962935
32.0,Female,Married,Graduate,15000.0,Private,5.8,Startup,Own,0.0,4,3,0.0,12400.0,1600.0,3900.0,900.0,No,0.0,769.0,87700.0,29100.0,E-commerce Shopping EMI,83000.0,22,Not_Eligible,500.0,18800.0,-3800.0,1.2533333332497778,0.0,0.0,7.786666666147555,1.5478723403431982,0.46111111110854935,3772.727101239677,-950.0,-1.007228961178807,Excellent,Established,15.472695041733765
38.0,Female,Married,Graduate,28200.0,Government,3.9,Mid-size,Rented,7000.0,3,2,11700.0,0.0,3000.0,8000.0,3600.0,No,0.0,708.0,112100.0,28200.0,Home Appliances EMI,237000.0,23,Not_Eligible,500.0,33300.0,-5100.0,1.180851063787913,0.24822695034580755,0.0,4.975177304788114,0.846846846821416,0.7003546099270084,10304.347378071852,-1700.0,-0.49493673033171504,Good,Established,17.76614913107403
27.0,Female,Married,Post Graduate,23400.0,Private,5.0,Large Indian,Own,0.0,5,4,10300.0,16900.0,3000.0,6500.0,2300.0,No,0.0,683.0,158100.0,42600.0,Education EMI,219000.0,47,Not_Eligible,500.0,39000.0,-15600.0,1.6666666665954415,0.0,0.0,8.576923076556541,1.0923076922796844,0.7799145299117525,4659.5743689452265,-3120.0,-3.3479452759938195,Fair,Established,5.0
38.0,Male,Married,Graduate,41900.0,Self-employed,1.5,Mid-size,Own,0.0,3,2,0.0,0.0,3800.0,11400.0,6500.0,Yes,8400.0,625.0,179000.0,72600.0,Home Appliances EMI,112000.0,33,Not_Eligible,2973.6,21700.0,11800.0,0.5178997613241552,0.20047732696418907,0.20047732696418907,6.004773269546425,2.411960132810234,0.22275258552063892,3393.939291092749,3933.3333333333335,3.476785818618447,Poor,Moderate,97.05980066405117
32.0,Male,Single,Graduate,49400.0,Government,1.9,Small,Own,0.0,2,1,0.0,0.0,3500.0,10700.0,8500.0,Yes,12700.0,687.0,30800.0,13600.0,E-commerce Shopping EMI,122000.0,7,Not_Eligible,3920.0,22700.0,14000.0,0.45951417003118394,0.25708502023771085,0.25708502023771085,0.8987854250830205,0.3841807909495994,0.20580296896051653,17428.568938775865,7000.0,0.8032788032325988,Fair,Moderate,86.920903954748
38.0,Female,Married,Graduate,18000.0,Government,4.5,Mid-size,Own,0.0,5,4,11800.0,0.0,1900.0,2800.0,2900.0,No,0.0,665.0,52500.0,17200.0,Home Appliances EMI,256000.0,10,Not_Eligible,500.0,19400.0,-1400.0,1.0777777777179012,0.0,0.0,3.8722222220070988,0.886597938098629,1.1851851851796982,25599.997440000257,-280.0,-0.054687505466613766,Fair,Established,26.210767473061047
48.0,Female,Married,Graduate,15000.0,Private,10.7,Large Indian,Own,22177.0,2,1,2800.0,12200.0,1700.0,3500.0,1600.0,Yes,1900.0,596.0,38400.0,14300.0,Home Appliances EMI,188000.0,33,Not_Eligible,500.0,43977.0,-30877.0,2.9317999998045465,1.6051333332263245,0.1266666666582222,3.513333333099111,0.31170303201360805,1.044444444438642,5696.969524334258,-15438.5,-5.419899099458208,Poor,Senior/Veteran,5.0
27.0,Male,Single,Graduate,33100.0,Private,0.5,Startup,Rented,8000.0,2,1,0.0,0.0,3200.0,6700.0,3200.0,No,0.0,646.0,223000.0,78200.0,Home Appliances EMI,184000.0,18,Not_Eligible,4224.0,21100.0,12000.0,0.6374622356302881,0.24169184289300025,0.0,9.09969788492146,3.7061611372651106,0.46324269889107944,10222.221654321018,6000.0,1.173913108580813,Poor,Probation/Junior,97.00302114957695
38.0,Male,Married,High School,59700.0,Government,13.7,MNC,Rented,18700.0,5,4,0.0,11000.0,5200.0,16300.0,5000.0,Yes,11200.0,670.0,438200.0,204700.0,Education EMI,416000.0,25,Not_Eligible,500.0,56200.0,-7700.0,0.9413735343225901,0.5008375209296342,0.18760469011411046,10.768844220925144,3.0370919880855034,0.5806811836954485,16639.999334400025,-1540.0,-0.4627404030971911,Fair,Senior/Veteran,40.63149078911839
48.0,Male,Married,Post Graduate,53100.0,Government,5.8,Large Indian,Own,0.0,2,1,13700.0,0.0,5100.0,14500.0,4000.0,No,0.0,739.0,55700.0,28700.0,Vehicle EMI,1304000.0,62,Not_Eligible,6952.0,37300.0,15800.0,0.7024482109095584,0.0,0.0,1.589453860610368,0.7694369972984065,2.0464532328906992,21032.257725286167,7900.0,0.7512270059458772,Good,Established,80.65132811372735
38.0,Male,Single,Graduate,28800.0,Private,3.3,Large Indian,Rented,7400.0,1,0,0.0,0.0,2800.0,6800.0,5200.0,Yes,7200.0,597.0,15500.0,6500.0,E-commerce Shopping EMI,135000.0,12,Not_Eligible,500.0,22200.0,-600.0,0.7708333333065682,0.5069444444268422,0.24999999999131944,0.763888888862365,0.22108843536662964,0.39062499999886974,11249.99906250008,-600.0,-0.05333333777303703,Poor,Established,39.95266440242874
48.0,Female,Married,Graduate,49700.0,Private,13.1,Mid-size,Rented,12800.0,3,2,0.0,0.0,5600.0,10100.0,6300.0,Yes,6300.0,900.0,267400.0,150800.0,Home Appliances EMI,242000.0,11,Not_Eligible,2408.0,34800.0,8600.0,0.7002012072293722,0.38430583500232784,0.12676056337773117,8.41448692135987,3.669099756601725,0.4057679409785282,21999.998000000185,2866.6666666666665,0.39090912642851233,Excellent,Senior/Veteran,91.98390342165023
38.0,Male,Married,Graduate,71300.0,Private,5.5,Large Indian,Own,0.0,3,2,6300.0,0.0,4100.0,18000.0,6300.0,No,0.0,809.0,389100.0,84300.0,Vehicle EMI,1205000.0,15,Not_Eligible,21960.0,34700.0,36600.0,0.48667601682346884,0.0,0.0,6.639551192052742,2.429394812610104,1.4083683964452918,80333.32797777814,12200.0,0.4556016901188099,Excellent,Established,97.14697406305052
38.0,Male,Married,Graduate,50000.0,Private,15.2,Large Indian,Family,0.0,4,3,12500.0,0.0,3800.0,10500.0,9700.0,No,0.0,585.0,99500.0,48300.0,Vehicle EMI,626000.0,56,Not_Eligible,4320.0,36500.0,13500.0,0.7299999999854,0.0,0.0,2.95599999994088,1.3232876711966222,1.0433333333315944,11178.571228954086,3375.0,1.2076677530868538,Poor,Senior/Veteran,81.2164383571511
38.0,Male,Married,Graduate,25600.0,Private,7.0,Mid-size,Family,0.0,4,3,0.0,0.0,2200.0,7500.0,2700.0,No,0.0,643.0,185500.0,79400.0,Vehicle EMI,109000.0,25,High_Risk,5808.0,12400.0,13200.0,0.4843749999810791,0.0,0.0,10.347656249595795,6.403225805935223,0.3548177083321783,4359.999825600007,3300.0,3.0275230561863475,Poor,Senior/Veteran,100.0
27.0,Male,Single,Graduate,51100.0,Private,3.5,Large Indian,Own,0.0,2,1,8700.0,13300.0,5900.0,10100.0,5100.0,No,0.0,748.0,346400.0,187800.0,E-commerce Shopping EMI,110000.0,20,Not_Eligible,4400.0,43100.0,8000.0,0.843444226989365,0.0,0.0,10.454011741478395,4.357308584585677,0.1793868232221471,5499.999725000013,4000.0,1.4545455270082646,Good,Established,80.52446184085079
48.0,Female,Married,Graduate,43600.0,Private,18.7,MNC,Own,0.0,4,3,9400.0,18300.0,3200.0,11600.0,4200.0,Yes,7000.0,824.0,96000.0,25500.0,Home Appliances EMI,162000.0,24,Not_Eligible,500.0,46700.0,-10100.0,1.0711009174066262,0.16055045871191398,0.16055045871191398,2.7866972476425067,0.4748603351866879,0.30963302752234395,6749.999718750011,-2525.0,-1.4962963584203017,Excellent,Senior/Veteran,24.686228283403345
38.0,Male,Married,High School,27100.0,Private,16.0,Startup,Own,0.0,4,3,8700.0,13100.0,2100.0,4700.0,4400.0,No,0.0,772.0,165000.0,36500.0,Personal Loan EMI,303000.0,39,Not_Eligible,500.0,33000.0,-5900.0,1.217712177076837,0.0,0.0,7.4354243539691725,1.106060606027089,0.9317343173403083,7769.230570019729,-1475.0,-0.7594059599682612,Excellent,Senior/Veteran,16.11332886398847
38.0,Male,Married,Professional,65500.0,Private,1.8,Large Indian,Own,0.0,2,1,5000.0,0.0,4200.0,17900.0,5400.0,No,0.0,611.0,339100.0,139200.0,Personal Loan EMI,146000.0,46,Eligible,13200.0,32500.0,33000.0,0.4961832060992949,0.0,0.0,7.302290076224392,4.283076922945136,0.1857506361320792,3173.912974480153,16500.0,10.39726049672415,Poor,Moderate,100.0
38.0,Female,Married,Post Graduate,57500.0,Government,6.6,Large Indian,Rented,10800.0,2,1,6400.0,6000.0,3700.0,17000.0,8900.0,No,0.0,788.0,419500.0,129400.0,Personal Loan EMI,106000.0,51,High_Risk,3412.2,52800.0,4700.0,0.9182608695492477,0.1878260869532552,0.0,9.54608695635572,2.45075757571116,0.15362318840557446,2078.4313317954643,2350.0,2.26132079796861,Excellent,Established,71.79291831461599
27.0,Male,Single,Post Graduate,101800.0,Private,1.2,MNC,Own,0.0,2,1,0.0,0.0,13700.0,22900.0,20200.0,No,0.0,745.0,556300.0,326000.0,Education EMI,169000.0,44,Eligible,22500.0,56800.0,45000.0,0.5579567779905898,0.0,0.0,8.666994106005236,5.739436619617264,0.1383431565159313,3840.9090036157045,22500.0,11.715976594582823,Good,Moderate,100.0
32.0,Male,Married,Graduate,84900.0,Self-employed,2.4,MNC,Rented,25400.0,4,3,5700.0,0.0,9800.0,21500.0,16500.0,No,0.0,754.0,86300.0,25300.0,Home Appliances EMI,187000.0,23,Not_Eligible,2592.0,78900.0,6000.0,0.9293286218971811,0.2991755005854043,0.0,1.3144876324933512,0.32065906209986494,0.18354927365510057,8130.434429111546,1500.0,0.7379679464332981,Excellent,Moderate,60.25700555872483
32.0,Male,Single,Graduate,34400.0,Private,6.6,Mid-size,Rented,11900.0,2,1,4300.0,0.0,5000.0,5800.0,3100.0,No,0.0,715.0,117200.0,35600.0,Personal Loan EMI,239000.0,34,Not_Eligible,2150.0,30100.0,4300.0,0.8749999999745639,0.3459302325480834,0.0,4.441860464987156,1.182724252452401,0.5789728682156517,7029.411557958484,2150.0,0.6117154990761575,Good,Established,68.91362126429689
48.0,Male,Married,Professional,45300.0,Private,0.7,MNC,Rented,10500.0,3,2,0.0,17100.0,3500.0,10500.0,2400.0,Yes,7900.0,621.0,64200.0,13200.0,Education EMI,218000.0,35,Not_Eligible,500.0,44000.0,-6600.0,0.9713024282346291,0.40618101544357216,0.17439293597849023,1.708609271485461,0.25433526011070645,0.40103016924135204,6228.571250612251,-2200.0,-1.0596330576280404,Poor,Probation/Junior,31.134810960733162
32.0,Male,Married,Graduate,31600.0,Private,0.6,MNC,Family,0.0,4,3,0.0,0.0,2600.0,5000.0,6100.0,No,0.0,771.0,66900.0,18500.0,Personal Loan EMI,504000.0,47,Not_Eligible,8592.0,13700.0,17900.0,0.4335443037837486,0.0,0.0,2.702531645484097,1.3503649634050827,1.329113924047128,10723.404027161618,4475.0,1.6692460671062408,Excellent,Probation/Junior,91.75182481702541
58.0,Female,Married,Graduate,70000.0,Private,36.0,MNC,Rented,22100.0,3,2,0.0,0.0,10300.0,15000.0,7300.0,Yes,7900.0,584.0,548300.0,314700.0,Vehicle EMI,103000.0,82,Eligible,2279.2,54700.0,7400.0,0.7814285714174083,0.42857142856530617,0.11285714285553063,12.328571428395307,5.027156549440461,0.12261904761890165,1256.0975456573472,2466.6666666666665,5.891262203076858,Poor,Senior/Veteran,83.4857142870359
32.0,Female,Single,High School,60200.0,Private,4.9,MNC,Rented,9600.0,1,0,0.0,0.0,6800.0,10700.0,4600.0,Yes,10500.0,642.0,405700.0,134000.0,Personal Loan EMI,521000.0,36,Not_Eligible,5544.0,31700.0,18000.0,0.5265780730809538,0.33388704318382245,0.17441860464826547,8.965116278920846,3.1753554501617214,0.7212070874851589,14472.221820216062,18000.0,1.2437620306242312,Poor,Established,100.0
32.0,Male,Married,Post Graduate,146000.0,Private,1.8,Mid-size,Rented,24100.0,5,4,0.0,9000.0,18400.0,27900.0,19200.0,No,0.0,694.0,116200.0,24500.0,Vehicle EMI,596000.0,27,Not_Eligible,18960.0,98600.0,47400.0,0.675342465748799,0.16506849314955432,0.0,0.9636986301303856,0.24847870182303775,0.3401826484016323,22074.073256515803,9480.0,2.1473155156745345,Fair,Moderate,80.21499624921127
38.0,Male,Married,High School,27300.0,Private,16.0,Mid-size,Own,0.0,4,3,8400.0,0.0,3700.0,5200.0,5500.0,Yes,5000.0,779.0,207800.0,86600.0,Home Appliances EMI,65000.0,34,Not_Eligible,500.0,22800.0,-500.0,0.835164835134243,0.18315018314347434,0.18315018314347434,10.783882783487769,3.1151079135570106,0.19841269841209275,1911.764649653981,-125.0,-0.26153846909396444,Excellent,Senior/Veteran,56.18681318926056
27.0,Male,Single,Graduate,109000.0,Private,0.5,Large Indian,Own,0.0,1,0,0.0,0.0,13900.0,18700.0,7300.0,No,0.0,719.0,644000.0,344000.0,Personal Loan EMI,133000.0,31,Eligible,27640.0,39900.0,69100.0,0.36605504586820137,0.0,0.0,9.064220183403082,8.6215538844957,0.10168195718646661,4290.322442247663,69100.0,16.106015553388822,Good,Probation/Junior,100.0
38.0,Female,Married,Graduate,38100.0,Government,0.9,Startup,Own,0.0,5,4,0.0,0.0,4800.0,8700.0,7600.0,Yes,7500.0,654.0,192400.0,81000.0,Home Appliances EMI,33000.0,8,Not_Eligible,3325.0,21100.0,9500.0,0.5538057742636796,0.1968503936956207,0.1968503936956207,7.175853018184361,2.832167832068805,0.07217847769013085,4124.999484375065,1900.0,2.30303059035078,Fair,Probation/Junior,99.16083916034403
38.0,Female,Married,Post Graduate,135500.0,Government,4.6,Startup,Rented,43500.0,2,1,13700.0,0.0,18000.0,39600.0,17300.0,Yes,25700.0,631.0,893500.0,409900.0,Personal Loan EMI,119000.0,22,Not_Eligible,500.0,132100.0,-22300.0,0.9749077490702959,0.5107011070073011,0.189667896677567,9.619188191810927,2.597591888449952,0.07318573185727356,5409.090663223152,-11150.0,-4.122689262263032,Poor,Established,35.24626202611501
38.0,Male,Single,Graduate,19900.0,Self-employed,1.0,Large Indian,Own,0.0,2,1,13300.0,0.0,2900.0,5900.0,3500.0,Yes,2000.0,679.0,27900.0,10500.0,Vehicle EMI,1498000.0,16,Not_Eligible,500.0,25600.0,-7700.0,1.2864321607393752,0.10050251255776368,0.10050251255776368,1.929648241109063,0.38043478259491176,6.273031825769376,93624.99414843787,-3850.0,-0.0822429957935141,Fair,Moderate,6.9876010538245446
27.0,Male,Married,Graduate,51600.0,Private,2.4,Startup,Own,0.0,3,2,0.0,5800.0,3400.0,11300.0,6500.0,No,0.0,698.0,321200.0,149200.0,Home Appliances EMI,135000.0,30,Eligible,13530.0,27000.0,24600.0,0.5232558139433477,0.0,0.0,9.11627906959077,5.525925925721262,0.21802325581360138,4499.999850000005,8200.0,5.466666847674074,Fair,Moderate,100.0
38.0,Male,Married,Post Graduate,24800.0,Private,3.6,Mid-size,Own,0.0,4,3,0.0,0.0,2500.0,6800.0,3200.0,No,0.0,695.0,79000.0,26900.0,Education EMI,186000.0,46,High_Risk,6150.0,12500.0,12300.0,0.5040322580441923,0.0,0.0,4.270161290150397,2.15199999982784,0.6249999999978999,4043.478172967866,3075.0,3.041935549247693,Fair,Established,95.7599999991392
48.0,Female,Married,Post Graduate,40700.0,Self-employed,10.0,Large Indian,Family,0.0,2,1,0.0,0.0,2400.0,11700.0,7100.0,No,0.0,709.0,97900.0,24800.0,Personal Loan EMI,704000.0,29,Not_Eligible,8775.0,21200.0,19500.0,0.5208845208717228,0.0,0.0,3.0147420146679424,1.169811320699537,1.44144144143849,24275.861231866853,9750.0,0.80326707312032,Good,Senior/Veteran,90.84905660349769
38.0,Female,Married,Graduate,94000.0,Private,4.4,MNC,Rented,14400.0,3,2,0.0,0.0,11900.0,14900.0,15000.0,No,0.0,731.0,459900.0,97900.0,Education EMI,153000.0,27,Eligible,18900.0,56200.0,37800.0,0.5978723404191716,0.15319148936007243,0.0,5.934042553128362,1.7419928825312812,0.13563829787222018,5666.666456790131,12600.0,6.670588481175779,Good,Established,93.7099644126564
27.0,Female,Single,Post Graduate,131600.0,Government,2.4,Mid-size,Family,0.0,1,0,0.0,0.0,11600.0,36400.0,18300.0,Yes,14900.0,725.0,959000.0,439300.0,Home Appliances EMI,237000.0,17,Eligible,19404.0,66300.0,50400.0,0.5037993920934362,0.11322188449761988,0.11322188449761988,10.625379939128987,5.410098522100862,0.15007598784185025,13941.175650519079,50400.0,3.615190085816632,Good,Moderate,100.0
32.0,Male,Single,Graduate,39200.0,Private,6.1,Mid-size,Family,0.0,1,0,0.0,0.0,3300.0,6500.0,6300.0,No,0.0,850.0,126700.0,50000.0,Personal Loan EMI,69000.0,15,Eligible,13860.0,16100.0,23100.0,0.4107142857038083,0.0,0.0,4.507653061109498,3.105590061918907,0.14668367346907593,4599.999693333354,23100.0,5.021739464125708,Excellent,Established,100.0
32.0,Female,Married,Post Graduate,84400.0,Private,0.8,Startup,Family,0.0,2,1,0.0,0.0,5200.0,24700.0,13400.0,No,0.0,587.0,62700.0,35600.0,Personal Loan EMI,73000.0,45,Eligible,10521.6,43300.0,41100.0,0.5130331753493717,0.0,0.0,1.1646919431141625,0.8221709006738529,0.07207740916264606,1622.2221861728403,20550.0,25.335616985752015,Poor,Probation/Junior,89.11085450336927
27.0,Male,Single,Graduate,50000.0,Government,2.6,Large Indian,Family,0.0,3,2,13800.0,0.0,5000.0,10300.0,3300.0,No,0.0,609.0,353600.0,130200.0,Vehicle EMI,550000.0,36,Not_Eligible,7744.0,32400.0,17600.0,0.6479999999870399,0.0,0.0,9.67599999980648,4.01851851839449,0.9166666666651389,15277.777353395075,5866.666666666667,1.1520000319245962,Poor,Moderate,96.1600000010368
48.0,Male,Married,Post Graduate,61400.0,Private,5.6,Large Indian,Family,0.0,3,2,0.0,0.0,5900.0,11000.0,3300.0,No,0.0,677.0,278000.0,63000.0,E-commerce Shopping EMI,192000.0,10,High_Risk,20600.0,20200.0,41200.0,0.3289902280076712,0.0,0.0,5.55374592824831,3.118811881033722,0.2605863192178874,19199.998080000194,13733.333333333334,2.145833547804904,Fair,Established,100.0
38.0,Male,Married,Post Graduate,29000.0,Self-employed,4.5,Large Indian,Family,0.0,2,1,0.0,24000.0,1700.0,5600.0,5000.0,No,0.0,603.0,177600.0,70500.0,Education EMI,261000.0,9,Not_Eligible,500.0,36300.0,-7300.0,1.2517241378878716,0.0,0.0,8.555172413498097,1.9421487602770757,0.7499999999978448,28999.99677777814,-3650.0,-0.251724165891703,Poor,Established,17.572812770355647
32.0,Male,Married,Graduate,53500.0,Government,0.5,Small,Own,0.0,2,1,3200.0,15100.0,3000.0,12000.0,7300.0,No,0.0,829.0,296000.0,131000.0,Vehicle EMI,1086000.0,73,Not_Eligible,7740.0,40600.0,12900.0,0.7588785046587125,0.0,0.0,7.98130841106577,3.226600985142202,1.691588785044094,14876.712124976546,6450.0,0.8671270836433699,Excellent,Probation/Junior,87.289719627303
48.0,Male,Married,Graduate,103800.0,Private,2.2,Large Indian,Rented,22400.0,5,4,12400.0,0.0,11100.0,18300.0,6900.0,No,0.0,679.0,537600.0,143200.0,Vehicle EMI,1487000.0,84,Not_Eligible,16350.0,71100.0,32700.0,0.684971098259297,0.2157996146414663,0.0,6.558766859281708,2.0140646975806744,1.1938021836856183,17702.380741638324,6540.0,1.8472091678176425,Fair,Moderate,88.2726356271596
38.0,Female,Married,Graduate,71100.0,Private,3.9,Small,Own,0.0,4,3,14000.0,11200.0,7400.0,15700.0,9500.0,Yes,7600.0,667.0,131000.0,28900.0,Vehicle EMI,685000.0,13,Not_Eligible,1596.0,57800.0,5700.0,0.8129395217888477,0.1068917018269073,0.1068917018269073,2.2489451476476945,0.44189602445807497,0.8028598218462226,52692.30363905357,1425.0,0.10817519080086674,Fair,Established,70.17431837918257
38.0,Male,Married,Graduate,62500.0,Private,3.0,Small,Own,0.0,4,3,0.0,12200.0,6200.0,11400.0,7100.0,No,0.0,776.0,163300.0,45200.0,Personal Loan EMI,964000.0,39,Not_Eligible,15360.0,36900.0,25600.0,0.5903999999905536,0.0,0.0,3.335999999946624,1.2249322492892971,1.2853333333316195,24717.948084155178,6400.0,1.0356846738170211,Excellent,Established,91.1246612464465
58.0,Male,Married,Graduate,38700.0,Private,11.4,Mid-size,Own,0.0,2,1,4600.0,23900.0,3900.0,11100.0,4900.0,Yes,7700.0,762.0,164200.0,65100.0,Home Appliances EMI,250000.0,19,Not_Eligible,500.0,48400.0,-17400.0,1.2506459947997248,0.1989664082635926,0.1989664082635926,5.925064599330102,1.160427807465946,0.5383290266999605,13157.894044321365,-8700.0,-1.3224000694994977,Excellent,Senior/Veteran,13.750459453351745
32.0,Female,Married,High School,385982.0,Government,6.7,Mid-size,Rented,12800.0,3,2,10300.0,0.0,4700.0,10800.0,6600.0,No,0.0,753.0,119300.0,54300.0,Education EMI,411000.0,28,Not_Eligible,500.0,45200.0,340782.0,0.1171039063994769,0.03316216818392266,0.0,0.44976190599445115,1.2013274336017405,0.08873470783609755,14678.570904336753,113594.0,23.21629279837456,Excellent,Established,91.00663716800871
32.0,Male,Married,Graduate,121200.0,Private,4.7,MNC,Rented,40700.0,3,2,14400.0,0.0,17200.0,30700.0,12200.0,No,0.0,648.0,630700.0,280300.0,Education EMI,378000.0,12,Not_Eligible,2400.0,115200.0,6000.0,0.9504950494971082,0.3358085808553151,0.0,7.516501650103,2.433159722201101,0.2599009900988312,31499.99737500022,2000.0,0.19047620634315948,Poor,Established,69.12619465123684
38.0,Male,Married,Post Graduate,111600.0,Self-employed,0.6,Large Indian,Own,0.0,2,1,14200.0,0.0,12900.0,25000.0,16600.0,Yes,27800.0,575.0,355000.0,78200.0,Home Appliances EMI,296000.0,35,Not_Eligible,3805.2,68700.0,15100.0,0.6155913978439463,0.24910394265009764,0.24910394265009764,3.8817204300727446,0.8103626942921206,0.22102747909183018,8457.14261551021,7550.0,1.7854730237753664,Poor,Probation/Junior,87.80450164394489
37.0,Female,Married,Graduate,23594.0,Private,1.9,Large Indian,Rented,8500.0,3,2,0.0,0.0,3000.0,6400.0,2700.0,Yes,5400.0,614.0,118400.0,36900.0,Home Appliances EMI,63000.0,9,Not_Eligible,500.0,20600.0,-2406.0,0.873103331318424,0.5891328303556356,0.22887174704463542,6.582181910376274,1.4192307691761834,0.22251419852426282,6999.999222222309,-802.0,-0.3437143238556598,Poor,Moderate,32.0085892155125
38.0,Male,Married,Graduate,75300.0,Private,3.3,Startup,Rented,15300.0,4,3,6400.0,0.0,4400.0,12300.0,14700.0,Yes,11600.0,626.0,123700.0,46300.0,Home Appliances EMI,119000.0,14,Not_Eligible,2374.4,53100.0,10600.0,0.705179282859161,0.3572377157987087,0.1540504648053911,2.2576361221479733,0.7156105100353074,0.13169544046023496,8499.999392857188,2650.0,1.247058912458329,Poor,Established,80.16370992144365
48.0,Male,Married,High School,32300.0,Private,4.7,Mid-size,Own,0.0,3,2,3600.0,0.0,4300.0,8500.0,5000.0,No,0.0,721.0,111700.0,28500.0,E-commerce Shopping EMI,29000.0,11,Eligible,5450.0,21400.0,10900.0,0.6625386996698904,0.0,0.0,4.340557275407413,1.331775700872347,0.07481940144459541,2636.363396694237,3633.3333333333335,4.1344831329145055,Good,Established,86.65578253077051
27.0,Female,Married,Graduate,33400.0,Government,1.1,Startup,Own,0.0,4,3,12400.0,20800.0,4500.0,6900.0,5700.0,No,0.0,723.0,238900.0,89100.0,Vehicle EMI,319000.0,12,Not_Eligible,500.0,50300.0,-16900.0,1.5059880239070063,0.0,0.0,9.820359281143103,1.7713717693484816,0.7959081836307487,26583.331118055743,-4225.0,-0.635736730070129,Good,Moderate,5.0
48.0,Male,Married,Professional,42100.0,Self-employed,8.6,Large Indian,Family,0.0,5,4,8800.0,0.0,2800.0,6800.0,8400.0,Yes,9600.0,693.0,216300.0,79300.0,E-commerce Shopping EMI,27000.0,3,Not_Eligible,1795.5,26800.0,5700.0,0.6365795724314351,0.22802850355752902,0.22802850355752902,7.021377672042248,2.1785714285115776,0.053444180522459535,8999.997000001,1140.0,0.633333544374074,Fair,Senior/Veteran,92.96649134804308
58.0,Male,Married,Graduate,44100.0,Private,7.4,Mid-size,Own,0.0,4,3,0.0,0.0,5600.0,8100.0,7700.0,Yes,7200.0,619.0,53700.0,28000.0,Education EMI,461000.0,17,Not_Eligible,3472.0,21400.0,15500.0,0.48526077096405307,0.16326530611874682,0.16326530611874682,1.8526077097085576,0.9790209789867476,0.8711262282674392,27117.645463667912,3875.0,0.5715835477012648,Poor,Senior/Veteran,89.89510489493374
38.0,Female,Married,Graduate,91300.0,Private,0.6,Large Indian,Own,0.0,3,2,6200.0,0.0,9500.0,23200.0,11700.0,No,0.0,678.0,399300.0,117600.0,Education EMI,363000.0,22,Not_Eligible,16280.0,50600.0,40700.0,0.5542168674638093,0.0,0.0,5.661555312095712,2.324110671890828,0.33132530120451686,16499.999250000033,13566.666666666666,2.466666778638384,Fair,Probation/Junior,96.62055335945414
38.0,Female,Married,Professional,67100.0,Government,2.1,Large Indian,Rented,12700.0,2,1,13600.0,0.0,4100.0,12800.0,6000.0,Yes,17400.0,767.0,397500.0,214900.0,Home Appliances EMI,239000.0,8,Not_Eligible,500.0,49200.0,500.0,0.7332339791246911,0.44858420267587806,0.25931445603190295,9.126676601950424,3.2267267266782778,0.29682066567275606,29874.99626562547,250.0,0.01673640376513016,Excellent,Moderate,85.94038748271325
38.0,Female,Married,Graduate,18000.0,Private,3.5,Large Indian,Rented,5500.0,2,1,13100.0,7600.0,2500.0,4600.0,2700.0,No,0.0,649.0,16500.0,9100.0,Education EMI,338000.0,45,Not_Eligible,500.0,36000.0,-18000.0,1.9999999998888889,0.3055555555385802,0.0,1.42222222214321,0.25277777777075616,1.5648148148075702,7511.110944197535,-9000.0,-2.3964497570773955,Poor,Established,5.0
38.0,Male,Married,Graduate,22400.0,Private,0.9,Large Indian,Own,0.0,4,3,0.0,0.0,1100.0,4400.0,2000.0,No,0.0,734.0,118200.0,36900.0,Education EMI,227000.0,13,Not_Eligible,5960.0,7500.0,14900.0,0.33482142855648117,0.0,0.0,6.9241071425480305,4.919999999343999,0.8444940476159059,17461.537118343298,3725.0,0.8533040303476082,Good,Probation/Junior,100.0
38.0,Male,Married,Graduate,38800.0,Self-employed,1.4,Large Indian,Rented,7500.0,4,3,0.0,0.0,5100.0,7400.0,5400.0,Yes,9500.0,654.0,238000.0,70100.0,Education EMI,345000.0,27,Not_Eligible,1351.35,25400.0,3900.0,0.6546391752408598,0.43814432988561486,0.2448453608184318,7.940721649279879,2.008595988481129,0.7409793814417075,12777.777304526766,975.0,0.30521740258480906,Fair,Moderate,88.00174283114383
58.0,Male,Married,High School,33500.0,Government,2.4,Large Indian,Rented,6600.0,5,4,0.0,0.0,4700.0,7600.0,4300.0,No,0.0,733.0,182900.0,98800.0,Personal Loan EMI,761000.0,55,Not_Eligible,5150.0,23200.0,10300.0,0.6925373134121631,0.1970149253672533,0.0,8.408955223629583,4.258620689471611,1.8930348258659377,13836.363384793394,2060.0,0.7444152565822038,Good,Moderate,92.59701492702695
38.0,Male,Married,Graduate,23800.0,Private,8.6,Mid-size,Own,0.0,4,3,4300.0,0.0,3200.0,5700.0,4500.0,Yes,3900.0,844.0,42500.0,13200.0,Education EMI,421000.0,26,Not_Eligible,739.2,17700.0,2200.0,0.7436974789603489,0.1638655462116023,0.1638655462116023,2.340336134355448,0.6111111110828189,1.4740896358491804,16192.30706952665,550.0,0.13586698859018398,Excellent,Senior/Veteran,76.55975723858617
38.0,Male,Married,Professional,87900.0,Private,12.5,MNC,Own,0.0,4,3,13500.0,0.0,9400.0,13700.0,13200.0,Yes,25500.0,690.0,580300.0,74000.0,Vehicle EMI,262000.0,34,Not_Eligible,4851.0,49800.0,12600.0,0.5665529010174454,0.290102389075198,0.290102389075198,7.443686006741256,0.9827357237585295,0.2483883200604395,7705.882126297585,3150.0,1.6351145516962062,Fair,Senior/Veteran,89.91367861879264
48.0,Female,Married,Post Graduate,45300.0,Government,17.9,MNC,Family,0.0,4,3,0.0,20200.0,3300.0,6900.0,5400.0,No,0.0,786.0,305000.0,182800.0,Home Appliances EMI,235000.0,15,Not_Eligible,6897.0,35800.0,9500.0,0.7902869756999936,0.0,0.0,10.768211920292092,5.106145251254018,0.4323031640904483,15666.665622222292,2375.0,0.6063830191102308,Excellent,Senior/Veteran,84.7770419440005
48.0,Female,Single,High School,52300.0,Private,5.6,MNC,Own,0.0,3,2,2800.0,0.0,3500.0,14600.0,6200.0,Yes,10200.0,690.0,281700.0,72700.0,Home Appliances EMI,51000.0,34,Eligible,5250.0,27100.0,15000.0,0.5181644359365551,0.1950286806846075,0.1950286806846075,6.776290630845578,1.9490616621461376,0.0812619502866774,1499.9999558823542,5000.0,10.000000287450979,Fair,Established,94.74530831073069
48.0,Female,Married,Post Graduate,33600.0,Private,15.9,MNC,Family,0.0,4,3,0.0,0.0,3400.0,6600.0,5300.0,Yes,8900.0,694.0,156600.0,84900.0,Vehicle EMI,541000.0,50,Not_Eligible,3290.0,15300.0,9400.0,0.4553571428435906,0.264880952373069,0.264880952373069,7.187499999786087,3.5082644626649477,1.3417658730125452,10819.999783600006,2350.0,0.8687615699751605,Fair,Senior/Veteran,100.0
32.0,Male,Married,Professional,30000.0,Private,3.6,MNC,Family,0.0,3,2,4700.0,0.0,3300.0,8000.0,5800.0,Yes,4900.0,555.0,41200.0,8700.0,E-commerce Shopping EMI,185000.0,11,Not_Eligible,739.2,21800.0,3300.0,0.7266666666424444,0.16333333332788888,0.16333333332788888,1.6633333332778888,0.32584269661700965,0.5138888888874614,16818.18028925634,1100.0,0.1962162340423871,Poor,Established,76.4958801516895
38.0,Male,Married,Post Graduate,11400.0,Private,0.5,Large Indian,Own,0.0,4,3,10600.0,0.0,3400.0,11700.0,8200.0,No,0.0,796.0,290200.0,71900.0,Vehicle EMI,1143000.0,13,Not_Eligible,15360.0,33900.0,-22500.0,2.9736842102654664,0.0,0.0,31.7631578919506,2.120943952739795,8.35526315783366,87923.07015976384,-5625.0,-0.2559055314931524,Excellent,Probation/Junior,5.0
48.0,Male,Married,Graduate,52000.0,Government,13.2,Mid-size,Rented,12700.0,4,3,8100.0,0.0,7500.0,9900.0,2700.0,No,0.0,664.0,416000.0,135000.0,Vehicle EMI,581000.0,35,Not_Eligible,6715.5,40900.0,11100.0,0.7865384615233358,0.24423076922607248,0.0,10.596153845950074,3.300733496251816,0.9310897435882515,16599.999525714302,2775.0,0.6686747178598904,Fair,Senior/Veteran,85.07692307813313
38.0,Female,Married,Graduate,20900.0,Government,4.5,MNC,Rented,4700.0,4,3,0.0,0.0,2400.0,5700.0,1100.0,No,0.0,836.0,123100.0,42900.0,Vehicle EMI,348000.0,40,Not_Eligible,4620.0,13900.0,7000.0,0.6650717703031066,0.2248803827643598,0.0,7.942583731677388,3.08633093502976,1.3875598086069076,8699.999782500006,1750.0,0.8045977211718852,Excellent,Established,94.79425837575147
32.0,Male,Married,High School,49400.0,Government,0.5,Startup,Rented,7500.0,2,1,4000.0,0.0,5300.0,12400.0,9100.0,Yes,9500.0,688.0,83600.0,42400.0,E-commerce Shopping EMI,56000.0,17,Not_Eligible,500.0,38300.0,1600.0,0.775303643709002,0.34412955464890427,0.19230769230379943,2.550607287397761,0.8870292886843718,0.09446693657204037,3294.1174532872083,800.0,0.4857143141382654,Fair,Probation/Junior,75.4108549467017
38.0,Female,Married,Graduate,51500.0,Government,7.6,MNC,Own,0.0,2,1,0.0,22800.0,3600.0,14700.0,5300.0,No,0.0,764.0,236000.0,48200.0,Personal Loan EMI,763000.0,36,Not_Eligible,3366.0,46400.0,5100.0,0.9009708737689132,0.0,0.0,5.518446601834593,1.0387931034258882,1.2346278317132127,21194.443855709895,2550.0,0.24062910234775536,Excellent,Senior/Veteran,66.1162956156164
33.0,Male,Married,Graduate,58597.0,Private,4.8,MNC,Own,0.0,4,3,3200.0,0.0,5500.0,10900.0,6600.0,Yes,6800.0,900.0,300300.0,173600.0,Education EMI,388000.0,22,Not_Eligible,8295.0,26200.0,25597.0,0.4471218662995184,0.11604689659682156,0.11604689659682156,8.087444749593196,5.260606060446649,0.5517916161797933,17636.36283471078,6399.25,1.4513763545491487,Excellent,Established,100.0
48.0,Male,Single,Graduate,60700.0,Private,18.8,MNC,Own,0.0,2,1,0.0,0.0,7500.0,16100.0,11200.0,No,0.0,665.0,76300.0,30700.0,Vehicle EMI,1300000.0,30,Not_Eligible,10360.0,34800.0,25900.0,0.5733113673711151,0.0,0.0,1.7627677100203827,0.8821839080206269,1.7847336628201746,43333.33188888893,12950.0,0.5976923276015917,Fair,Senior/Veteran,89.41091954010314
32.0,Male,Married,Graduate,27400.0,Government,3.8,Mid-size,Rented,6000.0,3,2,5100.0,0.0,3900.0,8200.0,4600.0,No,0.0,774.0,53700.0,30000.0,Personal Loan EMI,332000.0,42,Not_Eligible,500.0,27800.0,-400.0,1.0145985401089563,0.21897810218178912,0.0,3.054744525435958,1.0791366906086641,1.0097323600942527,7904.761716553293,-133.33333333333334,-0.05060241083697198,Excellent,Established,32.2278002443268
58.0,Male,Married,Graduate,41100.0,Private,7.5,MNC,Rented,6900.0,2,1,12100.0,0.0,4500.0,7300.0,4400.0,No,0.0,820.0,228600.0,104900.0,Vehicle EMI,1046000.0,21,Not_Eligible,3540.0,35200.0,5900.0,0.8564476885436387,0.16788321167474737,0.0,8.114355230946122,2.980113636278974,2.1208434712041346,49809.52143764184,2950.0,0.1184512484679852,Excellent,Senior/Veteran,79.38475309790377
38.0,Female,Married,Graduate,47300.0,Private,3.2,Large Indian,Rented,10500.0,3,2,0.0,0.0,3800.0,9400.0,3900.0,No,0.0,736.0,221800.0,117700.0,Personal Loan EMI,955000.0,15,Not_Eligible,9850.0,27600.0,19700.0,0.5835095137297355,0.22198731500587765,0.0,7.177589851856711,4.264492753468677,1.6825229034501716,63666.66242222251,6566.666666666667,0.3094241043930457,Good,Established,100.0
27.0,Male,Single,Graduate,71600.0,Private,0.7,Startup,Own,0.0,2,1,0.0,0.0,6800.0,15000.0,14000.0,Yes,8100.0,702.0,422400.0,134500.0,Vehicle EMI,928000.0,19,Not_Eligible,7756.0,35800.0,27700.0,0.4999999999930168,0.11312849161853174,0.11312849161853174,7.7779329607852254,3.0637813211147202,1.08007448789446,48842.10269252091,13850.0,0.5671336505271816,Good,Probation/Junior,100.0
27.0,Female,Single,Graduate,28600.0,Private,0.9,Large Indian,Family,0.0,2,1,0.0,0.0,2700.0,7000.0,1600.0,No,0.0,680.0,217300.0,68700.0,Vehicle EMI,1288000.0,73,Not_Eligible,7612.0,11300.0,17300.0,0.39510489509108027,0.0,0.0,9.999999999650349,6.079646017161093,3.752913752902818,17643.835374741982,8650.0,0.9805124357363528,Fair,Probation/Junior,100.0
48.0,Female,Married,Post Graduate,50200.0,Private,3.6,Small,Own,0.0,3,2,3700.0,0.0,2800.0,12600.0,7900.0,No,0.0,675.0,49400.0,23200.0,Education EMI,148000.0,47,Eligible,9280.0,27000.0,23200.0,0.5378486055669751,0.0,0.0,1.446215139413422,0.8592592592274348,0.24568393094248725,3148.9361032141255,7733.333333333333,7.367567721984624,Fair,Established,89.29629629613717
38.0,Male,Single,High School,61600.0,Private,3.2,Large Indian,Rented,10100.0,3,2,11000.0,0.0,4100.0,18100.0,9500.0,No,0.0,565.0,95400.0,41900.0,Personal Loan EMI,661000.0,41,Not_Eligible,2816.0,52800.0,8800.0,0.8571428571289424,0.16396103895837724,0.0,2.2288961038599204,0.7935606060455765,0.894209956708747,16121.950826293883,2933.3333333333335,0.5458396501930719,Poor,Established,68.3963744599125
27.0,Male,Married,Graduate,71400.0,Private,1.0,Large Indian,Rented,21600.0,3,2,12700.0,0.0,7000.0,15800.0,9400.0,Yes,12000.0,548.0,145200.0,41800.0,Personal Loan EMI,52000.0,59,Not_Eligible,500.0,66500.0,-7100.0,0.9313725490065635,0.4705882352875268,0.16806722688840245,2.6190476190109377,0.5324840764263379,0.06069094304381339,881.355917265154,-2366.6666666666665,-8.055769358167492,Poor,Moderate,31.211439991479722
48.0,Male,Married,Post Graduate,75300.0,Self-employed,8.1,MNC,Own,0.0,2,1,0.0,0.0,9200.0,12000.0,8400.0,Yes,22200.0,654.0,526000.0,74000.0,Home Appliances EMI,223000.0,21,Not_Eligible,8142.75,29600.0,23500.0,0.3930942895034118,0.29482071712755886,0.29482071712755886,7.968127489934023,1.42857142854385,0.2467906153162386,10619.047113378709,11750.0,2.2130045894776993,Fair,Senior/Veteran,92.14285714271925
38.0,Male,Married,Professional,70400.0,Private,3.9,Large Indian,Family,0.0,2,1,12600.0,0.0,3700.0,11800.0,13600.0,No,0.0,735.0,163900.0,84900.0,E-commerce Shopping EMI,92000.0,8,High_Risk,14350.0,41700.0,28700.0,0.5923295454461317,0.0,0.0,3.5340909090407093,2.0359712229727585,0.10890151515138624,11499.998562500181,14350.0,2.4956524856525517,Good,Established,95.1798561148638
38.0,Male,Married,Graduate,18000.0,Private,3.1,Startup,Family,0.0,3,2,3800.0,0.0,2400.0,5300.0,2100.0,No,0.0,844.0,13300.0,6800.0,E-commerce Shopping EMI,102000.0,14,Not_Eligible,2112.0,13600.0,4400.0,0.7555555555135802,0.0,0.0,1.1166666666046297,0.4999999999632353,0.472222222220036,7285.71376530616,1466.6666666666667,0.6039216116818146,Excellent,Established,75.05555555872976
32.0,Female,Single,Professional,118600.0,Private,10.0,Large Indian,Own,0.0,1,0,0.0,0.0,14600.0,34600.0,15800.0,No,0.0,726.0,523200.0,308900.0,Vehicle EMI,667000.0,19,Not_Eligible,26800.0,65000.0,53600.0,0.5480607082584481,0.0,0.0,7.016020236028533,4.75230769223458,0.4686621697579619,35105.2613102494,53600.0,1.5268366620254725,Good,Senior/Veteran,100.0
32.0,Male,Married,Professional,63400.0,Private,7.4,Mid-size,Own,0.0,2,1,0.0,7700.0,7400.0,9600.0,9000.0,No,0.0,764.0,53600.0,13500.0,Education EMI,407000.0,23,Not_Eligible,14256.0,33700.0,29700.0,0.5315457413165371,0.0,0.0,1.0583596214344106,0.400593471798202,0.5349631966344177,17695.651404536893,14850.0,1.6783784512565045,Excellent,Senior/Veteran,87.00296735899101
32.0,Female,Single,Graduate,86900.0,Private,7.7,MNC,Own,0.0,1,0,0.0,0.0,5200.0,16800.0,10900.0,No,0.0,775.0,239500.0,58300.0,E-commerce Shopping EMI,87000.0,5,Eligible,32400.0,32900.0,54000.0,0.3785960874524903,0.0,0.0,3.426927502837435,1.7720364741102723,0.08342922899876924,17399.996520000695,54000.0,3.103448896373365,Excellent,Senior/Veteran,93.86018237055136
38.0,Male,Married,Post Graduate,35400.0,Private,16.0,MNC,Family,0.0,3,2,0.0,0.0,2900.0,5900.0,4700.0,No,0.0,791.0,96700.0,41300.0,Education EMI,238000.0,21,High_Risk,13140.0,13500.0,21900.0,0.38135593219261704,0.0,0.0,3.898305084635641,3.0592592590326473,0.5602636534826736,11333.33279365082,7300.0,1.9323530330227754,Excellent,Senior/Veteran,100.0
38.0,Female,Married,Graduate,76700.0,Government,2.3,MNC,Rented,18800.0,5,4,5000.0,7200.0,5100.0,16000.0,4200.0,Yes,15700.0,760.0,254100.0,62200.0,Vehicle EMI,477000.0,15,Not_Eligible,1974.0,56300.0,4700.0,0.7340286831716555,0.4498044328494159,0.20469361147060375,4.123859191602036,0.8638888888768905,0.5182529335066077,31799.997880000145,940.0,0.1477987519869665,Excellent,Moderate,75.1108394911929
58.0,Male,Married,High School,20600.0,Private,0.9,MNC,Rented,3800.0,3,2,0.0,0.0,1500.0,4700.0,4100.0,Yes,3200.0,667.0,53800.0,13100.0,Personal Loan EMI,902000.0,28,Not_Eligible,924.0,14100.0,3300.0,0.6844660193842492,0.339805825226223,0.15533980581770196,3.2475728153763312,0.7572254334822413,3.6488673139010968,32214.28456377555,1100.0,0.10243902804560057,Fair,Probation/Junior,82.02884561667126
32.0,Male,Married,Graduate,31300.0,Self-employed,1.1,MNC,Own,0.0,3,2,0.0,0.0,2600.0,6700.0,5800.0,Yes,7200.0,728.0,110400.0,51400.0,Education EMI,320000.0,30,Not_Eligible,2835.0,15100.0,9000.0,0.4824281150005614,0.23003194887443987,0.23003194887443987,5.169329073317273,2.3049327353226485,0.8519701810413952,10666.666311111123,3000.0,0.8437500280458984,Good,Moderate,96.52466367661324
48.0,Male,Married,Graduate,33500.0,Government,15.3,MNC,Own,0.0,2,1,4200.0,0.0,2900.0,9400.0,6600.0,Yes,5500.0,688.0,114600.0,74000.0,Education EMI,120000.0,7,Not_Eligible,1886.5,23100.0,4900.0,0.6895522387853865,0.16417910447271106,0.16417910447271106,5.629850746100601,2.5874125873221185,0.2985074626858246,17142.8546938779,2450.0,0.28583337414999305,Fair,Senior/Veteran,90.77288383377966
48.0,Female,Married,Professional,116700.0,Private,10.4,Mid-size,Family,0.0,4,3,8800.0,0.0,5800.0,33800.0,6900.0,No,0.0,785.0,536500.0,243800.0,Personal Loan EMI,109000.0,39,Eligible,36840.0,55300.0,61400.0,0.4738646101073362,0.0,0.0,6.686375321279466,4.408679927587547,0.07783490431299783,2794.8717232084177,15350.0,21.968807894891892,Excellent,Senior/Veteran,100.0
32.0,Male,Single,Graduate,41900.0,Private,1.5,Large Indian,Own,0.0,3,2,3600.0,0.0,2300.0,7900.0,2300.0,No,0.0,700.0,190300.0,71200.0,Personal Loan EMI,620000.0,48,Not_Eligible,12900.0,16100.0,25800.0,0.3842482100146957,0.0,0.0,6.241050119182791,4.422360248172524,1.233094669846394,12916.66639756945,8600.0,1.997419396296974,Good,Moderate,100.0
48.0,Male,Married,Graduate,45700.0,Private,0.6,Large Indian,Family,0.0,2,1,0.0,0.0,4800.0,7000.0,6300.0,No,0.0,651.0,292200.0,164800.0,Education EMI,198000.0,37,Eligible,12144.0,18100.0,27600.0,0.39606126913794176,0.0,0.0,9.999999999781181,9.10497237518757,0.36105032822691274,5351.351206720238,13800.0,5.157575896005906,Fair,Probation/Junior,100.0
48.0,Male,Married,Graduate,34600.0,Private,9.3,Large Indian,Rented,6200.0,4,3,10300.0,10100.0,4700.0,6700.0,5900.0,No,0.0,658.0,119500.0,42400.0,Personal Loan EMI,379000.0,43,Not_Eligible,500.0,43900.0,-9300.0,1.26878612713096,0.17919075143990779,0.0,4.67919075130985,0.965831435057726,0.912813102117262,8813.953283396435,-2325.0,-1.0551451431520549,Fair,Senior/Veteran,11.326267004811832
48.0,Male,Married,Graduate,31700.0,Private,6.8,MNC,Rented,9600.0,3,2,0.0,0.0,4400.0,5300.0,4100.0,Yes,5900.0,617.0,219400.0,57400.0,E-commerce Shopping EMI,64000.0,22,Not_Eligible,739.2,23400.0,2400.0,0.7381703469798684,0.488958990520853,0.1861198738111634,8.731861198462717,1.959044368533821,0.16824395373247045,2909.09077685951,800.0,0.8250000372164064,Poor,Established,77.51446474781993
32.0,Male,Married,Graduate,50700.0,Private,4.8,MNC,Rented,10200.0,3,2,3100.0,0.0,6000.0,8400.0,9100.0,Yes,10500.0,594.0,122000.0,26000.0,Vehicle EMI,936000.0,84,Not_Eligible,952.0,36800.0,3400.0,0.7258382642854864,0.40828402366058614,0.20710059171189152,2.919132149843804,0.5496828752526494,1.5384615384590097,11142.857010204083,1133.3333333333333,0.30512820873330043,Poor,Established,77.1014715771833
38.0,Male,Married,Graduate,58600.0,Government,2.1,MNC,Own,0.0,2,1,0.0,10600.0,8000.0,14700.0,11100.0,No,0.0,705.0,99400.0,52800.0,Education EMI,272000.0,9,Not_Eligible,5680.0,44400.0,14200.0,0.7576791808744423,0.0,0.0,2.5972696245290567,1.1891891891624056,0.3868031854374477,30222.21886419791,7100.0,0.46985299336680625,Good,Moderate,78.33161147585665
38.0,Female,Married,Graduate,71100.0,Private,14.6,Mid-size,Own,0.0,4,3,8900.0,0.0,6900.0,12200.0,8500.0,Yes,14000.0,624.0,545500.0,313700.0,Home Appliances EMI,90000.0,13,Not_Eligible,6344.8,36500.0,20600.0,0.5133614627213311,0.1969057665232503,0.1969057665232503,12.084388185484046,6.211881187995805,0.10548523206738691,6923.076390532586,5150.0,2.9755557840146416,Poor,Senior/Veteran,100.0
58.0,Female,Married,Graduate,53600.0,Private,24.2,Mid-size,Rented,8800.0,2,1,14800.0,12200.0,5700.0,10800.0,3900.0,No,0.0,669.0,357400.0,170400.0,E-commerce Shopping EMI,127000.0,3,Not_Eligible,500.0,56200.0,-2600.0,1.0485074626670055,0.1641791044745489,0.0,9.847014925189422,3.032028469696939,0.1974502487559119,42333.31922222692,-1300.0,-0.061417343305635815,Fair,Senior/Veteran,39.11940298663956
48.0,Male,Married,Graduate,31900.0,Government,0.6,MNC,Rented,9500.0,4,3,0.0,11600.0,1600.0,7500.0,3500.0,No,0.0,657.0,249600.0,50500.0,Personal Loan EMI,98000.0,15,Not_Eligible,500.0,33700.0,-1800.0,1.0564263322552845,0.29780564262389325,0.0,9.40752351067688,1.4985163204303111,0.25600835945596656,6533.332897777807,-450.0,-0.2755102224068096,Fair,Probation/Junior,30.97847502172879
38.0,Male,Married,Professional,42100.0,Private,14.3,Large Indian,Family,0.0,2,1,8500.0,12300.0,2800.0,12600.0,2600.0,No,0.0,699.0,65300.0,34200.0,Vehicle EMI,692000.0,61,Not_Eligible,1320.0,38800.0,3300.0,0.9216152018783464,0.0,0.0,2.363420427497306,0.8814432989463545,1.3697545526497035,11344.262109110457,1650.0,0.290895958500369,Fair,Senior/Veteran,63.67800034446405
38.0,Male,Married,Graduate,35000.0,Private,2.6,Large Indian,Rented,5900.0,4,3,4400.0,0.0,4600.0,9900.0,2600.0,No,0.0,597.0,99400.0,35100.0,Vehicle EMI,855000.0,41,Not_Eligible,3040.0,27400.0,7600.0,0.7828571428347755,0.16857142856661225,0.0,3.842857142747347,1.2810218977634664,2.035714285709439,20853.658027959562,1900.0,0.364444453315857,Poor,Moderate,76.77653806203529
48.0,Male,Married,Graduate,55200.0,Private,18.6,Startup,Family,0.0,3,2,9400.0,0.0,6800.0,15200.0,4800.0,No,0.0,787.0,204100.0,57400.0,Personal Loan EMI,940000.0,12,Not_Eligible,11400.0,36200.0,19000.0,0.655797101437395,0.0,0.0,4.737318840493889,1.58563535907222,1.4190821256017223,78333.3268055561,6333.333333333333,0.24255321169903124,Excellent,Senior/Veteran,88.46440868036949
58.0,Male,Married,Post Graduate,30500.0,Private,21.0,MNC,Family,0.0,4,3,14500.0,0.0,2900.0,6200.0,4600.0,No,0.0,716.0,170100.0,48200.0,E-commerce Shopping EMI,144000.0,10,Not_Eligible,1150.0,28200.0,2300.0,0.9245901639041118,0.0,0.0,7.157377048945659,1.7092198580954177,0.3934426229497447,14399.998560000146,575.0,0.1597222381833526,Good,Senior/Veteran,67.57888617814814
58.0,Male,Single,Graduate,25400.0,Self-employed,5.2,Large Indian,Rented,6900.0,1,0,0.0,0.0,2900.0,4100.0,4100.0,No,0.0,693.0,135900.0,71400.0,Home Appliances EMI,247000.0,22,Not_Eligible,3330.0,18000.0,7400.0,0.7086614172949346,0.2716535432963916,0.0,8.16141732251333,3.9666666664462964,0.8103674540655827,11227.272216942172,7400.0,0.6591093416416988,Fair,Established,91.30708661640523
38.0,Female,Married,Graduate,495291.0,Private,13.9,Large Indian,Rented,22100.0,5,4,13100.0,0.0,5500.0,16200.0,11800.0,Yes,8600.0,677.0,354600.0,85600.0,E-commerce Shopping EMI,133000.0,15,Not_Eligible,500.0,68700.0,417991.0,0.13870633627475826,0.06198376308056883,0.017363529722895503,0.8887704400021628,1.1073738680322462,0.022377417181679998,8866.666075555595,83598.2,47.14184524273588,Fair,Senior/Veteran,90.53686934016123
48.0,Female,Married,Graduate,59400.0,Government,6.1,Mid-size,Rented,18500.0,4,3,5200.0,0.0,8200.0,13900.0,3400.0,Yes,7700.0,734.0,263400.0,82600.0,Personal Loan EMI,387000.0,48,Not_Eligible,962.5,49200.0,2500.0,0.8282828282688841,0.4410774410700155,0.1296296296274473,5.824915824817762,1.451669595756561,0.5429292929285312,8062.499832031254,625.0,0.310077525801334,Good,Established,71.120300842371
58.0,Male,Single,Graduate,29200.0,Private,22.1,MNC,Rented,9600.0,3,2,5800.0,14200.0,3700.0,7400.0,3400.0,No,0.0,767.0,154600.0,58400.0,Home Appliances EMI,226000.0,7,Not_Eligible,500.0,44100.0,-14900.0,1.510273972551018,0.32876712327641205,0.0,7.294520547695393,1.3242630385187242,0.644977168947931,32285.709673470046,-4966.666666666667,-0.4615044906936702,Excellent,Senior/Veteran,5.0
32.0,Male,Married,Post Graduate,75600.0,Private,0.5,Large Indian,Rented,24500.0,3,2,0.0,0.0,4200.0,12600.0,6800.0,Yes,13800.0,637.0,117200.0,61600.0,Vehicle EMI,887000.0,60,Not_Eligible,2455.04,48100.0,13700.0,0.6362433862349703,0.5066137566070554,0.18253968253726802,2.3650793650480813,0.9951534733280266,0.9777336860659417,14783.333086944449,4566.666666666667,0.9267192938493763,Poor,Probation/Junior,79.61333350534863
48.0,Male,Married,Post Graduate,55900.0,Private,2.5,MNC,Rented,11600.0,3,2,0.0,0.0,5000.0,12600.0,7700.0,No,0.0,617.0,374800.0,86800.0,Education EMI,408000.0,25,Not_Eligible,8360.0,36900.0,19000.0,0.6601073345141305,0.20751341681203017,0.0,8.257602862106305,2.352303522971482,0.6082289803210968,16319.999347200026,6333.333333333333,1.1642157327718006,Poor,Moderate,91.95293085372697
48.0,Female,Married,Post Graduate,99600.0,Private,26.0,Large Indian,Rented,33000.0,3,2,0.0,0.0,10000.0,23000.0,10000.0,No,0.0,673.0,189500.0,103600.0,Vehicle EMI,565000.0,79,Not_Eligible,9440.0,76000.0,23600.0,0.7630522088276802,0.33132530120149273,0.0,2.942771084307804,1.363157894718906,0.4727242302539552,7151.898643646853,7866.666666666667,3.2998230501580776,Fair,Senior/Veteran,78.77161276738012
32.0,Male,Single,Post Graduate,49200.0,Private,4.7,Mid-size,Rented,12000.0,2,1,10400.0,6100.0,3400.0,14300.0,8500.0,No,0.0,627.0,161600.0,65700.0,Vehicle EMI,622000.0,44,Not_Eligible,500.0,54700.0,-5500.0,1.1117886178635816,0.24390243901943287,0.0,4.619918699093091,1.2010968921169818,1.0535230352285678,14136.363315082654,-2750.0,-0.38906753293067686,Poor,Established,25.062395031498376
48.0,Female,Married,Professional,65300.0,Private,1.7,Large Indian,Rented,16500.0,3,2,11600.0,0.0,6100.0,10500.0,7000.0,No,0.0,788.0,442200.0,240200.0,Education EMI,314000.0,11,Not_Eligible,8976.0,51700.0,13600.0,0.7917304747198816,0.25267993874038774,0.0,10.450229708875188,4.646034816157717,0.40071465033129056,28545.451950413462,4533.333333333333,0.4764331643145198,Excellent,Moderate,84.66156202240947
32.0,Male,Married,Post Graduate,24000.0,Private,0.5,Large Indian,Family,0.0,2,1,0.0,0.0,3200.0,4400.0,3500.0,Yes,6400.0,693.0,118600.0,46100.0,Personal Loan EMI,850000.0,23,Not_Eligible,1820.0,11100.0,6500.0,0.46249999998072916,0.26666666665555555,0.26666666665555555,6.862499999714062,2.6342857141351836,2.951388888878641,36956.52013232521,3250.0,0.17588236058347612,Fair,Probation/Junior,98.17142857067591
48.0,Male,Married,Post Graduate,52100.0,Private,1.8,Small,Own,0.0,2,1,11100.0,10100.0,5700.0,8100.0,6600.0,Yes,7500.0,711.0,325700.0,104500.0,Home Appliances EMI,289000.0,34,Not_Eligible,1155.0,41600.0,3000.0,0.7984644913474382,0.14395393473811988,0.14395393473811988,8.257197696578556,2.1283095722580794,0.4622520793338736,8499.999750000008,1500.0,0.35294118680968856,Good,Moderate,79.76438855349532
27.0,Male,Married,Professional,57700.0,Private,0.5,Startup,Rented,15500.0,4,3,3500.0,16900.0,8300.0,10400.0,4200.0,No,0.0,711.0,319400.0,182200.0,Vehicle EMI,791000.0,62,Not_Eligible,500.0,58800.0,-1100.0,1.0190641247657009,0.26863084921544833,0.0,8.69324090106251,3.098639455729615,1.1424032351225557,12758.064310353802,-275.0,-0.0862199760994366,Good,Probation/Junior,41.47487001874393
48.0,Female,Married,Graduate,32800.0,Self-employed,0.5,Large Indian,Rented,7200.0,4,3,0.0,19500.0,4300.0,5100.0,4300.0,Yes,9400.0,624.0,135300.0,79300.0,Education EMI,239000.0,18,Not_Eligible,500.0,40400.0,-17000.0,1.2317073170356188,0.50609756096018,0.28658536584492117,6.542682926629796,1.5923694778796713,0.6072154471529289,13277.777040123497,-4250.0,-1.280334799066753,Poor,Probation/Junior,9.99843275933626
48.0,Male,Single,Graduate,71500.0,Government,1.5,Large Indian,Family,0.0,3,2,7700.0,0.0,6500.0,17700.0,6200.0,No,0.0,567.0,77200.0,36800.0,Vehicle EMI,689000.0,84,Not_Eligible,10688.0,38100.0,33400.0,0.5328671328596802,0.0,0.0,1.594405594383295,0.9658792650665123,0.8030303030293671,8202.380854733561,11133.333333333334,4.071988436949133,Poor,Moderate,89.82939632533257
32.0,Male,Married,Professional,101200.0,Government,5.6,Small,Own,0.0,2,1,11700.0,19100.0,10700.0,22700.0,19400.0,Yes,10400.0,820.0,256500.0,111500.0,E-commerce Shopping EMI,38000.0,20,Eligible,3326.4,83600.0,7200.0,0.8260869565135762,0.10276679841795686,0.10276679841795686,3.636363636327704,1.1861702127533387,0.03129117259549465,1899.9999050000047,3600.0,3.7894738716897503,Excellent,Established,72.84389454268059
32.0,Male,Married,Post Graduate,81100.0,Government,2.9,Large Indian,Own,0.0,3,2,0.0,0.0,9100.0,22800.0,5300.0,Yes,14700.0,680.0,458300.0,140400.0,Vehicle EMI,735000.0,31,Not_Eligible,10220.0,37200.0,29200.0,0.45869297163429484,0.18125770653290682,0.18125770653290682,7.382244142942266,2.705202312086605,0.7552404438956482,23709.67665452656,9733.333333333334,1.2315646655262877,Fair,Moderate,98.52601156043302
32.0,Female,Married,Professional,91500.0,Private,3.3,Large Indian,Own,0.0,2,1,9700.0,11400.0,13200.0,22800.0,11500.0,Yes,19100.0,588.0,105300.0,50300.0,Personal Loan EMI,52000.0,49,Not_Eligible,851.2,68600.0,3800.0,0.7497267759480905,0.20874316939662577,0.20874316939662577,1.7005464480688466,0.5735461801530953,0.047358834244037015,1061.2244681382763,1900.0,3.5807693004719665,Poor,Established,75.88958882491823
48.0,Male,Married,High School,46400.0,Private,21.4,Mid-size,Own,0.0,3,2,9400.0,24000.0,6500.0,9300.0,9200.0,No,0.0,650.0,130200.0,75400.0,Education EMI,57000.0,29,Not_Eligible,500.0,58400.0,-12000.0,1.258620689628047,0.0,0.0,4.431034482663124,1.2910958903888512,0.10237068965498855,1965.517173602856,-4000.0,-6.105263365314865,Fair,Senior/Veteran,13.765824281700496
38.0,Female,Married,Graduate,58000.0,Government,2.4,MNC,Own,0.0,4,3,0.0,13900.0,6000.0,15600.0,3000.0,No,0.0,793.0,86700.0,44100.0,Home Appliances EMI,153000.0,23,Eligible,9360.0,38500.0,19500.0,0.6637931034368312,0.0,0.0,2.255172413754221,1.1454545454247933,0.21982758620658072,6652.173623818538,4875.0,2.9313726760299246,Excellent,Moderate,85.62382445217747
48.0,Female,Married,Graduate,62400.0,Self-employed,1.6,MNC,Rented,13700.0,2,1,9000.0,0.0,6600.0,13000.0,3500.0,Yes,6400.0,581.0,381200.0,203700.0,Education EMI,74000.0,15,Not_Eligible,2827.44,45800.0,10200.0,0.7339743589625966,0.3221153846102225,0.1025641025624589,9.37339743574722,3.902298850499956,0.09882478632465434,4933.3330044444665,5100.0,2.0675677049863035,Poor,Moderate,89.28205128299227
38.0,Female,Single,High School,26800.0,Private,2.2,Mid-size,Family,0.0,1,0,0.0,0.0,3500.0,6400.0,1700.0,Yes,5100.0,785.0,115600.0,23700.0,Home Appliances EMI,116000.0,12,Not_Eligible,4242.0,11600.0,10100.0,0.4328358208793718,0.19029850745558588,0.19029850745558588,5.1977611938359045,1.4191616765617268,0.36069651741181374,9666.665861111178,10100.0,1.0448276731677764,Excellent,Moderate,92.09580838280863
48.0,Male,Married,Post Graduate,69800.0,Private,5.0,Large Indian,Family,0.0,4,3,0.0,0.0,5900.0,15800.0,12500.0,No,0.0,711.0,520700.0,284500.0,E-commerce Shopping EMI,162000.0,3,Not_Eligible,19580.0,34200.0,35600.0,0.4899713466978515,0.0,0.0,11.535816618745907,8.31871345004916,0.19340974212011292,53999.982000006,8900.0,0.6592594790001371,Good,Established,100.0
38.0,Male,Single,Graduate,25800.0,Government,9.6,MNC,Own,0.0,3,2,2600.0,0.0,1700.0,7400.0,2200.0,Yes,2800.0,647.0,61900.0,26500.0,Home Appliances EMI,26000.0,36,Eligible,2802.8,13900.0,9100.0,0.5387596899015985,0.10852713177873925,0.10852713177873925,3.4263565890144823,1.5868263472103696,0.08397932816510342,722.2222021604945,3033.3333333333335,12.600000332553844,Poor,Senior/Veteran,92.93413173605185
27.0,Female,Single,Graduate,36600.0,Private,1.2,MNC,Family,0.0,1,0,0.0,0.0,2300.0,8300.0,4400.0,Yes,8700.0,695.0,74300.0,27200.0,E-commerce Shopping EMI,51000.0,10,Not_Eligible,4515.0,15000.0,12900.0,0.4098360655625728,0.2377049180262922,0.2377049180262922,2.773224043640076,1.1476793248460895,0.11612021857897058,5099.999490000051,12900.0,2.5294120171510954,Fair,Moderate,90.73839662423045
38.0,Male,Married,Professional,86100.0,Government,6.8,MNC,Own,0.0,2,1,0.0,0.0,8400.0,24500.0,9600.0,No,0.0,833.0,643700.0,255600.0,E-commerce Shopping EMI,113000.0,5,Eligible,31653.6,42500.0,43600.0,0.49361207897219966,0.0,0.0,10.444831591051745,6.014117646917315,0.10936895083225961,22599.995480000904,21800.0,1.9292039255783537,Excellent,Established,100.0
58.0,Male,Married,Professional,89900.0,Government,2.8,Large Indian,Own,0.0,2,1,11800.0,0.0,9600.0,19100.0,15700.0,No,0.0,850.0,492200.0,197900.0,Education EMI,286000.0,40,Eligible,20220.0,56200.0,33700.0,0.6251390433745814,0.0,0.0,7.676307007701043,3.521352313104602,0.2651093807932285,7149.999821250005,16850.0,4.71328683045968,Excellent,Moderate,97.9888765300335
32.0,Female,Married,High School,78500.0,Private,7.1,Mid-size,Rented,18100.0,3,2,6000.0,0.0,6800.0,14200.0,5700.0,Yes,8200.0,661.0,278400.0,150300.0,Personal Loan EMI,586000.0,24,Not_Eligible,6825.0,50800.0,19500.0,0.6471337579535398,0.3350318471294901,0.10445859872478398,5.461146496745719,2.5474576270754667,0.6220806794048598,24416.665649305596,6500.0,0.7986348455304314,Fair,Senior/Veteran,93.96658749909415
32.0,Male,Single,High School,39000.0,Private,0.5,MNC,Rented,11900.0,1,0,0.0,0.0,4000.0,9600.0,3200.0,No,0.0,643.0,264500.0,119900.0,Personal Loan EMI,306000.0,13,Not_Eligible,3625.6,28700.0,10300.0,0.7358974358785667,0.3051282051203813,0.0,9.856410256157528,4.177700348286491,0.6538461538447568,23538.45972781079,10300.0,0.43758173298794584,Poor,Probation/Junior,89.12820512971466
38.0,Female,Married,Post Graduate,97200.0,Private,0.6,Startup,Family,0.0,4,3,13700.0,0.0,13900.0,23400.0,11200.0,No,0.0,690.0,588800.0,285800.0,Home Appliances EMI,254000.0,21,High_Risk,15400.0,62200.0,35000.0,0.6399176954666675,0.0,0.0,8.997942386738705,4.5948553053923655,0.21776406035646625,12095.237519274404,8750.0,2.8937009249576073,Fair,Probation/Junior,96.8065843626666
32.0,Female,Married,Professional,32500.0,Private,3.3,MNC,Own,0.0,3,2,14400.0,0.0,2200.0,6800.0,5800.0,No,0.0,760.0,215800.0,112600.0,Home Appliances EMI,100000.0,11,Not_Eligible,2178.0,29200.0,3300.0,0.8984615384338935,0.0,0.0,10.104615384304473,3.8561643834295833,0.25641025640959897,9090.908264462885,1100.0,0.36300003296007,Excellent,Established,76.12307692528852
32.0,Male,Married,Graduate,52300.0,Private,0.5,Startup,Own,0.0,4,3,11100.0,6200.0,4200.0,11300.0,5400.0,No,0.0,617.0,32300.0,6700.0,Personal Loan EMI,990000.0,25,Not_Eligible,3609.6,38200.0,14100.0,0.7304015296227456,0.0,0.0,0.7456978967352639,0.17539267015247664,1.5774378585060906,39599.99841600006,3525.0,0.3560606202940389,Poor,Probation/Junior,75.44484098094273
27.0,Male,Single,Post Graduate,98500.0,Private,0.7,Mid-size,Own,0.0,1,0,0.0,0.0,9800.0,25600.0,5200.0,No,0.0,673.0,633600.0,173200.0,Education EMI,223000.0,20,Eligible,25476.0,40600.0,57900.0,0.4121827411125667,0.0,0.0,8.190862944079282,4.266009852111675,0.1886632825717524,11149.999442500028,57900.0,5.1928253712831545,Fair,Probation/Junior,100.0
27.0,Male,Single,High School,23800.0,Government,1.4,MNC,Rented,6700.0,2,1,12500.0,0.0,2300.0,4500.0,4300.0,Yes,4300.0,650.0,162100.0,34900.0,Home Appliances EMI,249000.0,25,Not_Eligible,500.0,30300.0,-10800.0,1.273109243643987,0.4621848739301603,0.18067226889997176,8.277310924021961,1.0086705202020616,0.8718487394927456,9959.999601600015,-5400.0,-1.084337392662215,Fair,Moderate,6.841671934380127
27.0,Female,Single,Post Graduate,55000.0,Private,0.5,Small,Rented,12700.0,1,0,0.0,0.0,5400.0,11000.0,4200.0,No,0.0,656.0,416600.0,246700.0,E-commerce Shopping EMI,85000.0,17,Eligible,9548.0,33300.0,21700.0,0.6054545454435372,0.23090909090489256,0.0,12.059999999780727,7.408408408185934,0.12878787878768366,4999.99970588237,21700.0,4.340000254426117,Fair,Probation/Junior,99.56363636451702
38.0,Male,Single,Graduate,42200.0,Private,1.0,Large Indian,Rented,13000.0,1,0,0.0,0.0,2700.0,12400.0,2900.0,No,0.0,662.0,117100.0,57000.0,E-commerce Shopping EMI,41000.0,3,Not_Eligible,5600.0,31000.0,11200.0,0.7345971563806968,0.30805687203061477,0.0,4.1255924169638485,1.8387096773600415,0.08096366508672795,13666.66211111263,11200.0,0.8195124682327185,Fair,Moderate,83.42577587634446
27.0,Female,Single,Graduate,15000.0,Private,0.8,Mid-size,Rented,2900.0,1,0,0.0,0.0,1500.0,2800.0,2800.0,Yes,2000.0,655.0,64300.0,15500.0,Education EMI,472000.0,11,Not_Eligible,840.0,10000.0,3000.0,0.6666666666222222,0.32666666664488886,0.13333333332444444,5.319999999645333,1.2916666665590277,2.6222222222076543,42909.08700826482,3000.0,0.06991526059159095,Fair,Probation/Junior,86.12500000301736
38.0,Male,Married,Post Graduate,23400.0,Private,2.9,Large Indian,Rented,7500.0,4,3,3800.0,9400.0,3200.0,4700.0,3700.0,No,0.0,699.0,176900.0,96800.0,Vehicle EMI,1275000.0,82,Not_Eligible,500.0,32300.0,-8900.0,1.3803418802828913,0.3205128204991234,0.0,11.696581196081343,2.9969040246750183,4.54059829058212,15548.780298185606,-2225.0,-0.5723921638063246,Fair,Moderate,12.557169700743785
32.0,Male,Married,Graduate,46100.0,Private,3.0,Startup,Own,0.0,4,3,0.0,10300.0,2700.0,12500.0,8400.0,Yes,10200.0,694.0,150200.0,60200.0,Education EMI,300000.0,23,Not_Eligible,700.0,33900.0,2000.0,0.7353579175545475,0.22125813448543907,0.22125813448543907,4.56399132311141,1.365079365048411,0.5422993492398006,13043.477693761839,500.0,0.15333333998824444,Fair,Established,80.99676342087825
32.0,Male,Married,Post Graduate,136400.0,Private,0.5,MNC,Rented,29900.0,5,4,11400.0,0.0,13000.0,26800.0,26000.0,Yes,24100.0,643.0,466800.0,269600.0,Education EMI,98000.0,43,Not_Eligible,1164.8,107100.0,5200.0,0.7851906158300206,0.3958944281495902,0.17668621700750228,5.39882697943256,2.0548780487648255,0.059872922776112,2279.0697144402393,1040.0,2.2816327051213245,Poor,Probation/Junior,80.45914097742248
27.0,Male,Single,Graduate,39600.0,Private,0.7,Large Indian,Rented,9700.0,2,1,5800.0,15500.0,2300.0,8200.0,2900.0,No,0.0,757.0,281000.0,106800.0,Education EMI,181000.0,24,Not_Eligible,500.0,44400.0,-4800.0,1.1212121211838078,0.24494949494330936,0.0,9.792929292681997,2.4054054053512295,0.38089225589145437,7541.666352430569,-2400.0,-0.636464114832734,Excellent,Probation/Junior,30.330057332051524
27.0,Female,Single,Professional,10229.0,Private,0.5,Large Indian,Family,0.0,2,1,3300.0,0.0,8200.0,32900.0,23000.0,Yes,19400.0,771.0,449400.0,195000.0,Vehicle EMI,779000.0,69,Not_Eligible,10315.2,67400.0,-76571.0,6.589109394213597,1.8965685793433797,1.8965685793433797,62.99736043963267,2.2465437787759615,6.346335581790772,11289.854908842683,-38285.5,-6.782283794740722,Excellent,Probation/Junior,5.0
38.0,Male,Single,Post Graduate,59700.0,Private,9.2,Mid-size,Family,24659.0,1,0,0.0,0.0,5500.0,17800.0,4600.0,No,0.0,709.0,396900.0,168500.0,Education EMI,325000.0,47,Eligible,17490.0,52559.0,7141.0,0.880385259616744,0.41304857620748664,0.0,9.470686767010541,3.2059209649497533,0.4536571747620691,6914.893469895884,7141.0,1.032698483361425,Good,Senior/Veteran,76.65577889613641
32.0,Female,Single,Graduate,29400.0,Private,3.1,Mid-size,Own,0.0,1,0,0.0,0.0,1600.0,7000.0,2600.0,Yes,7300.0,682.0,57400.0,21800.0,Vehicle EMI,586000.0,81,Not_Eligible,3052.0,11200.0,10900.0,0.3809523809394234,0.2482993197194456,0.2482993197194456,2.6938775509287796,1.1783783783146822,1.6609977324215959,7234.567811918916,10900.0,1.5066553084948138,Fair,Established,90.89189189157341
38.0,Male,Married,Graduate,47500.0,Private,6.6,MNC,Family,0.0,3,2,0.0,0.0,4000.0,10900.0,9300.0,Yes,7500.0,690.0,25500.0,6400.0,Education EMI,419000.0,19,Not_Eligible,4424.0,24200.0,15800.0,0.5094736841998005,0.15789473683878116,0.15789473683878116,0.6715789473542826,0.2018927444731264,0.7350877192969559,22052.63041828261,5266.666666666667,0.7164678181059358,Fair,Established,86.00946372236564
32.0,Male,Married,Post Graduate,46600.0,Private,0.5,Small,Family,0.0,3,2,10100.0,19900.0,5300.0,9300.0,4900.0,No,0.0,735.0,217500.0,61400.0,Vehicle EMI,214000.0,49,Not_Eligible,500.0,49500.0,-2900.0,1.0622317596338577,0.0,0.0,5.984978540644099,1.2404040403789818,0.38268955650861464,4367.346849645983,-966.6666666666666,-0.6640187049881452,Good,Probation/Junior,29.22347943118629
27.0,Female,Single,Graduate,61500.0,Private,0.5,MNC,Own,0.0,2,1,10400.0,0.0,3900.0,16700.0,6100.0,Yes,13600.0,581.0,206800.0,93600.0,Personal Loan EMI,778000.0,12,Not_Eligible,2419.2,37100.0,10800.0,0.6032520325105162,0.22113821137851808,0.22113821137851808,4.884552845449032,1.846153846117433,1.0542005420039915,64833.327930556006,5400.0,0.16658099074293192,Poor,Probation/Junior,93.97060662974587
48.0,Female,Married,Professional,84900.0,Private,7.2,MNC,Own,0.0,2,1,0.0,6300.0,5200.0,20500.0,4500.0,No,0.0,764.0,522500.0,273800.0,Vehicle EMI,902000.0,40,High_Risk,31944.0,36500.0,48400.0,0.42991755005382903,0.0,0.0,9.379269728982576,7.501369862808182,0.8853553199834262,22549.999436250015,24200.0,2.1463415169779894,Excellent,Senior/Veteran,100.0
58.0,Female,Married,High School,17500.0,Private,0.5,Large Indian,Own,0.0,3,2,0.0,0.0,1600.0,4700.0,1700.0,Yes,4800.0,617.0,80500.0,33900.0,Education EMI,497000.0,40,Not_Eligible,1052.8,8000.0,4700.0,0.4571428571167347,0.27428571427004084,0.27428571427004084,6.537142856769306,2.648437499793091,2.3666666666553966,12424.999689375009,1566.6666666666667,0.3782696271325336,Poor,Probation/Junior,98.24218749896545
27.0,Male,Single,Graduate,63400.0,Government,2.7,Startup,Family,0.0,2,1,12300.0,0.0,5600.0,14500.0,7600.0,Yes,14400.0,682.0,214100.0,54300.0,Education EMI,495000.0,44,Not_Eligible,3150.0,40000.0,9000.0,0.6309148264884714,0.22712933753584968,0.22712933753584968,4.233438485737643,0.9981617646875338,0.6506309148256432,11249.999744318187,4500.0,0.8000000181107071,Fair,Moderate,87.51762270435997
38.0,Female,Married,High School,28600.0,Private,0.5,Small,Rented,8400.0,2,1,15000.0,20400.0,3900.0,7400.0,5000.0,No,0.0,719.0,90000.0,38900.0,Vehicle EMI,923000.0,55,Not_Eligible,500.0,60100.0,-31500.0,2.101398601325126,0.29370629369602425,0.0,4.50699300683542,0.6472545756963851,2.689393939386103,16781.817876694222,-15750.0,-1.8770314533009351,Good,Probation/Junior,5.0
32.0,Female,Married,Graduate,37100.0,Private,1.3,Small,Rented,12600.0,3,2,11400.0,0.0,1900.0,6800.0,4800.0,Yes,6400.0,751.0,219400.0,54000.0,Education EMI,65000.0,7,Not_Eligible,500.0,37500.0,-6800.0,1.0107816711317847,0.5121293800401043,0.17250673853982462,7.369272236998133,1.2300683371018208,0.14600179694486523,9285.712959183862,-2266.6666666666665,-0.732307796844213,Excellent,Moderate,25.438751392159013
32.0,Female,Married,Graduate,37400.0,Private,3.2,Startup,Rented,6000.0,3,2,9600.0,15200.0,5000.0,7800.0,5800.0,No,0.0,720.0,133000.0,50700.0,Personal Loan EMI,197000.0,24,Not_Eligible,500.0,49400.0,-12000.0,1.3208556149379451,0.1604278074823415,0.0,4.911764705751022,1.0263157894529087,0.4389483065943874,8208.332991319458,-4000.0,-1.461928994745755,Good,Established,7.46312975222893
48.0,Male,Married,Post Graduate,107300.0,Government,13.2,Large Indian,Rented,23600.0,4,3,8700.0,0.0,7300.0,25600.0,19500.0,No,0.0,836.0,676700.0,271700.0,Education EMI,291000.0,34,Eligible,16407.6,84700.0,22600.0,0.789375582471674,0.21994408201099774,0.0,8.838769804204672,3.2077922077543355,0.2260018639327229,8558.82327768167,5650.0,2.640549905533406,Excellent,Senior/Veteran,84.84995340226607
58.0,Female,Married,Professional,30900.0,Private,2.1,Large Indian,Own,0.0,3,2,0.0,0.0,3400.0,5000.0,4200.0,No,0.0,700.0,205600.0,107700.0,Personal Loan EMI,122000.0,26,Eligible,10065.0,12600.0,18300.0,0.4077669902780658,0.0,0.0,10.139158575723652,8.547619046940666,0.32901833872618924,4692.307511834326,6100.0,3.9000001491688527,Good,Moderate,100.0
38.0,Female,Married,Graduate,87800.0,Private,2.1,Large Indian,Rented,27000.0,3,2,4300.0,15400.0,7900.0,21400.0,14300.0,No,0.0,723.0,275900.0,76100.0,Education EMI,178000.0,48,Not_Eligible,500.0,90300.0,-2500.0,1.028473804088514,0.3075170842789577,0.0,4.009111617266411,0.8427464008766031,0.16894457099452453,3708.3332560763906,-833.3333333333334,-0.6741573172339351,Good,Moderate,29.9358276773019
27.0,Male,Single,Graduate,102900.0,Private,0.5,Large Indian,Family,0.0,2,1,4000.0,18200.0,12400.0,16800.0,17700.0,Yes,21900.0,655.0,504400.0,287200.0,Education EMI,63000.0,34,Eligible,3332.0,69100.0,11900.0,0.6715257531518802,0.21282798833612412,0.21282798833612412,7.6929057336473,3.1560439560092743,0.051020408163223986,1852.9411219723202,5950.0,6.422222407645148,Fair,Probation/Junior,94.27793974784959
32.0,Female,Married,Graduate,51100.0,Private,0.6,Large Indian,Rented,16200.0,5,4,2900.0,0.0,6600.0,14900.0,4800.0,No,0.0,692.0,110800.0,57400.0,Home Appliances EMI,196000.0,12,Not_Eligible,2280.0,45400.0,5700.0,0.8884540117242964,0.31702544030690755,0.0,3.291585127137151,1.2643171805888918,0.31963470319582576,16333.331972222337,1140.0,0.3489796208970012,Fair,Probation/Junior,68.24526496500076
32.0,Male,Married,Graduate,44600.0,Private,4.0,Mid-size,Family,0.0,4,3,0.0,13300.0,2500.0,11000.0,7000.0,No,0.0,693.0,144600.0,54400.0,Education EMI,401000.0,8,Not_Eligible,5400.0,33800.0,10800.0,0.7578475336152949,0.0,0.0,4.4618834079717065,1.6094674555736843,0.7492526158431442,50124.993734375785,2700.0,0.2154613735617863,Fair,Established,80.41953458864484
27.0,Male,Married,Post Graduate,95600.0,Private,1.2,MNC,Rented,20300.0,3,2,0.0,0.0,7700.0,23400.0,14300.0,No,0.0,736.0,466600.0,277400.0,Personal Loan EMI,210000.0,49,Eligible,14950.0,65700.0,29900.0,0.6872384937166607,0.21234309623208847,0.0,7.782426778161272,4.222222222157957,0.18305439330527976,4285.714198250731,9966.666666666666,6.976666807419729,Good,Moderate,93.02092050266714
48.0,Male,Married,Post Graduate,49100.0,Private,8.5,Small,Family,0.0,3,2,11100.0,0.0,2900.0,11300.0,3200.0,No,0.0,742.0,159100.0,94100.0,Home Appliances EMI,74000.0,15,Eligible,10300.0,28500.0,20600.0,0.5804480651612943,0.0,0.0,5.156822810485604,3.301754385849061,0.12559402579747864,4933.3330044444665,6866.666666666667,4.175675953207633,Good,Senior/Veteran,100.0
32.0,Female,Married,Post Graduate,67300.0,Government,1.6,Mid-size,Rented,19400.0,4,3,0.0,0.0,7100.0,15100.0,7800.0,No,0.0,735.0,251500.0,119800.0,Personal Loan EMI,660000.0,23,Not_Eligible,8950.0,49400.0,17900.0,0.7340267459029121,0.28826151559749985,0.0,5.517087667079984,2.4251012145258075,0.8172362555710534,28695.650926276045,4475.0,0.6237879058873529,Good,Moderate,86.40336640039607
48.0,Female,Married,Professional,63200.0,Private,2.5,Large Indian,Family,0.0,4,3,0.0,0.0,7000.0,14800.0,12100.0,No,0.0,675.0,277700.0,106500.0,Personal Loan EMI,256000.0,22,High_Risk,14650.0,33900.0,29300.0,0.5363924050548039,0.0,0.0,6.079113923954444,3.14159292026131,0.33755274261558865,11636.36310743804,7325.0,2.5179688642367375,Fair,Moderate,100.0
58.0,Male,Single,Professional,84300.0,Government,2.3,Large Indian,Family,0.0,1,0,0.0,0.0,4500.0,25300.0,14000.0,Yes,25200.0,754.0,245900.0,147100.0,E-commerce Shopping EMI,192000.0,22,Not_Eligible,6426.0,43800.0,15300.0,0.5195729537304915,0.298932384338091,0.298932384338091,4.661921708129753,2.131884057940118,0.1897983392643438,8727.27233057853,15300.0,1.7531250794866213,Excellent,Moderate,95.65942028970059
48.0,Male,Married,Graduate,83100.0,Private,3.3,Small,Rented,15800.0,4,3,7500.0,0.0,10000.0,22700.0,10700.0,No,0.0,731.0,536000.0,315700.0,Home Appliances EMI,183000.0,19,Not_Eligible,9020.0,66700.0,16400.0,0.8026474127460572,0.19013237063549782,0.0,10.249097472800853,4.733133433212397,0.18351383874831176,9631.57844044324,4100.0,1.7027323298778583,Good,Established,83.78820698031542
27.0,Female,Married,Professional,91800.0,Self-employed,1.3,Large Indian,Rented,17400.0,4,3,0.0,0.0,12100.0,15400.0,16300.0,Yes,26400.0,599.0,245000.0,124900.0,Education EMI,416000.0,13,Not_Eligible,1058.4,61200.0,4200.0,0.6666666666594045,0.4771241830013386,0.28758169934327255,4.029411764661989,1.4257990867417147,0.3776325344949368,31999.99753846173,1050.0,0.13125001009205228,Poor,Moderate,81.39696929086251
32.0,Female,Married,Graduate,50000.0,Private,1.4,MNC,Family,0.0,3,2,5500.0,0.0,6400.0,9200.0,3500.0,No,0.0,811.0,161300.0,35600.0,Education EMI,461000.0,35,Not_Eligible,15240.0,24600.0,25400.0,0.49199999999016,0.0,0.0,3.93799999992124,1.447154471485888,0.7683333333320528,13171.428195102053,8466.666666666666,1.9284165408514216,Excellent,Moderate,92.23577235742944
32.0,Male,Married,Graduate,40100.0,Private,0.5,Large Indian,Rented,10900.0,4,3,0.0,0.0,4100.0,9600.0,7100.0,No,0.0,736.0,62100.0,20000.0,Personal Loan EMI,109000.0,24,Not_Eligible,2688.0,31700.0,8400.0,0.7905236907533535,0.2718204488710269,0.0,2.0473815460836065,0.63091482647852,0.22651704073103385,4541.666477430564,2100.0,1.8495413610606513,Good,Probation/Junior,72.91267887212432
38.0,Male,Married,Professional,48900.0,Private,0.6,Startup,Family,0.0,3,2,2000.0,21000.0,4100.0,8900.0,8900.0,No,0.0,692.0,229700.0,86400.0,Personal Loan EMI,725000.0,32,Not_Eligible,1600.0,44900.0,4000.0,0.9182004089791779,0.0,0.0,6.4642126788044125,1.9242761692221764,1.235514655757949,22656.24929199221,1333.3333333333333,0.17655172964737978,Fair,Probation/Junior,69.16534812777665
48.0,Female,Married,Post Graduate,97600.0,Private,5.0,Mid-size,Rented,24400.0,2,1,14900.0,0.0,6700.0,20800.0,16400.0,No,0.0,794.0,152400.0,52800.0,E-commerce Shopping EMI,31000.0,22,Eligible,6912.0,83200.0,14400.0,0.8524590163847084,0.24999999999743855,0.0,2.1024590163719012,0.6346153846077571,0.02646857923495008,1409.090845041325,7200.0,10.21935529597336,Excellent,Established,67.97635561226211
32.0,Male,Married,Professional,135800.0,Private,0.5,MNC,Rented,37100.0,3,2,0.0,0.0,11800.0,20800.0,9300.0,No,0.0,619.0,911300.0,488800.0,Education EMI,172000.0,29,Eligible,19993.6,79000.0,56800.0,0.581737849774803,0.27319587628664804,0.0,10.31001472746458,6.187341772073578,0.10554737358854593,5931.034278240197,18933.333333333332,9.576744514664387,Poor,Probation/Junior,100.0
58.0,Male,Married,Graduate,20800.0,Government,0.8,Startup,Rented,4500.0,3,2,13700.0,0.0,2500.0,5800.0,2600.0,Yes,5500.0,622.0,131000.0,44600.0,Home Appliances EMI,161000.0,17,Not_Eligible,500.0,29100.0,-13800.0,1.3990384614712001,0.4807692307461169,0.26442307691036426,8.442307691901812,1.2890173410032075,0.645032051279467,9470.587678200724,-4600.0,-1.4571429427032832,Poor,Probation/Junior,5.0
38.0,Male,Married,Professional,75300.0,Private,2.3,MNC,Rented,13400.0,5,4,11100.0,0.0,7700.0,18400.0,9700.0,No,0.0,732.0,334700.0,107200.0,Home Appliances EMI,288000.0,15,Not_Eligible,7500.0,60300.0,15000.0,0.8007968127383693,0.17795484727519317,0.0,5.868525896336408,1.7777777777482955,0.3187250996012409,19199.998720000087,3000.0,0.7812500520426432,Good,Moderate,77.82514386967192
48.0,Male,Married,Graduate,15000.0,Private,2.2,Large Indian,Own,0.0,5,4,6800.0,0.0,900.0,2500.0,2800.0,No,0.0,672.0,113100.0,25200.0,Education EMI,52000.0,35,Not_Eligible,1100.0,13000.0,2000.0,0.8666666666088889,0.0,0.0,9.219999999385333,1.938461538312426,0.2888888888872839,1485.7142432653075,400.0,1.3461538837093192,Fair,Moderate,73.35897436285101
48.0,Female,Single,Graduate,52900.0,Private,4.0,Mid-size,Rented,10200.0,1,0,0.0,0.0,6900.0,8800.0,6100.0,Yes,11200.0,713.0,50500.0,10800.0,E-commerce Shopping EMI,142000.0,7,Not_Eligible,2716.0,32000.0,9700.0,0.604914933825994,0.40453686199613353,0.2117202268390979,1.1587901701104197,0.24999999999421296,0.2236925015749469,20285.711387755517,9700.0,0.4781690823707945,Good,Established,85.5392249541622
27.0,Female,Single,Graduate,70100.0,Government,5.0,Large Indian,Family,0.0,2,1,7000.0,0.0,8800.0,16900.0,6100.0,No,0.0,300.0,105500.0,62800.0,Vehicle EMI,712000.0,56,High_Risk,16526.4,38800.0,31300.0,0.5534950071247718,0.0,0.0,2.400855920079874,1.6185567009892123,0.8464098906314237,12714.285487244902,15650.0,2.4617977965760383,Poor,Established,93.09278350494606
32.0,Male,Single,Graduate,306835.0,Private,0.5,Mid-size,Rented,24400.0,1,0,0.0,0.0,8200.0,17200.0,6500.0,No,0.0,813.0,583500.0,140400.0,Education EMI,424000.0,13,Not_Eligible,9081.6,56300.0,250535.0,0.18348623853151208,0.07952156696569973,0.0,2.3592484560028706,2.4937833036857233,0.11515418167198573,32615.38210650907,250535.0,7.68149823215835,Excellent,Probation/Junior,97.46891651842861
38.0,Male,Married,Graduate,40500.0,Self-employed,4.9,MNC,Rented,13300.0,2,1,2800.0,12600.0,5100.0,7900.0,7600.0,No,0.0,598.0,316000.0,97700.0,Vehicle EMI,1040000.0,47,Not_Eligible,500.0,49300.0,-8800.0,1.2172839505872275,0.32839506172028654,0.0,10.214814814562597,1.9817444218664961,2.139917695468848,22127.65910366683,-4400.0,-0.39769231613587347,Poor,Established,20.526006062354277
32.0,Female,Single,Graduate,60300.0,Private,1.8,Large Indian,Rented,19300.0,3,2,0.0,0.0,5500.0,17700.0,6700.0,Yes,6200.0,792.0,446300.0,174700.0,E-commerce Shopping EMI,14000.0,11,Eligible,2263.8,49200.0,4900.0,0.8159203979964192,0.42288557213229044,0.10281923714589022,10.29850746251578,3.1534296028311655,0.019347705914843357,1272.727157024804,1633.3333333333333,3.850000346974999,Excellent,Moderate,81.12437811102613
27.0,Female,Single,High School,55600.0,Private,1.3,Mid-size,Own,0.0,2,1,0.0,0.0,4700.0,11800.0,7700.0,No,0.0,617.0,177500.0,78800.0,Home Appliances EMI,52000.0,26,Eligible,12560.0,24200.0,31400.0,0.4352517985533228,0.0,0.0,4.609712230132919,3.256198346972884,0.07793764987997912,1999.999923076926,15700.0,15.700000595996153,Poor,Moderate,100.0
38.0,Male,Married,Graduate,90900.0,Private,3.4,MNC,Own,0.0,3,2,0.0,0.0,12500.0,22500.0,6100.0,No,0.0,713.0,646800.0,226600.0,Education EMI,401000.0,45,Eligible,27390.0,41100.0,49800.0,0.4521452145164781,0.0,0.0,9.608360835977907,5.5133819949996745,0.3676200953425306,8911.110913086424,16600.0,5.588528801866624,Good,Established,100.0
27.0,Male,Single,Graduate,54800.0,Private,2.5,Mid-size,Own,0.0,2,1,0.0,0.0,4600.0,14900.0,8700.0,No,0.0,725.0,322200.0,93400.0,E-commerce Shopping EMI,142000.0,10,Not_Eligible,13300.0,28200.0,26600.0,0.5145985401365949,0.0,0.0,7.583941605701023,3.3120567374712038,0.21593673965903903,14199.998580000143,13300.0,1.8732396238117435,Good,Moderate,100.0
48.0,Male,Married,Professional,94000.0,Private,2.5,Mid-size,Family,0.0,4,3,2200.0,0.0,9200.0,19800.0,11500.0,No,0.0,682.0,317700.0,131500.0,Vehicle EMI,440000.0,47,Eligible,25650.0,42700.0,51300.0,0.4542553191441037,0.0,0.0,4.778723404204482,3.0796252926679246,0.3900709219854698,9361.701928474427,12825.0,5.479772843278297,Fair,Moderate,100.0
38.0,Female,Married,Graduate,60600.0,Self-employed,7.4,Startup,Own,0.0,5,4,0.0,6800.0,8500.0,11200.0,5900.0,No,0.0,686.0,453700.0,131400.0,Education EMI,435000.0,39,High_Risk,13959.0,32400.0,28200.0,0.534653465337712,0.0,0.0,9.65511551139183,4.055555555430384,0.5981848184810256,11153.845867850107,5640.0,2.5282759266698784,Fair,Senior/Veteran,100.0
48.0,Female,Married,High School,36100.0,Private,1.1,Startup,Own,0.0,3,2,0.0,17500.0,2600.0,7200.0,3000.0,No,0.0,673.0,54700.0,26300.0,Vehicle EMI,688000.0,18,Not_Eligible,2320.0,30300.0,5800.0,0.8393351800321514,0.0,0.0,2.243767312957236,0.8679867986512215,1.58818097875903,38222.220098765545,1933.3333333333333,0.15174419447277415,Fair,Moderate,70.19311959068399
32.0,Male,Married,Graduate,23400.0,Private,8.3,Mid-size,Own,0.0,5,4,0.0,12700.0,3100.0,3800.0,1700.0,No,0.0,769.0,57300.0,21800.0,E-commerce Shopping EMI,64000.0,14,Not_Eligible,1260.0,21300.0,2100.0,0.9102564102175104,0.0,0.0,3.380341880197421,1.0234741783557053,0.22792022791941624,4571.428244897983,420.0,0.45937503271201163,Excellent,Senior/Veteran,65.29685807437768
27.0,Male,Married,High School,16000.0,Government,2.5,MNC,Rented,3900.0,3,2,5100.0,17600.0,1100.0,3600.0,1800.0,Yes,3200.0,804.0,42900.0,13600.0,Home Appliances EMI,225000.0,26,Not_Eligible,500.0,33100.0,-20300.0,2.068749999870703,0.4437499999722656,0.19999999998749998,3.531249999779297,0.374655647372599,1.1718749999938964,8653.845821005929,-6766.666666666667,-2.3457778677289327,Excellent,Moderate,5.0
38.0,Male,Married,Professional,108700.0,Self-employed,6.0,MNC,Family,0.0,4,3,0.0,19600.0,9100.0,31600.0,6200.0,Yes,15900.0,641.0,101200.0,36400.0,Home Appliances EMI,35000.0,33,Eligible,5302.08,66500.0,26300.0,0.6117755289732127,0.14627414903269298,0.14627414903269298,1.2658693652137456,0.441747572810173,0.026832260042911046,1060.606028466484,6575.0,24.79714358519126,Poor,Established,86.26669554619384
38.0,Male,Married,Graduate,71900.0,Government,0.5,Large Indian,Rented,16800.0,3,2,0.0,13300.0,4400.0,13000.0,13800.0,No,0.0,641.0,284200.0,85100.0,Personal Loan EMI,519000.0,30,Not_Eligible,4240.0,61300.0,10600.0,0.8525730180688099,0.23365785813305068,0.0,5.136300417174739,1.3882544861111215,0.6015299026418619,17299.999423333353,3533.3333333333335,0.6127167833942553,Poor,Probation/Junior,71.73543098505081
32.0,Female,Single,Post Graduate,45200.0,Private,4.6,Large Indian,Own,0.0,1,0,0.0,0.0,4700.0,10300.0,8700.0,No,0.0,586.0,330300.0,139200.0,Vehicle EMI,1008000.0,16,Not_Eligible,9460.0,23700.0,21500.0,0.5243362831742403,0.0,0.0,10.387168141363116,5.873417721271164,1.8584070796425913,62999.99606250024,21500.0,0.3412698625937894,Poor,Established,100.0
32.0,Female,Married,Post Graduate,111500.0,Government,2.9,Large Indian,Own,0.0,3,2,0.0,0.0,6300.0,24800.0,10000.0,No,0.0,699.0,404500.0,107200.0,Personal Loan EMI,945000.0,29,Not_Eligible,35200.0,41100.0,70400.0,0.36860986546754615,0.0,0.0,4.589237668120276,2.6082725060192633,0.7062780269053017,32586.205772889454,23466.666666666668,2.1604233548543363,Fair,Moderate,98.04136253009632
58.0,Female,Married,Post Graduate,89900.0,Private,36.0,Mid-size,Own,0.0,3,2,9300.0,0.0,10600.0,20400.0,15700.0,No,0.0,755.0,116000.0,32500.0,E-commerce Shopping EMI,86000.0,6,High_Risk,16272.0,56000.0,33900.0,0.6229143492700455,0.0,0.0,1.6518353726178885,0.5803571428467793,0.07971820541334843,14333.330944444842,11300.0,2.3651166730908058,Excellent,Senior/Veteran,86.06863777263025
32.0,Male,Married,Post Graduate,46200.0,Private,3.6,Startup,Rented,12000.0,2,1,12900.0,24500.0,2500.0,11000.0,4800.0,No,0.0,589.0,168600.0,96500.0,Home Appliances EMI,169000.0,29,Not_Eligible,500.0,67700.0,-21500.0,1.4653679653362475,0.25974025973463766,0.0,5.738095237971037,1.4254062038194182,0.304834054833505,5827.58600594531,-10750.0,-3.6893492390118867,Poor,Established,5.0
27.0,Male,Single,Professional,84600.0,Private,0.6,Large Indian,Own,0.0,2,1,5400.0,0.0,10100.0,19500.0,7500.0,No,0.0,821.0,598800.0,170200.0,Personal Loan EMI,632000.0,56,Eligible,22228.8,42500.0,42100.0,0.5023640661879154,0.0,0.0,9.089834515258985,4.004705882258713,0.6225374310474562,11285.714084183677,21050.0,3.730379813118827,Excellent,Probation/Junior,100.0
27.0,Male,Single,Graduate,87200.0,Private,0.5,Mid-size,Family,0.0,2,1,0.0,7400.0,4600.0,20300.0,4700.0,Yes,21700.0,655.0,604300.0,261100.0,Vehicle EMI,154000.0,50,Eligible,8778.0,37000.0,28500.0,0.42431192660063866,0.24885321100632052,0.24885321100632052,9.924311926491695,4.448040885784531,0.14717125382248933,3079.9999384000016,14250.0,9.253246935307386,Fair,Probation/Junior,100.0
38.0,Male,Married,Graduate,15000.0,Private,4.1,MNC,Rented,5100.0,5,4,8100.0,0.0,1500.0,2900.0,2500.0,Yes,2400.0,579.0,83800.0,28700.0,Personal Loan EMI,472000.0,55,Not_Eligible,500.0,20100.0,-7500.0,1.3399999999106667,0.49999999996666666,0.15999999998933334,7.4999999995,1.2755555554988642,2.6222222222076543,8581.818025785127,-1500.0,-0.8739406937540958,Poor,Established,5.0
32.0,Male,Married,High School,67000.0,Private,1.9,Large Indian,Family,0.0,5,4,5500.0,0.0,10000.0,16500.0,10000.0,Yes,10300.0,553.0,490700.0,117600.0,E-commerce Shopping EMI,83000.0,9,Not_Eligible,4527.6,42000.0,14700.0,0.6268656716324349,0.1537313432812876,0.1537313432812876,9.079104477476433,2.2485659655401804,0.10323383084564275,9222.221197530978,2940.0,1.5939760805500507,Poor,Moderate,94.09357609710611
27.0,Female,Married,Graduate,18000.0,Government,0.5,MNC,Rented,2900.0,2,1,7600.0,20300.0,2500.0,3300.0,3000.0,No,0.0,761.0,15500.0,4700.0,Personal Loan EMI,255000.0,42,Not_Eligible,500.0,39600.0,-21600.0,2.199999999877778,0.1611111111021605,0.0,1.1222222221598765,0.11868686868387154,1.18055555555009,6071.428426870752,-10800.0,-3.5576471429434458,Excellent,Probation/Junior,5.0
32.0,Male,Married,Graduate,31600.0,Government,10.0,MNC,Rented,5400.0,2,1,12400.0,10900.0,3200.0,9000.0,5800.0,No,0.0,747.0,19500.0,9300.0,Personal Loan EMI,764000.0,42,Not_Eligible,500.0,46700.0,-15100.0,1.4778481012190554,0.1708860759439593,0.0,0.9113924050344496,0.19914346894648516,2.0147679324841383,18190.475757369626,-7550.0,-0.8301047317606486,Good,Senior/Veteran,5.0
48.0,Female,Married,Graduate,76200.0,Private,17.1,Large Indian,Own,0.0,3,2,14100.0,0.0,8300.0,12000.0,5300.0,Yes,10100.0,696.0,224200.0,98400.0,Education EMI,209000.0,43,Eligible,9240.0,39700.0,26400.0,0.5209973753212468,0.13254593175679075,0.13254593175679075,4.2335958004693754,1.9759036144181545,0.22856517935233098,4860.465003245,8800.0,5.431579072566708,Fair,Senior/Veteran,94.87951807209078
48.0,Female,Married,Graduate,58100.0,Self-employed,4.9,Large Indian,Rented,8900.0,3,2,11200.0,0.0,6800.0,15100.0,10100.0,Yes,17300.0,611.0,76500.0,32700.0,Personal Loan EMI,408000.0,21,Not_Eligible,500.0,52100.0,-11300.0,0.8967297762324142,0.4509466437099665,0.29776247848024506,1.879518072256807,0.4711815561891761,0.5851979345946856,19428.570503401403,-3766.6666666666665,-0.5816176747249658,Poor,Established,35.05126062265508
27.0,Female,Single,Graduate,83600.0,Private,0.8,Mid-size,Rented,17900.0,1,0,0.0,0.0,11600.0,18800.0,13100.0,No,0.0,850.0,329400.0,100600.0,Home Appliances EMI,61000.0,21,Eligible,10656.0,61400.0,22200.0,0.734449760756765,0.214114832533324,0.0,5.143540669794934,1.638436482058006,0.0608054226474673,2904.761766439916,22200.0,7.642623312123032,Excellent,Probation/Junior,82.43620154974883
48.0,Female,Married,Post Graduate,51800.0,Private,3.1,Small,Family,0.0,3,2,7300.0,7900.0,4300.0,11900.0,4100.0,Yes,14400.0,599.0,296900.0,169800.0,Home Appliances EMI,159000.0,35,Not_Eligible,532.0,35500.0,1900.0,0.6853281853149551,0.27799227798691134,0.27799227798691134,9.009652509478578,3.4028056111542524,0.2557915057910943,4542.857013061229,633.3333333333334,0.41823900556831206,Poor,Established,93.17374517480359
48.0,Male,Married,High School,54000.0,Private,4.8,Mid-size,Own,12353.0,2,1,0.0,0.0,4900.0,9800.0,7500.0,Yes,11600.0,714.0,390200.0,155900.0,Personal Loan EMI,208000.0,24,Not_Eligible,7777.0,34553.0,7847.0,0.6398703703585209,0.44357407406585975,0.21481481481083675,10.112962962775686,3.377895261339937,0.3209876543204923,8666.666305555571,3923.5,0.9054231145445665,Good,Established,93.76018518670814
58.0,Female,Married,Graduate,70600.0,Government,18.9,Startup,Rented,20200.0,4,3,0.0,24300.0,10400.0,17300.0,11300.0,No,0.0,784.0,544400.0,199600.0,Vehicle EMI,722000.0,32,Not_Eligible,500.0,83500.0,-12900.0,1.1827195467254574,0.286118980165919,0.0,10.538243625913058,2.390419161648019,0.8522190745976721,22562.499294921898,-3225.0,-0.5717451701962661,Excellent,Senior/Veteran,25.3345320702035
32.0,Male,Married,Professional,96200.0,Private,1.5,Mid-size,Own,0.0,3,2,0.0,0.0,9500.0,25900.0,17600.0,Yes,27500.0,709.0,517100.0,173900.0,Home Appliances EMI,264000.0,20,Not_Eligible,5495.0,53000.0,15700.0,0.550935550929824,0.28586278585981434,0.28586278585981434,7.182952182877517,2.160248447178134,0.22869022869003058,13199.999340000033,5233.333333333333,1.1893939987735307,Good,Moderate,95.80124223589067
32.0,Male,Married,Professional,43900.0,Private,0.5,Startup,Rented,14700.0,4,3,8300.0,0.0,3700.0,7700.0,8400.0,No,0.0,718.0,235600.0,110500.0,E-commerce Shopping EMI,133000.0,21,Not_Eligible,500.0,42800.0,1100.0,0.9749430523695912,0.3348519362110512,0.0,7.883826879091485,2.5817757008742577,0.25246772968820713,6333.333031746046,275.0,0.17368421876956866,Good,Probation/Junior,67.91343431480398
27.0,Female,Single,High School,71400.0,Private,0.8,Startup,Family,0.0,2,1,10900.0,24400.0,10400.0,17200.0,12500.0,Yes,21000.0,640.0,523500.0,275200.0,Vehicle EMI,1223000.0,81,Not_Eligible,500.0,75400.0,-25000.0,1.0560224089487953,0.2941176470547043,0.2941176470547043,11.186274509647252,2.8547717842027516,1.427404295049688,15098.765245694256,-12500.0,-1.6557645338232896,Poor,Probation/Junior,37.79206620511013
58.0,Female,Married,Post Graduate,183800.0,Private,34.4,Mid-size,Rented,46000.0,3,2,5200.0,7200.0,18200.0,47900.0,18300.0,Yes,37700.0,669.0,778300.0,373600.0,E-commerce Shopping EMI,63000.0,18,Not_Eligible,1155.0,142800.0,3300.0,0.7769314472210177,0.4553862894425713,0.20511425462347596,6.267138193654694,2.0698060941713585,0.028563656147973994,3499.999805555566,1100.0,0.9428571949687076,Fair,Senior/Veteran,77.31747443219538
38.0,Male,Married,Graduate,35600.0,Private,1.1,Startup,Rented,10600.0,2,1,4400.0,21700.0,2900.0,10000.0,4300.0,No,0.0,634.0,43000.0,74000.0,Personal Loan EMI,582000.0,47,Not_Eligible,500.0,53900.0,-18300.0,1.5140449437776953,0.2977528089804002,0.0,3.2865168538402663,1.3729128014587586,1.3623595505586086,12382.978459936628,-9150.0,-1.4778350828703466,Poor,Moderate,5.0
48.0,Female,Married,Graduate,18000.0,Private,26.0,MNC,Rented,5300.0,5,4,6000.0,16100.0,1000.0,4700.0,2900.0,Yes,5200.0,683.0,119000.0,41100.0,Personal Loan EMI,796000.0,39,Not_Eligible,500.0,36000.0,-23200.0,1.9999999998888889,0.583333333300926,0.2888888888728395,8.894444443950308,0.9975728155097676,3.685185185168124,20410.25588691652,-4640.0,-1.1366834461754638,Fair,Senior/Veteran,5.0
48.0,Female,Married,High School,20100.0,Private,24.5,Large Indian,Rented,4700.0,3,2,0.0,21000.0,2600.0,5900.0,1900.0,Yes,2300.0,644.0,64300.0,31400.0,Personal Loan EMI,765000.0,54,Not_Eligible,500.0,36100.0,-18300.0,1.7960199004081583,0.3482587064503354,0.11442786069082449,4.761194029613871,0.8177083333120388,3.1716417910316266,14166.666404320993,-6100.0,-1.2917647297127381,Poor,Senior/Veteran,5.0
48.0,Male,Married,Graduate,44700.0,Self-employed,9.4,MNC,Rented,7200.0,3,2,13300.0,0.0,4200.0,11000.0,7500.0,No,0.0,628.0,267400.0,106000.0,E-commerce Shopping EMI,188000.0,9,Not_Eligible,540.0,43200.0,1500.0,0.9664429529985136,0.16107382549975227,0.0,8.353467561334375,2.453703703646905,0.35048471290016686,20888.886567901493,500.0,0.07180851861358363,Poor,Senior/Veteran,67.95308227835345
38.0,Female,Single,Graduate,54800.0,Government,5.1,Large Indian,Family,0.0,1,0,0.0,0.0,4700.0,8600.0,4500.0,No,0.0,798.0,36700.0,12200.0,Education EMI,197000.0,42,Eligible,19536.0,17800.0,37000.0,0.32481751824224786,0.0,0.0,0.8923357664070741,0.685393258388461,0.29957420924528655,4690.476078798189,37000.0,7.8883250592319305,Excellent,Established,88.4269662919423
27.0,Female,Married,Graduate,20000.0,Government,0.7,Large Indian,Own,0.0,3,2,0.0,0.0,1900.0,4600.0,3700.0,No,0.0,727.0,83000.0,19500.0,Education EMI,246000.0,19,Not_Eligible,4900.0,10200.0,9800.0,0.5099999999745,0.0,0.0,5.12499999974375,1.911764705694925,1.024999999995729,12947.367739612224,3266.6666666666665,0.7569106088846288,Good,Probation/Junior,94.55882352847462
27.0,Male,Married,Graduate,29100.0,Self-employed,0.5,Large Indian,Own,0.0,3,2,0.0,0.0,3300.0,5000.0,5700.0,No,0.0,678.0,174200.0,102300.0,E-commerce Shopping EMI,27000.0,10,Eligible,6795.0,14000.0,15100.0,0.48109965634085566,0.0,0.0,9.5017182127319,7.307142856620918,0.07731958762864456,2699.9997300000273,5033.333333333333,5.59259314978052,Fair,Probation/Junior,100.0
38.0,Male,Married,Graduate,44500.0,Private,6.4,Small,Rented,6900.0,3,2,0.0,0.0,5800.0,8100.0,2500.0,Yes,9300.0,726.0,232800.0,111900.0,Home Appliances EMI,143000.0,32,Not_Eligible,4165.0,23300.0,11900.0,0.5235955056062114,0.36404494381204394,0.20898876404024744,7.746067415556268,3.432515337318021,0.26779026217178314,4468.749860351567,3966.6666666666665,2.662937145557944,Good,Established,100.0
48.0,Male,Single,Post Graduate,112100.0,Private,0.5,MNC,Own,0.0,1,0,0.0,0.0,12200.0,31400.0,12500.0,No,0.0,683.0,114000.0,67100.0,Education EMI,93000.0,30,Eligible,17920.0,56100.0,56000.0,0.5004460303255982,0.0,0.0,1.6155218554717616,1.1960784313512285,0.06913470115962747,3099.99989666667,56000.0,18.064516725355535,Fair,Probation/Junior,90.98039215675614
38.0,Male,Married,Post Graduate,113300.0,Government,1.8,Mid-size,Own,0.0,3,2,14700.0,0.0,13300.0,33600.0,6300.0,No,0.0,670.0,320700.0,91000.0,Personal Loan EMI,738000.0,53,High_Risk,22700.0,67900.0,45400.0,0.5992939099682322,0.0,0.0,3.633715798732271,1.3402061855472724,0.5428067078548523,13924.52803915985,15133.333333333334,3.260433665619508,Fair,Moderate,91.70103092773635
48.0,Female,Married,Graduate,31900.0,Private,1.9,Large Indian,Rented,9400.0,2,1,4900.0,0.0,4600.0,5900.0,2800.0,No,0.0,740.0,137000.0,48300.0,E-commerce Shopping EMI,80000.0,4,Not_Eligible,2150.0,27600.0,4300.0,0.8652037617283636,0.294670846385747,0.0,5.808777429284992,1.7499999999365943,0.20898641588242167,19999.99500000125,2150.0,0.21500005373925,Good,Moderate,72.53369906141388
32.0,Male,Married,Graduate,82800.0,Private,0.5,Startup,Own,0.0,4,3,11900.0,0.0,8800.0,14200.0,9600.0,No,0.0,726.0,291400.0,95400.0,E-commerce Shopping EMI,59000.0,22,Eligible,15320.0,44500.0,38300.0,0.5374396135200793,0.0,0.0,4.671497584484644,2.1438202246709253,0.0593800322060594,2681.8180599173606,9575.0,14.281356576030682,Good,Probation/Junior,95.71910112335462
58.0,Male,Single,Graduate,18200.0,Private,9.1,Startup,Family,0.0,1,0,0.0,0.0,2500.0,5400.0,2000.0,Yes,3000.0,633.0,23800.0,6900.0,Education EMI,78000.0,48,Not_Eligible,1187.2,9900.0,5300.0,0.5439560439261563,0.16483516482610797,0.16483516482610797,1.6868131867205047,0.5348837208887687,0.35714285714122185,1624.9999661458342,5300.0,3.2615385274800786,Poor,Senior/Veteran,87.67441860444384
32.0,Female,Married,High School,33400.0,Government,3.8,Mid-size,Own,0.0,5,4,0.0,0.0,2500.0,9400.0,4100.0,No,0.0,801.0,201300.0,98300.0,E-commerce Shopping EMI,37000.0,5,Eligible,12632.4,16000.0,17400.0,0.4790419161533221,0.0,0.0,8.970059879970956,6.143749999616015,0.09231536926124671,7399.998520000296,3480.0,2.3513518213038713,Excellent,Established,100.0
32.0,Male,Married,Professional,126000.0,Private,1.3,MNC,Family,0.0,4,3,0.0,14000.0,12600.0,26700.0,13100.0,No,0.0,697.0,147000.0,57700.0,Personal Loan EMI,932000.0,19,Not_Eligible,23840.0,66400.0,59600.0,0.5269841269799446,0.0,0.0,1.624603174590281,0.8689759036013709,0.6164021164017087,49052.62899723005,14900.0,1.215021523151196,Fair,Moderate,89.34487951800685
38.0,Male,Married,Graduate,40700.0,Private,0.7,MNC,Own,0.0,4,3,0.0,0.0,3100.0,11700.0,6300.0,No,0.0,774.0,210900.0,60500.0,Vehicle EMI,244000.0,15,Not_Eligible,9408.0,21100.0,19600.0,0.5184275184147806,0.0,0.0,6.668304668140828,2.8672985780631612,0.49959049958947666,16266.665582222295,4900.0,1.2049181130406812,Excellent,Probation/Junior,99.33649289031581
48.0,Male,Single,High School,22500.0,Private,16.6,Large Indian,Family,0.0,1,0,0.0,0.0,2200.0,4600.0,3300.0,No,0.0,764.0,131400.0,73700.0,Education EMI,445000.0,48,Not_Eligible,7440.0,10100.0,12400.0,0.44888888886893824,0.0,0.0,9.11555555515042,7.297029702247818,1.648148148142044,9270.833140190976,12400.0,1.3375281176085363,Excellent,Senior/Veteran,100.0
32.0,Female,Single,Graduate,44200.0,Self-employed,0.5,MNC,Own,0.0,1,0,0.0,0.0,3400.0,7600.0,4000.0,Yes,6500.0,564.0,225100.0,121200.0,E-commerce Shopping EMI,194000.0,12,Not_Eligible,5720.4,15000.0,22700.0,0.3393665158294261,0.14705882352608465,0.14705882352608465,7.8348416287820175,5.637209302063385,0.3657616892904115,16166.665319444557,22700.0,1.4041238282636623,Poor,Probation/Junior,100.0
32.0,Female,Single,Professional,32700.0,Self-employed,0.8,Mid-size,Rented,9300.0,3,2,0.0,0.0,2900.0,8200.0,5900.0,No,0.0,748.0,178200.0,39900.0,Personal Loan EMI,634000.0,49,Not_Eligible,2880.0,26300.0,6400.0,0.8042813455411535,0.2844036697160733,0.0,6.6697247704382345,1.517110266102011,1.6156982670702964,12938.775246147445,2133.3333333333335,0.49463723403117155,Good,Probation/Junior,76.24304368721778
48.0,Male,Married,Post Graduate,41300.0,Private,4.6,Startup,Own,0.0,3,2,0.0,0.0,2300.0,12100.0,4800.0,Yes,10800.0,587.0,173200.0,40100.0,E-commerce Shopping EMI,99000.0,23,Not_Eligible,3164.0,19200.0,11300.0,0.4648910411509712,0.26150121064742127,0.26150121064742127,5.16464891028657,1.3366666666221112,0.1997578692489916,4304.347638941407,3766.6666666666665,2.625252638784032,Poor,Established,91.68333333311055
27.0,Female,Single,Graduate,42100.0,Private,1.4,Mid-size,Rented,12800.0,2,1,0.0,0.0,2400.0,10800.0,6300.0,No,0.0,664.0,204400.0,77600.0,Home Appliances EMI,232000.0,19,Not_Eligible,4900.0,32300.0,9800.0,0.7672209025946028,0.304038004743372,0.0,6.698337292002415,2.402476780111378,0.4592240696744671,12210.525673130227,4900.0,0.802586249072202,Fair,Moderate,83.63471169298867
48.0,Male,Married,Professional,96800.0,Private,15.2,Large Indian,Family,0.0,4,3,14600.0,0.0,12000.0,18400.0,9800.0,Yes,11500.0,708.0,299100.0,153800.0,Home Appliances EMI,221000.0,24,High_Risk,10675.0,54800.0,30500.0,0.5661157024734906,0.11880165289133471,0.11880165289133471,4.678719008216129,2.3197586726648605,0.19025482093647533,9208.332949652793,7625.0,3.312217332219488,Good,Senior/Veteran,96.5987933633243
38.0,Male,Married,Graduate,60900.0,Private,0.9,MNC,Rented,16300.0,3,2,5400.0,0.0,4100.0,14400.0,3100.0,No,0.0,634.0,328500.0,110400.0,Vehicle EMI,575000.0,71,Not_Eligible,5632.0,43300.0,17600.0,0.7110016420244499,0.2676518883371486,0.0,7.206896551605798,2.549653579617791,0.7868089764630722,8098.5914352311065,5866.666666666667,2.1732174216446984,Poor,Probation/Junior,88.86813653613297
48.0,Male,Married,Graduate,58400.0,Private,26.0,Mid-size,Family,0.0,2,1,5900.0,0.0,3800.0,17000.0,9100.0,No,0.0,753.0,223900.0,107600.0,Home Appliances EMI,283000.0,12,Not_Eligible,13560.0,35800.0,22600.0,0.6130136986196402,0.0,0.0,5.6763698629165,3.005586592094816,0.4038242009126658,23583.331368055722,11300.0,0.9583039667438173,Excellent,Senior/Veteran,98.95890411042879
32.0,Male,Single,Post Graduate,90200.0,Private,1.6,MNC,Own,0.0,1,0,0.0,0.0,5400.0,17300.0,11700.0,Yes,15700.0,774.0,670900.0,353100.0,Vehicle EMI,507000.0,66,Eligible,18526.2,34400.0,40100.0,0.3813747228339094,0.1740576496654761,0.1740576496654761,11.352549889009396,7.04790419147609,0.4684035476714076,7681.818065426999,40100.0,5.220118421608426,Excellent,Moderate,100.0
32.0,Male,Married,Post Graduate,74800.0,Private,1.3,Small,Family,0.0,3,2,13900.0,0.0,5800.0,16000.0,5800.0,Yes,13200.0,629.0,494700.0,104200.0,Home Appliances EMI,124000.0,23,High_Risk,6190.8,41500.0,20100.0,0.5548128342171817,0.1764705882329349,0.1764705882329349,8.00668449187157,1.9049360145904033,0.13814616755777837,5391.30411342156,6700.0,3.7282259678568614,Poor,Moderate,94.52468007295201
58.0,Male,Married,Post Graduate,153600.0,Self-employed,7.8,MNC,Family,0.0,3,2,13200.0,0.0,8700.0,38700.0,27600.0,No,0.0,671.0,831700.0,303600.0,Personal Loan EMI,947000.0,25,Not_Eligible,29430.0,88200.0,65400.0,0.5742187499962615,0.0,0.0,7.391276041618546,3.4421768707092726,0.5137803819441658,37879.99848480006,21800.0,1.7265048208625526,Fair,Senior/Veteran,100.0
48.0,Male,Single,Graduate,88700.0,Private,16.5,Large Indian,Rented,29600.0,3,2,11700.0,0.0,7700.0,15100.0,8700.0,No,0.0,649.0,349300.0,98000.0,Home Appliances EMI,90000.0,27,Eligible,6360.0,72800.0,15900.0,0.8207440811632386,0.33370913190153656,0.0,5.042841037147206,1.346153846135355,0.08455467869214153,3333.3332098765477,5300.0,4.770000175235666,Poor,Senior/Veteran,74.07124273761768
48.0,Male,Married,Graduate,30900.0,Private,3.5,Large Indian,Rented,10400.0,3,2,0.0,0.0,3600.0,7700.0,6100.0,No,0.0,661.0,74700.0,36200.0,Education EMI,73000.0,24,Not_Eligible,1550.0,27800.0,3100.0,0.899676375375415,0.33656957927713366,0.0,3.5889967636378963,1.3021582733344548,0.19687162890993293,3041.6665399305607,1033.3333333333333,1.019178124322462,Fair,Established,67.53668133663908
27.0,Female,Single,Graduate,45500.0,Private,0.5,Mid-size,Own,0.0,1,0,0.0,0.0,5900.0,8900.0,3800.0,No,0.0,601.0,144300.0,72400.0,Personal Loan EMI,809000.0,13,Not_Eligible,8608.0,18600.0,26900.0,0.40879120878222436,0.0,0.0,4.762637362532689,3.892473118070297,1.481684981682268,62230.76444378735,26900.0,0.43226208515992653,Poor,Probation/Junior,100.0
48.0,Male,Married,Professional,69000.0,Private,25.6,Mid-size,Rented,19800.0,3,2,0.0,0.0,7500.0,10400.0,8900.0,No,0.0,900.0,316200.0,144100.0,Vehicle EMI,1061000.0,21,Not_Eligible,13440.0,46600.0,22400.0,0.6753623188307919,0.28695652173497166,0.0,6.671014492656942,3.09227467804523,1.2814009661820274,50523.807117913944,7466.666666666667,0.4433553462683219,Excellent,Senior/Veteran,93.97101449353664
38.0,Female,Married,Post Graduate,98000.0,Private,1.7,Large Indian,Rented,31200.0,4,3,3600.0,23100.0,14000.0,24500.0,14900.0,Yes,10600.0,660.0,117800.0,27500.0,Vehicle EMI,483000.0,69,Not_Eligible,500.0,111300.0,-23900.0,1.135714285702697,0.4265306122405456,0.10816326530501875,1.4826530612093607,0.2255947497930632,0.4107142857139365,6999.999898550726,-5975.0,-3.4142857632803607,Fair,Moderate,16.413688035911363
48.0,Male,Married,Graduate,32200.0,Private,3.3,MNC,Family,0.0,2,1,4700.0,23800.0,3400.0,8500.0,6100.0,No,0.0,642.0,193400.0,46800.0,Personal Loan EMI,61000.0,45,Not_Eligible,500.0,46500.0,-14300.0,1.4440993788371397,0.0,0.0,7.459627328960881,1.0064516128815817,0.157867494823608,1355.5555254320996,-7150.0,-10.549180554512898,Poor,Established,5.0
27.0,Female,Single,Post Graduate,57700.0,Private,2.8,Mid-size,Rented,9800.0,1,0,0.0,0.0,7300.0,12100.0,5900.0,No,0.0,575.0,132900.0,42400.0,E-commerce Shopping EMI,75000.0,24,Eligible,9040.0,35100.0,22600.0,0.6083188908040152,0.16984402079428346,0.0,3.0381282495140707,1.2079772079427926,0.10831889081440162,3124.999869791672,22600.0,7.232000299019093,Poor,Moderate,90.37437477539274
32.0,Male,Single,High School,65200.0,Government,5.0,Large Indian,Own,0.0,2,1,5200.0,0.0,5500.0,14100.0,7200.0,No,0.0,685.0,342400.0,126700.0,Education EMI,91000.0,12,Eligible,18260.0,32000.0,33200.0,0.49079754600474235,0.0,0.0,7.19478527596327,3.9593749998762693,0.11630879345588406,7583.332701388942,16600.0,4.378022342279821,Fair,Established,100.0
38.0,Female,Married,Professional,77200.0,Self-employed,13.0,Large Indian,Own,0.0,3,2,11600.0,0.0,6500.0,18400.0,13800.0,No,0.0,822.0,209000.0,121100.0,Personal Loan EMI,367000.0,40,High_Risk,14526.0,50300.0,26900.0,0.651554404136638,0.0,0.0,4.275906735695909,2.407554671920327,0.3961571675297969,9174.999770625007,8966.666666666666,2.931880181969277,Excellent,Senior/Veteran,92.91342102867058
58.0,Male,Married,Graduate,43100.0,Private,8.3,Startup,Own,0.0,3,2,8400.0,17700.0,4700.0,7200.0,7100.0,No,0.0,754.0,81200.0,38600.0,Vehicle EMI,457000.0,68,Not_Eligible,500.0,45100.0,-2000.0,1.0464037122727052,0.0,0.0,2.779582366524836,0.8558758314666103,0.8836040216533573,6720.588136461939,-666.6666666666666,-0.297593002143903,Excellent,Senior/Veteran,28.56708217551663
48.0,Female,Married,Graduate,50200.0,Private,26.0,MNC,Rented,8900.0,4,3,8800.0,18100.0,5200.0,9300.0,4400.0,Yes,14100.0,667.0,75300.0,32500.0,Home Appliances EMI,230000.0,20,Not_Eligible,500.0,54700.0,-18600.0,1.0896414342412422,0.458167330668164,0.2808764940183092,2.14741035852296,0.47238372092336656,0.38180610889710853,11499.999425000027,-4650.0,-1.6173913850767487,Fair,Senior/Veteran,19.118890718545977
48.0,Female,Married,High School,39000.0,Private,6.9,Large Indian,Rented,6500.0,3,2,0.0,0.0,2700.0,8400.0,4900.0,No,0.0,805.0,27700.0,6200.0,Education EMI,150000.0,27,High_Risk,7920.0,22500.0,16500.0,0.576923076908284,0.16666666666239316,0.0,0.8692307692084813,0.27555555554330863,0.32051282051213564,5555.5553497942465,5500.0,2.9700001094653996,Excellent,Established,86.37777777771655
38.0,Male,Married,Graduate,61200.0,Private,2.3,Large Indian,Family,0.0,3,2,7800.0,24500.0,6700.0,10900.0,8100.0,No,0.0,753.0,92300.0,26800.0,Vehicle EMI,690000.0,34,Not_Eligible,1536.0,58000.0,3200.0,0.9477124182851681,0.0,0.0,1.9460784313407504,0.4620689655092747,0.9395424836588514,20294.11705017303,1066.6666666666667,0.1576811640502012,Excellent,Moderate,59.49335136473293
48.0,Male,Married,Graduate,33800.0,Government,3.6,Mid-size,Rented,8900.0,4,3,0.0,0.0,4300.0,6500.0,2000.0,Yes,8800.0,590.0,161200.0,94500.0,E-commerce Shopping EMI,14000.0,24,Eligible,1016.4,21700.0,3300.0,0.6420118343005322,0.5236686390377613,0.260355029578096,7.565088757172631,3.098360655636119,0.03451676528591095,583.3333090277788,825.0,5.657143083159183,Poor,Established,87.98224852331413
48.0,Male,Married,Professional,70300.0,Private,9.2,Mid-size,Own,0.0,4,3,0.0,0.0,4000.0,20100.0,9000.0,No,0.0,667.0,247600.0,128900.0,Personal Loan EMI,888000.0,31,Not_Eligible,18600.0,33100.0,37200.0,0.470839260306247,0.0,0.0,5.355618776595226,3.8942598186134663,1.0526315789461207,28645.16036628515,9300.0,1.2986486904952048,Fair,Senior/Veteran,100.0
48.0,Female,Married,High School,45000.0,Private,5.2,Startup,Own,0.0,5,4,10500.0,0.0,2600.0,12600.0,7700.0,No,0.0,846.0,324800.0,111100.0,Education EMI,178000.0,6,Not_Eligible,7656.0,33400.0,11600.0,0.7422222222057284,0.0,0.0,9.686666666451407,3.32634730528963,0.3296296296290192,29666.661722223045,2320.0,0.3910113011104154,Excellent,Established,88.62222222354173
38.0,Male,Married,Graduate,76900.0,Private,3.2,MNC,Own,0.0,4,3,3800.0,0.0,8500.0,21100.0,11900.0,No,0.0,706.0,142600.0,45000.0,Home Appliances EMI,88000.0,20,Eligible,12640.0,45300.0,31600.0,0.5890767230092449,0.0,0.0,2.439531859526144,0.9933774834217798,0.09536194191580477,4399.999780000011,7900.0,7.1818185392768585,Good,Established,89.9668874171089
48.0,Male,Married,Professional,181700.0,Private,3.4,MNC,Family,0.0,4,3,7400.0,22200.0,23200.0,38400.0,20400.0,No,0.0,689.0,846500.0,282400.0,E-commerce Shopping EMI,73000.0,14,Eligible,35050.0,111600.0,70100.0,0.6141992294957942,0.0,0.0,6.212988442453423,2.5304659497981143,0.033480095395324955,5214.285341836761,17525.0,13.443836574134057,Fair,Established,96.51639138932703
38.0,Female,Married,Graduate,87300.0,Self-employed,5.3,Startup,Family,0.0,3,2,0.0,0.0,7600.0,15200.0,9300.0,No,0.0,761.0,334600.0,199100.0,Education EMI,332000.0,6,Not_Eligible,29808.0,32100.0,55200.0,0.36769759449750633,0.0,0.0,6.113402061785643,6.202492211644782,0.3169148529970247,55333.32411111265,18400.0,0.9975905276928146,Excellent,Established,100.0
48.0,Male,Married,Graduate,89700.0,Private,7.8,Mid-size,Own,0.0,5,4,0.0,0.0,11500.0,16100.0,9200.0,No,0.0,826.0,147000.0,46600.0,Education EMI,341000.0,27,Eligible,25392.0,36800.0,52900.0,0.4102564102518366,0.0,0.0,2.1583054626292277,1.2663043477916764,0.3167967298399138,12629.629161865587,10580.0,4.188563204653692,Excellent,Senior/Veteran,91.33152173895839
48.0,Male,Married,High School,29300.0,Private,1.3,Mid-size,Rented,5100.0,4,3,0.0,0.0,2000.0,5000.0,4800.0,Yes,7000.0,592.0,57900.0,30300.0,Education EMI,98000.0,16,Not_Eligible,1209.6,16900.0,5400.0,0.5767918088540344,0.412969283262356,0.23890784982119767,3.0102389077470906,1.2677824267251974,0.27872582480011737,6124.999617187524,1350.0,0.8816327080193253,Poor,Moderate,90.43106230526107
58.0,Male,Single,Graduate,42900.0,Private,1.5,Small,Family,0.0,1,0,0.0,0.0,2500.0,10800.0,3500.0,No,0.0,627.0,340100.0,163500.0,Home Appliances EMI,221000.0,35,Eligible,11484.0,16800.0,26100.0,0.3916083915992632,0.0,0.0,11.738927738654104,9.732142856563563,0.4292929292920954,6314.285533877556,26100.0,4.13348428034085,Poor,Moderate,100.0
38.0,Male,Married,Post Graduate,68500.0,Self-employed,16.0,MNC,Family,0.0,4,3,6900.0,16500.0,9700.0,12600.0,13000.0,Yes,14900.0,640.0,150700.0,34300.0,Personal Loan EMI,790000.0,22,Not_Eligible,500.0,58700.0,-5100.0,0.8569343065568331,0.21751824817200704,0.21751824817200704,2.7007299269678726,0.4660326086893202,0.9610705596095364,35909.08927685957,-1275.0,-0.1420253229074373,Poor,Senior/Veteran,41.775418518899954
48.0,Male,Married,Graduate,44200.0,Government,7.0,Mid-size,Family,0.0,4,3,10000.0,0.0,2300.0,9800.0,3300.0,No,0.0,687.0,222000.0,116600.0,Education EMI,236000.0,11,Not_Eligible,10340.0,25400.0,18800.0,0.5746606334711615,0.0,0.0,7.660633483989578,4.590551180921632,0.4449472096522531,21454.54350413241,4700.0,0.8762712660608517,Fair,Senior/Veteran,100.0
27.0,Male,Single,Professional,68700.0,Private,2.9,MNC,Rented,12000.0,1,0,0.0,0.0,9900.0,10500.0,12400.0,Yes,8800.0,605.0,159600.0,42200.0,Education EMI,344000.0,43,Not_Eligible,4228.0,44800.0,15100.0,0.6521106259002605,0.3027656477394066,0.12809315865897974,2.9374090247025126,0.7873134328211322,0.4172731683643653,7999.999813953493,15100.0,1.8875000436594112,Poor,Moderate,84.76771709208481
48.0,Female,Married,Graduate,59800.0,Private,11.8,Large Indian,Own,0.0,4,3,0.0,15000.0,7900.0,9300.0,11300.0,Yes,14000.0,691.0,98800.0,40400.0,Vehicle EMI,221000.0,68,Not_Eligible,644.0,43500.0,2300.0,0.7274247491517153,0.234113712370667,0.234113712370667,2.3277591972854887,0.7026086956399547,0.30797101449232445,3249.9999522058833,575.0,0.707692317881796,Fair,Senior/Veteran,78.31906354606255
32.0,Male,Single,Professional,100300.0,Government,1.0,Mid-size,Own,0.0,2,1,6100.0,8000.0,14500.0,26800.0,9200.0,No,0.0,688.0,72000.0,24200.0,Home Appliances EMI,143000.0,8,Not_Eligible,14280.0,64600.0,35700.0,0.6440677966037481,0.0,0.0,0.9591226320941265,0.37461300309017626,0.11881023595869158,17874.99776562528,17850.0,1.997203046741415,Fair,Moderate,83.34764128715102
48.0,Male,Married,Graduate,30300.0,Private,6.0,Large Indian,Family,0.0,2,1,0.0,20200.0,1900.0,5200.0,2900.0,No,0.0,690.0,79200.0,41400.0,Personal Loan EMI,859000.0,23,Not_Eligible,500.0,30200.0,100.0,0.9966996699341023,0.0,0.0,3.9801980196706204,1.3708609271069252,2.362486248618365,37347.824463138066,50.0,0.002677532130312476,Fair,Established,60.11833104080643
38.0,Male,Married,Professional,80300.0,Private,1.0,MNC,Own,0.0,2,1,11400.0,0.0,7500.0,23700.0,15200.0,No,0.0,587.0,74900.0,34100.0,Personal Loan EMI,722000.0,38,Not_Eligible,7200.0,57800.0,22500.0,0.7198007471890436,0.0,0.0,1.357409713557193,0.5899653979136684,0.749273557491958,18999.999500000013,11250.0,1.1842105574168975,Poor,Moderate,78.36576721444484
38.0,Male,Married,Post Graduate,48400.0,Private,0.8,Mid-size,Own,0.0,4,3,12500.0,11200.0,7100.0,10600.0,7000.0,No,0.0,584.0,376300.0,84700.0,Home Appliances EMI,261000.0,14,Not_Eligible,500.0,48400.0,0.0,0.9999999999793389,0.0,0.0,9.52479338823296,1.749999999963843,0.44938016528848246,18642.855811224585,0.0,0.0,Poor,Probation/Junior,61.75000000147211
32.0,Male,Married,Graduate,69400.0,Self-employed,7.3,Startup,Family,0.0,3,2,10800.0,0.0,7200.0,14100.0,13800.0,No,0.0,593.0,469700.0,271200.0,Home Appliances EMI,172000.0,32,Eligible,9306.0,45900.0,23500.0,0.6613832852930637,0.0,0.0,10.675792507050781,5.908496731897419,0.20653218059533318,5374.999832031256,7833.333333333333,4.372093159070308,Poor,Senior/Veteran,95.0893371765549
38.0,Male,Single,Graduate,48700.0,Government,1.0,Large Indian,Rented,15800.0,2,1,0.0,0.0,6900.0,12400.0,6400.0,Yes,8000.0,730.0,252100.0,150800.0,E-commerce Shopping EMI,108000.0,9,Not_Eligible,500.0,41500.0,-800.0,0.8521560574773684,0.488706365493045,0.16427104722455296,8.273100615846548,3.0464646464031016,0.1848049281311006,11999.998666666816,-400.0,-0.0666666740685185,Good,Moderate,48.61806981729738
48.0,Female,Married,Graduate,52500.0,Private,15.3,Large Indian,Rented,8800.0,4,3,0.0,0.0,4500.0,11600.0,6900.0,No,0.0,676.0,142500.0,54000.0,Vehicle EMI,1085000.0,68,Not_Eligible,10350.0,31800.0,20700.0,0.6057142857027483,0.16761904761585486,0.0,3.74285714278585,1.69811320749377,1.7222222222194885,15955.88211829585,5175.0,1.297327207937126,Fair,Senior/Veteran,93.03342318124899
27.0,Male,Single,Professional,33000.0,Private,1.1,MNC,Family,0.0,3,2,0.0,0.0,2100.0,8100.0,4800.0,Yes,5800.0,615.0,21500.0,4900.0,Vehicle EMI,793000.0,53,Not_Eligible,2732.8,15000.0,12200.0,0.45454545453168044,0.17575757575224976,0.17575757575224976,0.7999999999757575,0.23557692306559727,2.0025252525201958,14962.263868636532,4066.6666666666665,0.8153846307147347,Poor,Moderate,86.17788461532798
32.0,Male,Married,Professional,85900.0,Private,5.4,MNC,Own,0.0,2,1,4700.0,9200.0,10600.0,15000.0,16500.0,No,0.0,746.0,451700.0,162300.0,E-commerce Shopping EMI,138000.0,14,Eligible,14950.0,56000.0,29900.0,0.6519208381763456,0.0,0.0,7.147846332862074,2.8982142856625317,0.13387660069835675,9857.142153061275,14950.0,3.03333354969227,Good,Established,95.33740437420502
27.0,Male,Married,Professional,126100.0,Private,0.8,Large Indian,Family,0.0,3,2,2700.0,0.0,15700.0,27000.0,24700.0,Yes,31000.0,700.0,854000.0,416100.0,Vehicle EMI,191000.0,60,Eligible,7700.0,70100.0,25000.0,0.5559080095118485,0.24583663758726537,0.24583663758726537,10.072164948373734,4.11572700292665,0.1262225746760995,3183.3332802777786,8333.333333333334,7.8534032697842715,Good,Probation/Junior,100.0
38.0,Female,Married,Professional,70700.0,Self-employed,15.1,MNC,Family,0.0,2,1,3100.0,11200.0,8700.0,17600.0,9100.0,Yes,14500.0,664.0,337700.0,137800.0,Vehicle EMI,564000.0,73,Not_Eligible,2047.5,49700.0,6500.0,0.70297029701976,0.20509193776230425,0.20509193776230425,6.725601131446598,2.146417445449433,0.6647807637898812,7726.027291424284,3250.0,0.841312068153518,Fair,Senior/Veteran,87.49446346566636
58.0,Female,Married,Graduate,40900.0,Private,13.5,Startup,Family,18870.0,3,2,10100.0,0.0,3600.0,11700.0,5100.0,Yes,7000.0,659.0,85900.0,51200.0,Personal Loan EMI,928000.0,29,Not_Eligible,1190.0,49370.0,-15470.0,1.207090464518164,0.6325183373928479,0.17114914425009414,3.352078239526844,0.9082845485026028,1.8907905460434173,31999.998896551762,-5156.666666666667,-0.48343751665515117,Fair,Senior/Veteran,5.0
32.0,Female,Married,Graduate,90500.0,Private,5.7,Mid-size,Own,0.0,4,3,4700.0,0.0,7100.0,20900.0,17700.0,Yes,12400.0,691.0,50400.0,14900.0,Personal Loan EMI,767000.0,44,Not_Eligible,7756.0,50400.0,27700.0,0.5569060773419127,0.13701657458412136,0.13701657458412136,0.721546961317994,0.23726114649303723,0.7062615101282631,17431.817785640505,6925.0,1.5890482759192723,Fair,Established,86.18630573246519
48.0,Male,Single,Post Graduate,26000.0,Government,2.8,Large Indian,Family,0.0,2,1,13900.0,0.0,3100.0,4300.0,1500.0,No,0.0,650.0,99700.0,27000.0,Home Appliances EMI,265000.0,32,Not_Eligible,1600.0,22800.0,3200.0,0.8769230768893491,0.0,0.0,4.873076922889497,1.1842105262638505,0.8493589743562521,8281.249741210946,1600.0,0.38641510636843285,Fair,Moderate,68.76720648017132
27.0,Male,Married,Graduate,49000.0,Private,0.5,Large Indian,Rented,13100.0,3,2,4400.0,12300.0,6100.0,13100.0,5200.0,No,0.0,624.0,115200.0,45800.0,Personal Loan EMI,807000.0,52,Not_Eligible,500.0,54200.0,-5200.0,1.1061224489570178,0.26734693877005417,0.0,3.2857142856472303,0.8450184501689111,1.3724489795895025,15519.23047078403,-1733.3333333333333,-0.33506816007754203,Poor,Probation/Junior,23.735296334283127
38.0,Female,Married,Graduate,37500.0,Private,2.4,Large Indian,Own,0.0,4,3,12300.0,0.0,3900.0,10900.0,3000.0,Yes,7200.0,654.0,266700.0,105800.0,Vehicle EMI,189000.0,61,Not_Eligible,500.0,30100.0,200.0,0.8026666666452622,0.19199999999488,0.19199999999488,9.933333333068445,2.8364611259293175,0.4199999999990667,3098.360604944908,50.0,0.06455026558763192,Fair,Moderate,82.9689722980256
38.0,Male,Married,Post Graduate,110300.0,Private,3.3,Large Indian,Own,0.0,3,2,0.0,0.0,15700.0,28400.0,15300.0,Yes,28000.0,792.0,707400.0,297600.0,Personal Loan EMI,100000.0,42,Eligible,10579.8,59400.0,22900.0,0.5385312783269399,0.25385312783088076,0.25385312783088076,9.111514052501256,3.405034324903833,0.07555152614077096,2380.95232426304,7633.333333333333,9.61800022496044,Excellent,Established,100.0
38.0,Female,Married,Post Graduate,111100.0,Private,16.0,Mid-size,Own,0.0,3,2,4400.0,0.0,9300.0,24800.0,13800.0,Yes,31900.0,703.0,536700.0,220400.0,Home Appliances EMI,39000.0,28,Eligible,9415.0,52300.0,26900.0,0.4707470747032336,0.28712871286870273,0.28712871286870273,6.8145814580844775,2.6175771971185564,0.029252925292507313,1392.8570931122467,8966.666666666666,19.312821188698486,Good,Senior/Veteran,98.08788598559278
38.0,Female,Single,Graduate,34100.0,Self-employed,5.9,Large Indian,Family,0.0,1,0,0.0,0.0,4400.0,7700.0,2500.0,No,0.0,690.0,32500.0,9100.0,Vehicle EMI,907000.0,42,Not_Eligible,7020.0,14600.0,19500.0,0.4281524926560659,0.0,0.0,1.2199413489378317,0.6232876711901858,2.2165200390952675,21595.237581065772,19500.0,0.9029768682051543,Fair,Established,88.11643835595093
32.0,Female,Married,Graduate,68300.0,Private,4.0,Large Indian,Own,0.0,3,2,14800.0,0.0,7500.0,15400.0,7800.0,No,0.0,760.0,274800.0,104600.0,Home Appliances EMI,297000.0,35,Eligible,13680.0,45500.0,22800.0,0.6661786237091336,0.0,0.0,5.554904831543853,2.2989010988505734,0.36237188872576576,8485.714043265314,7600.0,2.686868763319729,Excellent,Established,91.20021559752217
38.0,Female,Married,High School,32600.0,Private,2.0,Mid-size,Own,0.0,3,2,9600.0,0.0,4000.0,9700.0,5200.0,No,0.0,682.0,246300.0,97300.0,Vehicle EMI,221000.0,44,Not_Eligible,2255.0,28500.0,4100.0,0.8742331288075389,0.0,0.0,10.539877300290188,3.4140350875995074,0.5649284253564291,5022.727158574383,1366.6666666666667,0.8162896111496979,Fair,Moderate,78.06134969539688
32.0,Male,Married,Professional,27000.0,Government,8.0,MNC,Family,0.0,4,3,0.0,0.0,3700.0,7600.0,1400.0,Yes,4500.0,900.0,142100.0,66100.0,Education EMI,154000.0,42,Not_Eligible,3773.0,12700.0,9800.0,0.47037037035294926,0.16666666666049382,0.16666666666049382,7.711111110825514,3.8430232555905217,0.47530864197384165,3666.666579365082,2450.0,2.6727273356347103,Excellent,Senior/Veteran,100.0
27.0,Male,Single,High School,42200.0,Self-employed,0.7,Startup,Own,0.0,1,0,0.0,0.0,4900.0,7700.0,7600.0,Yes,7600.0,642.0,106100.0,53600.0,Vehicle EMI,774000.0,74,Not_Eligible,3628.8,20200.0,14400.0,0.47867298577064754,0.18009478672559018,0.18009478672559018,3.784360189483783,1.92805755388748,1.5284360189543278,10459.459318115414,14400.0,1.3767442045195362,Poor,Probation/Junior,94.6402877694374
38.0,Male,Single,Graduate,34700.0,Private,13.0,Large Indian,Own,0.0,2,1,13700.0,0.0,2000.0,6800.0,5100.0,Yes,6000.0,680.0,223700.0,81400.0,Vehicle EMI,964000.0,56,Not_Eligible,500.0,27600.0,1100.0,0.7953890489684325,0.1729106628192245,0.1729106628192245,8.792507204357564,2.422619047546946,2.315081652251885,17214.28540688776,550.0,0.06390041607512612,Fair,Senior/Veteran,81.48197132026012
38.0,Female,Married,Graduate,24600.0,Private,0.6,Large Indian,Family,0.0,3,2,0.0,0.0,1900.0,6700.0,1200.0,No,0.0,631.0,87800.0,27600.0,E-commerce Shopping EMI,181000.0,12,Not_Eligible,4736.0,9800.0,14800.0,0.39837398372364335,0.0,0.0,4.691056910378412,2.8163265303248646,0.6131436314342373,15083.332076388995,4933.333333333333,0.9812155513161623,Poor,Probation/Junior,99.08163265162432
48.0,Female,Married,Post Graduate,26000.0,Self-employed,4.6,Large Indian,Own,0.0,4,3,12300.0,0.0,2800.0,7600.0,4800.0,No,0.0,731.0,117400.0,67700.0,Education EMI,184000.0,23,Not_Eligible,500.0,27500.0,-1500.0,1.0576923076516271,0.0,0.0,7.119230768956952,2.461818181728661,0.5897435897416995,7999.999652173928,-375.0,-0.1875000081287364,Good,Established,35.693706296513135
48.0,Female,Married,Graduate,65300.0,Government,1.2,MNC,Rented,12400.0,3,2,0.0,0.0,7700.0,17200.0,9100.0,Yes,16200.0,653.0,393700.0,100100.0,Education EMI,428000.0,33,Not_Eligible,1039.5,46400.0,2700.0,0.7105666156093329,0.4379785604833388,0.24808575803601707,7.56202143939415,1.5990415335207822,0.5461970393050712,12969.696576675862,900.0,0.20817757638581807,Fair,Moderate,81.49137918502356
32.0,Male,Married,Post Graduate,80100.0,Private,1.4,Mid-size,Family,0.0,4,3,5600.0,0.0,11200.0,19100.0,13800.0,No,0.0,651.0,131800.0,59300.0,Personal Loan EMI,361000.0,26,Not_Eligible,12160.0,49700.0,30400.0,0.6204744069835147,0.0,0.0,2.3857677902323875,1.1931589536983267,0.3755722014145073,13884.614850591735,7600.0,2.1894737682633623,Fair,Moderate,89.32784220981046
48.0,Male,Single,Professional,83500.0,Private,14.9,Mid-size,Family,5909.0,1,0,0.0,0.0,4400.0,18000.0,8500.0,No,0.0,738.0,624000.0,218500.0,Education EMI,450000.0,41,Eligible,28930.0,36809.0,46691.0,0.4408263473001099,0.07076646706502077,0.0,10.089820359160601,5.936048248908254,0.4491017964067374,10975.609488399768,46691.0,4.254068992259073,Good,Senior/Veteran,100.0
38.0,Female,Married,Post Graduate,100500.0,Private,0.9,Large Indian,Rented,29300.0,4,3,4100.0,0.0,14500.0,23800.0,18800.0,No,0.0,642.0,766400.0,257300.0,E-commerce Shopping EMI,130000.0,21,Not_Eligible,3520.0,90500.0,10000.0,0.9004975124288508,0.291542288554313,0.0,10.18606965163994,2.8430939226205183,0.10779436152561543,6190.475895691624,2500.0,1.6153846920467454,Poor,Probation/Junior,75.17566861879453
32.0,Male,Married,Graduate,65500.0,Private,1.1,MNC,Family,0.0,5,4,10100.0,24500.0,4000.0,16300.0,10500.0,Yes,17900.0,487.0,54900.0,26900.0,Personal Loan EMI,865000.0,57,Not_Eligible,500.0,65400.0,-17800.0,0.9984732824275042,0.27328244274391933,0.27328244274391933,1.2488549618129945,0.3229291716647908,1.1005089058510171,15175.438330255469,-3560.0,-1.1729479973793548,Poor,Moderate,29.736783264123616
38.0,Female,Married,Graduate,33400.0,Self-employed,6.9,Large Indian,Own,0.0,5,4,0.0,9400.0,2800.0,5400.0,6100.0,No,0.0,751.0,183600.0,94700.0,Education EMI,135000.0,27,Not_Eligible,5238.0,23700.0,9700.0,0.7095808383021084,0.0,0.0,8.332335329091846,3.9957805905487014,0.33682634730454886,4999.999814814822,1940.0,1.9400000714638517,Excellent,Established,91.23353293583133
58.0,Male,Married,Post Graduate,68000.0,Private,16.5,Startup,Family,0.0,4,3,8800.0,0.0,4200.0,18700.0,9600.0,No,0.0,792.0,432400.0,74000.0,Education EMI,86000.0,38,Eligible,17622.0,41300.0,26700.0,0.607352941167539,0.0,0.0,7.447058823419897,1.7917675544360347,0.10539215686261594,2263.157835180057,6675.0,11.79767472385684,Excellent,Senior/Veteran,93.37060247877704
48.0,Male,Married,Post Graduate,68800.0,Private,24.5,Small,Rented,20400.0,2,1,5900.0,24400.0,9500.0,16100.0,4900.0,Yes,9700.0,601.0,197800.0,80100.0,Education EMI,120000.0,34,Not_Eligible,500.0,81200.0,-22100.0,1.1802325581223805,0.43749999999364103,0.140988372090974,4.039244185987802,0.8811881188021872,0.14534883720912628,3529.4116608996574,-11050.0,-6.261666849059194,Poor,Senior/Veteran,15.362335944665624
38.0,Female,Married,Professional,67600.0,Government,7.3,Mid-size,Rented,20700.0,2,1,7500.0,0.0,5900.0,13000.0,3600.0,Yes,15400.0,734.0,164400.0,94500.0,Personal Loan EMI,744000.0,48,Not_Eligible,577.5,50700.0,1500.0,0.7499999999889054,0.5340236686311536,0.22781065088420402,3.829881656748079,1.429652042338432,0.9171597633124788,15499.99967708334,750.0,0.09677419555827263,Good,Senior/Veteran,70.76660340839898
48.0,Female,Married,Post Graduate,44300.0,Private,6.8,Large Indian,Family,0.0,5,4,2800.0,0.0,3700.0,8100.0,8000.0,No,0.0,788.0,292100.0,96200.0,Vehicle EMI,404000.0,32,Not_Eligible,14322.0,22600.0,21700.0,0.5101580135325021,0.0,0.0,8.765237020118166,4.256637167953246,0.7599699021806622,12624.999605468764,4340.0,1.7188119347648463,Excellent,Established,100.0
58.0,Male,Married,Graduate,476256.0,Private,7.0,Mid-size,Rented,6900.0,3,2,0.0,0.0,2500.0,9900.0,7000.0,No,0.0,739.0,24000.0,5300.0,Home Appliances EMI,167000.0,36,Not_Eligible,4600.0,26300.0,449956.0,0.05522240139745174,0.014488006450282016,0.0,0.061521534636704796,0.20152091253986612,0.029220979193257893,4638.888760030868,149985.33333333334,96.99650566744984,Good,Senior/Veteran,86.00760456269933
32.0,Male,Married,Graduate,69900.0,Self-employed,1.8,Mid-size,Rented,16400.0,3,2,8200.0,11500.0,7000.0,15300.0,13500.0,No,0.0,597.0,59900.0,13600.0,E-commerce Shopping EMI,158000.0,5,Not_Eligible,500.0,71900.0,-2000.0,1.0286123032756995,0.2346208869780455,0.0,1.0515021459077039,0.189151599441041,0.1883643299950067,31599.993680001262,-666.6666666666666,-0.06329115189673129,Poor,Moderate,26.656773735149244
38.0,Female,Married,Graduate,43200.0,Private,0.9,Mid-size,Own,0.0,3,2,0.0,0.0,4500.0,12700.0,5900.0,No,0.0,694.0,35000.0,15300.0,Vehicle EMI,788000.0,34,Not_Eligible,6432.0,23100.0,20100.0,0.5347222222098443,0.0,0.0,1.1643518518248992,0.6623376623089897,1.5200617283921294,23176.469906574417,6700.0,0.8672589087189253,Fair,Probation/Junior,88.31168831154494
48.0,Male,Married,Professional,51700.0,Government,1.0,Mid-size,Own,0.0,5,4,0.0,0.0,5800.0,11100.0,3200.0,No,0.0,722.0,374900.0,209900.0,Home Appliances EMI,62000.0,24,Eligible,17380.0,20100.0,31600.0,0.38878143132710286,0.0,0.0,11.311411992044267,10.4427860691322,0.09993552546727928,2583.3332256944486,6320.0,12.232258569458482,Good,Moderate,100.0
27.0,Female,Single,Graduate,90900.0,Government,1.0,Large Indian,Rented,18400.0,1,0,0.0,0.0,8300.0,17600.0,5200.0,Yes,26200.0,796.0,623700.0,255600.0,Education EMI,156000.0,29,High_Risk,7022.4,49500.0,15200.0,0.5445544554395539,0.490649064901093,0.28822882287911744,9.673267326626258,3.3764861294137853,0.1430143014300119,5379.310159334133,15200.0,2.8256411225516436,Excellent,Moderate,93.65456545692349
32.0,Female,Married,Graduate,40800.0,Government,2.9,Mid-size,Rented,9700.0,2,1,6900.0,23600.0,4800.0,8600.0,6600.0,Yes,4900.0,663.0,186700.0,74000.0,Vehicle EMI,1460000.0,72,Not_Eligible,500.0,60200.0,-24300.0,1.4754901960422673,0.3578431372461313,0.12009803921274269,6.38970588219633,1.1367127495985143,2.982026143784759,20277.77749614198,-12150.0,-1.1983561809683003,Fair,Moderate,5.0
27.0,Male,Married,Graduate,24700.0,Private,0.5,MNC,Family,0.0,3,2,0.0,22600.0,3600.0,5300.0,3700.0,No,0.0,688.0,18500.0,7700.0,E-commerce Shopping EMI,14000.0,9,Not_Eligible,500.0,35200.0,-10500.0,1.4251012145172024,0.0,0.0,1.0607287448963267,0.2187499999937855,0.04723346828594051,1555.5553827160686,-3500.0,-6.750000745660713,Fair,Probation/Junior,5.0
48.0,Female,Married,Post Graduate,23400.0,Private,1.0,MNC,Own,0.0,5,4,0.0,16400.0,3000.0,6300.0,3600.0,No,0.0,728.0,83100.0,44000.0,E-commerce Shopping EMI,22000.0,18,Not_Eligible,500.0,29300.0,-5900.0,1.252136752083242,0.0,0.0,5.431623931391811,1.5017064845903854,0.07834757834729933,1222.2221543209914,-1180.0,-4.827272991504958,Good,Moderate,15.337592256292567
32.0,Male,Single,Graduate,51600.0,Government,0.5,MNC,Own,0.0,2,1,0.0,19700.0,4100.0,11000.0,10300.0,Yes,10300.0,813.0,303900.0,177600.0,E-commerce Shopping EMI,132000.0,9,Not_Eligible,500.0,45100.0,-3800.0,0.8740310077349994,0.19961240309690673,0.19961240309690673,9.331395348656368,3.2057761732273327,0.21317829457329912,14666.665037037219,-1900.0,-0.2590909378611226,Excellent,Probation/Junior,53.07751938120005
32.0,Male,Married,Professional,61900.0,Self-employed,0.8,Large Indian,Rented,20800.0,4,3,0.0,0.0,7600.0,10500.0,9800.0,No,0.0,602.0,334900.0,162700.0,E-commerce Shopping EMI,23000.0,9,Eligible,4752.0,48700.0,13200.0,0.7867528271278392,0.33602584813673625,0.0,8.038772213117305,3.3408624229293458,0.030963920301519975,2555.55527160497,3300.0,5.165217963196218,Poor,Probation/Junior,85.05977382977287
32.0,Female,Married,Post Graduate,36700.0,Private,3.5,Small,Family,0.0,3,2,10300.0,0.0,2100.0,5800.0,4700.0,Yes,8400.0,576.0,115300.0,53100.0,Home Appliances EMI,193000.0,36,Not_Eligible,1512.0,22900.0,5400.0,0.6239782016178752,0.22888283378122934,0.22888283378122934,4.588555858185598,1.696485622948994,0.4382379654849268,5361.110962191363,1800.0,1.0072539138017556,Poor,Established,91.56417198531494
32.0,Male,Married,Graduate,62400.0,Self-employed,5.3,MNC,Family,0.0,2,1,0.0,0.0,4300.0,11700.0,4600.0,Yes,11300.0,748.0,476100.0,239200.0,Education EMI,389000.0,9,Not_Eligible,10568.25,20600.0,30500.0,0.33012820512291463,0.18108974358684152,0.18108974358684152,11.463141025457322,7.498432601645817,0.5194978632471695,43222.21741975362,15250.0,0.7056556053821313,Good,Established,100.0
32.0,Male,Married,Post Graduate,73800.0,Government,0.8,MNC,Rented,15800.0,5,4,0.0,21400.0,10400.0,22000.0,8000.0,No,0.0,705.0,577000.0,272400.0,Personal Loan EMI,653000.0,23,Not_Eligible,500.0,77600.0,-3800.0,1.0514905148909013,0.21409214091850826,0.0,11.509485094694995,3.5103092783052796,0.7373532068645694,28391.303113421603,-760.0,-0.1338438036706303,Good,Probation/Junior,38.8807588087279
32.0,Male,Married,Professional,75100.0,Private,3.3,Mid-size,Rented,19200.0,2,1,13400.0,13100.0,3900.0,16100.0,11800.0,Yes,9300.0,669.0,225900.0,112200.0,Education EMI,462000.0,26,Not_Eligible,500.0,77500.0,-11700.0,1.0319573901327304,0.3794940079842944,0.12383488681592764,4.501997336824208,1.2926267280957071,0.5126498002657427,17769.23008579884,-5850.0,-0.6584415837291787,Fair,Established,31.90654242986011
58.0,Male,Single,Post Graduate,49300.0,Government,9.2,MNC,Family,0.0,1,0,0.0,0.0,5900.0,9000.0,5100.0,Yes,7700.0,692.0,301100.0,116600.0,Personal Loan EMI,377000.0,43,Not_Eligible,9147.6,20000.0,21600.0,0.40567951317635537,0.15618661257289682,0.15618661257289682,8.472616632688181,4.209386281436484,0.6372549019597071,8767.441656571125,21600.0,2.4636605344670093,Fair,Senior/Veteran,100.0
58.0,Male,Married,Graduate,74800.0,Government,31.3,Large Indian,Family,0.0,4,3,12900.0,16700.0,10000.0,11300.0,9400.0,Yes,12200.0,727.0,55300.0,15900.0,Home Appliances EMI,201000.0,18,Not_Eligible,708.4,60300.0,2300.0,0.8061497326095435,0.16310160427589437,0.16310160427589437,0.9518716577412852,0.21931034482456127,0.22393048128317297,11166.66604629633,575.0,0.20597016067807233,Good,Senior/Veteran,69.60457311535933
27.0,Male,Single,Post Graduate,96300.0,Private,0.6,MNC,Family,0.0,2,1,10400.0,8500.0,7100.0,26000.0,11600.0,No,0.0,625.0,194700.0,93300.0,Education EMI,472000.0,8,Not_Eligible,10464.0,63600.0,32700.0,0.660436137064793,0.0,0.0,2.9906542055764214,1.466981132052406,0.4084458290062232,58999.99262500093,16350.0,0.5542373574058603,Poor,Probation/Junior,87.50001469507859
32.0,Female,Married,Professional,41800.0,Private,1.7,MNC,Family,0.0,3,2,0.0,0.0,3300.0,10600.0,3300.0,Yes,8900.0,626.0,125800.0,74800.0,Personal Loan EMI,404000.0,16,Not_Eligible,4396.0,17200.0,15700.0,0.41148325357867266,0.21291866028198758,0.21291866028198758,4.799043062086147,2.8659003830319576,0.805422647526305,25249.998421875098,5233.333333333333,0.6217822170545829,Poor,Moderate,99.32950191515978
38.0,Male,Married,Graduate,76500.0,Private,1.3,Mid-size,Rented,22300.0,3,2,4700.0,0.0,10000.0,13200.0,6000.0,No,0.0,687.0,164900.0,98500.0,Personal Loan EMI,750000.0,49,Not_Eligible,10150.0,56200.0,20300.0,0.734640522866214,0.2915032679700457,0.0,3.4431372548569525,1.7526690391147213,0.8169934640513976,15306.122136609752,6766.666666666667,1.3262666936466838,Fair,Moderate,82.9921033662765
58.0,Female,Married,Post Graduate,99000.0,Private,22.1,Startup,Own,0.0,2,1,0.0,0.0,6100.0,16500.0,16900.0,Yes,13900.0,673.0,147900.0,46000.0,Vehicle EMI,845000.0,31,Not_Eligible,12768.0,39500.0,45600.0,0.39898989898586884,0.1404040404026222,0.1404040404026222,1.958585858566075,0.8614232209576512,0.7112794612788625,27258.063636836658,22800.0,1.672899462187148,Fair,Senior/Veteran,89.30711610478825
38.0,Male,Married,Graduate,10553.0,Private,11.6,MNC,Family,0.0,3,2,9300.0,0.0,7800.0,16200.0,12000.0,No,0.0,638.0,39200.0,16400.0,Vehicle EMI,1312000.0,16,Not_Eligible,6464.0,45300.0,-34747.0,4.292618212423707,0.0,0.0,5.268643986992453,0.3620309050692708,10.360403044865912,81999.99487500031,-11582.333333333334,-0.4237439289178508,Poor,Senior/Veteran,5.0
32.0,Female,Single,Graduate,95100.0,Self-employed,4.2,Large Indian,Family,0.0,1,0,0.0,0.0,10800.0,24800.0,7800.0,Yes,28400.0,641.0,170000.0,93800.0,Education EMI,415000.0,17,Not_Eligible,4697.28,43400.0,23300.0,0.45636172449572704,0.2986330178727799,0.2986330178727799,2.7739221871422304,1.3064066852185738,0.36365229582863334,24411.763269896277,23300.0,0.9544578874307813,Poor,Established,91.53203342609287
48.0,Male,Married,Professional,67200.0,Private,6.9,MNC,Rented,22500.0,3,2,4900.0,0.0,6400.0,11800.0,8500.0,No,0.0,726.0,110800.0,34900.0,Education EMI,255000.0,16,Not_Eligible,5240.0,54100.0,13100.0,0.8050595237975439,0.33482142856644614,0.0,2.168154761872498,0.6451016635740277,0.31622023809484595,15937.49900390631,4366.666666666667,0.8219608356347006,Good,Established,71.82074641406662
38.0,Male,Married,Professional,30200.0,Private,3.7,Startup,Rented,7400.0,5,4,9800.0,0.0,2600.0,4800.0,3500.0,Yes,7200.0,670.0,135800.0,55200.0,Education EMI,452000.0,23,Not_Eligible,500.0,28100.0,-5100.0,0.9304635761281304,0.48344370859326347,0.23841059601859568,6.324503311048858,1.5637393767262397,1.2472406180981037,19652.17305860117,-1020.0,-0.25951328560626374,Fair,Established,35.54055119185232
38.0,Female,Single,Graduate,33200.0,Private,7.2,Mid-size,Own,0.0,3,2,0.0,0.0,3700.0,7200.0,4700.0,Yes,6000.0,763.0,137400.0,52900.0,Personal Loan EMI,516000.0,24,Not_Eligible,4872.0,15600.0,11600.0,0.46987951805813616,0.1807228915608216,0.1807228915608216,5.731927710670725,2.449074073960691,1.2951807228883152,21499.9991041667,3866.6666666666665,0.5395349061764558,Excellent,Senior/Veteran,97.24537036980345
58.0,Male,Married,Professional,94800.0,Private,20.5,MNC,Own,0.0,3,2,0.0,16700.0,14200.0,16500.0,6800.0,No,0.0,708.0,507200.0,243600.0,Personal Loan EMI,983000.0,34,Not_Eligible,20300.0,54200.0,40600.0,0.5717299577998763,0.0,0.0,7.91983122354515,4.494464944566523,0.8640998593522643,28911.76385553636,13533.333333333334,1.40427267604502,Good,Senior/Veteran,100.0
48.0,Male,Married,Professional,108700.0,Private,11.3,MNC,Rented,33100.0,4,3,8700.0,0.0,11900.0,17600.0,10500.0,No,0.0,607.0,375100.0,193900.0,E-commerce Shopping EMI,184000.0,19,Not_Eligible,10760.0,81800.0,26900.0,0.7525298987971248,0.30450781968441115,0.0,5.234590616327189,2.3704156478927825,0.1410610242255895,9684.210016620525,6725.0,2.7777175372131704,Poor,Senior/Veteran,84.64968633569391
27.0,Male,Single,Professional,88700.0,Private,4.9,Mid-size,Family,0.0,2,1,5100.0,0.0,5100.0,26500.0,8100.0,No,0.0,850.0,176800.0,57400.0,Vehicle EMI,1213000.0,29,Not_Eligible,21072.0,44800.0,43900.0,0.5050732807158391,0.0,0.0,2.64036076659932,1.2812499999714007,1.1396091694840853,41827.58476456604,21950.0,1.0495466148965897,Excellent,Established,91.40624999985701
48.0,Male,Married,Graduate,55900.0,Private,22.9,MNC,Own,0.0,3,2,4700.0,11300.0,5200.0,11700.0,4200.0,No,0.0,608.0,292800.0,103100.0,Personal Loan EMI,521000.0,26,Not_Eligible,7520.0,37100.0,18800.0,0.6636851520453724,0.0,0.0,7.08228980309334,2.778975741164987,0.7766845557531653,20038.46076775151,6266.666666666667,0.9381958133888808,Poor,Senior/Veteran,93.80006654219514
48.0,Male,Married,Graduate,54200.0,Government,1.1,Large Indian,Family,0.0,4,3,7500.0,22700.0,7900.0,11500.0,5700.0,No,0.0,775.0,134300.0,66000.0,E-commerce Shopping EMI,135000.0,13,Not_Eligible,500.0,55300.0,-1100.0,1.0202952029332049,0.0,0.0,3.6955719556513733,1.1934900542279658,0.20756457564543732,10384.61458579888,-275.0,-0.10592593406387378,Excellent,Moderate,32.34383403648343
38.0,Male,Married,Graduate,36200.0,Private,7.6,Mid-size,Rented,12600.0,3,2,0.0,10600.0,2300.0,7400.0,2000.0,No,0.0,670.0,99200.0,58900.0,Vehicle EMI,706000.0,30,Not_Eligible,650.0,34900.0,1300.0,0.9640883977634229,0.34806629833292635,0.0,4.367403314796481,1.6876790830461983,1.6252302025745275,23533.332548888913,433.3333333333333,0.05524079504014558,Fair,Senior/Veteran,64.31132359415716
48.0,Female,Married,Post Graduate,21400.0,Private,1.1,Startup,Rented,5700.0,4,3,0.0,6400.0,2300.0,6100.0,2100.0,Yes,2500.0,689.0,39000.0,17000.0,Personal Loan EMI,478000.0,39,Not_Eligible,500.0,22600.0,-3700.0,1.0560747663057908,0.3831775700755524,0.11682242990108306,2.6168224297842606,0.6772908366264028,1.861370716503655,12256.409942143335,-925.0,-0.30188285290423966,Fair,Moderate,26.90047287866875
32.0,Male,Married,Graduate,81900.0,Private,1.6,Mid-size,Own,0.0,3,2,4400.0,17000.0,7700.0,24300.0,14900.0,No,0.0,821.0,599200.0,279700.0,Vehicle EMI,1474000.0,83,Not_Eligible,8976.0,68300.0,13600.0,0.8339438339336516,0.0,0.0,10.731379731248701,4.0951683747570256,1.4997964997949738,17759.035930614027,4533.333333333333,0.7658073361848289,Excellent,Moderate,81.28449328530787
32.0,Male,Married,Graduate,51700.0,Self-employed,1.2,MNC,Rented,8800.0,2,1,11400.0,0.0,2800.0,11700.0,9200.0,Yes,9200.0,650.0,205400.0,77500.0,E-commerce Shopping EMI,183000.0,21,Not_Eligible,500.0,43900.0,-1400.0,0.8491295937940208,0.348162475815316,0.17794970986116151,5.471953578230717,1.4595103577879565,0.2949709864598727,8714.285299319747,-700.0,-0.16065574533675536,Fair,Moderate,47.36718428541812
38.0,Male,Married,Professional,32200.0,Private,1.0,MNC,Rented,9400.0,4,3,6200.0,0.0,2400.0,9200.0,5000.0,No,0.0,662.0,101700.0,30200.0,E-commerce Shopping EMI,72000.0,18,Not_Eligible,500.0,32200.0,0.0,0.9999999999689441,0.2919254658294433,0.0,4.096273291798252,0.937888198728637,0.18633540372622584,3999.99977777779,0.0,0.0,Fair,Moderate,57.68944099612766
38.0,Male,Married,Post Graduate,97300.0,Government,1.9,Large Indian,Rented,17000.0,2,1,0.0,0.0,9700.0,19600.0,8000.0,No,0.0,735.0,178100.0,35700.0,E-commerce Shopping EMI,54000.0,4,High_Risk,17200.0,54300.0,43000.0,0.5580678314433909,0.17471736896017764,0.0,2.197327851981528,0.6574585635238037,0.04624871531342391,13499.996625000844,21500.0,3.1851859812455414,Good,Moderate,88.28729281761902
27.0,Male,Single,Post Graduate,45800.0,Self-employed,5.0,MNC,Rented,15800.0,3,2,0.0,0.0,2600.0,8200.0,5500.0,No,0.0,745.0,233600.0,118800.0,Education EMI,450000.0,25,Not_Eligible,6165.0,32100.0,13700.0,0.7008733624301119,0.34497816593133235,0.0,7.694323143936805,3.7009345793239583,0.8187772925749295,17999.99928000003,4566.666666666667,0.7611111415132715,Good,Established,91.93013100559105
58.0,Female,Married,Professional,118600.0,Government,1.1,MNC,Rented,27400.0,4,3,10700.0,0.0,7900.0,22700.0,23000.0,No,0.0,667.0,180500.0,60200.0,Education EMI,144000.0,21,Eligible,10760.0,91700.0,26900.0,0.7731871838046106,0.23102866778894582,0.0,2.029510961197053,0.6564885496111615,0.10118043844849552,6857.14253061226,6725.0,3.9229168529001304,Fair,Moderate,74.42746804368696
27.0,Male,Single,Graduate,119200.0,Private,0.5,Mid-size,Own,0.0,1,0,0.0,0.0,9200.0,33000.0,18600.0,No,0.0,691.0,938300.0,559800.0,Education EMI,174000.0,34,Eligible,25696.0,60800.0,58400.0,0.5100671140896806,0.0,0.0,12.567953020028794,9.207236841953828,0.12164429530192838,5117.646908304503,58400.0,11.411494586275913,Fair,Probation/Junior,100.0
58.0,Female,Married,Graduate,56700.0,Private,1.3,Mid-size,Rented,16900.0,4,3,7400.0,0.0,7800.0,13200.0,7800.0,No,0.0,687.0,156000.0,58200.0,E-commerce Shopping EMI,151000.0,6,Not_Eligible,1800.0,53100.0,3600.0,0.9365079364914196,0.2980599647213746,0.0,3.77777777771115,1.0960451977194718,0.22192827748350685,25166.66247222292,900.0,0.1430463814512697,Fair,Moderate,63.55959106928379
58.0,Male,Married,Post Graduate,76300.0,Private,4.5,Mid-size,Rented,17900.0,4,3,0.0,15300.0,9600.0,17700.0,5600.0,No,0.0,758.0,93300.0,34100.0,Personal Loan EMI,747000.0,36,Not_Eligible,4896.0,66100.0,10200.0,0.8663171690581086,0.23460026212012322,0.0,1.6697247706203182,0.515885022685085,0.8158584534722413,20749.999423611127,2550.0,0.4915662786911695,Excellent,Established,66.27405158877673
32.0,Male,Single,Professional,80500.0,Self-employed,2.7,Mid-size,Rented,17700.0,2,1,6800.0,0.0,5300.0,17400.0,4200.0,No,0.0,768.0,465300.0,130300.0,Home Appliances EMI,238000.0,7,Not_Eligible,15714.0,51400.0,29100.0,0.6385093167622546,0.21987577639478417,0.0,7.398757763883246,2.535019455203599,0.24637681159394784,33999.995142857835,14550.0,0.855882475184911,Excellent,Moderate,94.59435193503762
48.0,Male,Married,High School,30400.0,Private,4.5,Mid-size,Own,0.0,4,3,0.0,8300.0,4400.0,5200.0,1500.0,Yes,7100.0,607.0,132300.0,32500.0,Vehicle EMI,1326000.0,33,Not_Eligible,1092.0,19400.0,3900.0,0.63815789471585,0.2335526315712647,0.2335526315712647,5.421052631400623,1.2264150942933427,3.6348684210426674,40181.81696418737,975.0,0.09705882646817274,Poor,Established,88.0794438941987
32.0,Male,Married,Graduate,39200.0,Private,4.4,Startup,Family,0.0,2,1,6000.0,0.0,3800.0,7500.0,2600.0,Yes,5300.0,599.0,258500.0,137400.0,Education EMI,455000.0,9,Not_Eligible,4312.0,19900.0,14000.0,0.5076530612115394,0.13520408162920397,0.13520408162920397,10.099489795660727,5.452380952164588,0.9672619047598485,50555.549938272234,7000.0,0.27692310768683004,Poor,Established,100.0
32.0,Male,Single,High School,45400.0,Private,2.4,MNC,Own,0.0,1,0,0.0,0.0,6300.0,13400.0,5800.0,Yes,6400.0,687.0,102700.0,54500.0,Vehicle EMI,542000.0,76,Not_Eligible,4725.0,25500.0,13500.0,0.5616740087982011,0.14096916299248965,0.14096916299248965,3.4625550660030275,1.7084639497897034,0.9948604992639595,7131.578853531857,13500.0,1.8929889545316103,Fair,Moderate,93.54231974894851
38.0,Male,Married,Graduate,62100.0,Private,4.5,Large Indian,Rented,12700.0,4,3,0.0,0.0,4800.0,10000.0,9900.0,No,0.0,688.0,57700.0,27200.0,Home Appliances EMI,133000.0,10,Not_Eligible,9880.0,37400.0,24700.0,0.6022544283316867,0.20450885667947652,0.0,1.367149758432091,0.7272727272532815,0.17847557702606215,13299.998670000134,6175.0,1.857143042717508,Fair,Established,88.45600936973146
27.0,Female,Single,High School,40700.0,Private,2.1,Large Indian,Rented,9600.0,1,0,0.0,0.0,2400.0,6600.0,3900.0,No,0.0,627.0,70600.0,41800.0,Personal Loan EMI,698000.0,29,Not_Eligible,5824.0,22500.0,18200.0,0.5528255528119699,0.2358722358664405,0.0,2.7616707616029075,1.8577777776952098,1.4291564291535028,24068.96468727708,18200.0,0.7561604844958042,Poor,Moderate,94.28888888847605
48.0,Male,Single,Graduate,42300.0,Self-employed,10.8,Large Indian,Rented,8000.0,1,0,0.0,0.0,5600.0,12500.0,5200.0,No,0.0,778.0,325500.0,138000.0,Education EMI,499000.0,42,Not_Eligible,6534.0,31300.0,11000.0,0.73995271865863,0.1891252955038032,0.0,10.957446808251596,4.408945686760098,0.9830575256087805,11880.95209807257,11000.0,0.9258517253729743,Excellent,Senior/Veteran,88.80378250730959
48.0,Female,Single,Graduate,69500.0,Self-employed,5.9,Mid-size,Family,0.0,1,0,0.0,0.0,8000.0,15400.0,9400.0,Yes,19000.0,706.0,233300.0,111600.0,Personal Loan EMI,551000.0,55,Not_Eligible,5575.5,32800.0,17700.0,0.471942446036375,0.2733812949600953,0.2733812949600953,4.9625899279861505,2.154440154398563,0.6606714628289441,10018.181636033061,17700.0,1.7667876907492317,Good,Established,95.77220077199281
48.0,Male,Married,Graduate,75100.0,Private,24.4,MNC,Rented,16800.0,3,2,13600.0,0.0,6500.0,13300.0,8300.0,Yes,12600.0,682.0,380100.0,121000.0,Home Appliances EMI,291000.0,16,Not_Eligible,1400.0,58500.0,4000.0,0.7789613848098674,0.39147802928906156,0.16777629826674068,6.672436750909822,1.7018284106652346,0.3229027962712795,18187.49886328132,1333.3333333333333,0.21993128521127528,Fair,Senior/Veteran,79.19223126853677
48.0,Male,Married,Graduate,48000.0,Private,7.8,MNC,Own,0.0,3,2,10200.0,0.0,4400.0,9400.0,2800.0,No,0.0,683.0,264400.0,93000.0,Personal Loan EMI,308000.0,59,Eligible,10600.0,26800.0,21200.0,0.5583333333217014,0.0,0.0,7.445833333178212,3.47014925360186,0.5347222222212938,5220.338894570527,7066.666666666667,4.061039029092203,Fair,Senior/Veteran,100.0
48.0,Female,Married,Graduate,66800.0,Private,6.1,MNC,Own,0.0,3,2,5200.0,0.0,9000.0,18600.0,10500.0,No,0.0,683.0,405800.0,226200.0,E-commerce Shopping EMI,128000.0,24,Eligible,12925.0,43300.0,23500.0,0.6482035928046677,0.0,0.0,9.461077844169745,5.22401847562993,0.1596806387223557,5333.33311111112,7833.333333333333,4.406250182767578,Fair,Established,96.14371257562658
58.0,Male,Married,Graduate,65100.0,Government,35.2,Mid-size,Rented,22700.0,5,4,5400.0,22700.0,7400.0,12000.0,6800.0,Yes,15000.0,730.0,126900.0,54900.0,Vehicle EMI,323000.0,79,Not_Eligible,500.0,77000.0,-26900.0,1.1827956989065622,0.5791090629711351,0.2304147465402394,2.7926267280677015,0.5967391304282964,0.4134664618530294,4088.6075431821832,-5380.0,-6.579257047616838,Good,Senior/Veteran,5.0
32.0,Female,Married,Graduate,52300.0,Private,4.2,Large Indian,Rented,17600.0,3,2,0.0,0.0,3500.0,14500.0,3900.0,No,0.0,628.0,226200.0,94300.0,Education EMI,416000.0,38,Not_Eligible,5120.0,39500.0,12800.0,0.7552581261805877,0.33652007647540116,0.0,6.128107074452617,2.38734177209146,0.6628425748874078,10947.368132963997,4266.666666666667,1.1692307998931952,Poor,Established,84.51605876601027
38.0,Male,Married,Graduate,110000.0,Private,2.6,Large Indian,Own,0.0,3,2,5200.0,0.0,13800.0,28000.0,6800.0,Yes,24700.0,720.0,575700.0,222700.0,Vehicle EMI,1073000.0,52,Not_Eligible,11025.0,53800.0,31500.0,0.48909090908646286,0.22454545454341324,0.22454545454341324,7.258181818115835,2.8369426751230966,0.812878787878172,20634.614987795867,10500.0,1.5265610730853856,Good,Moderate,99.18471337561549
48.0,Male,Married,Post Graduate,26000.0,Self-employed,5.9,MNC,Own,0.0,3,2,6000.0,0.0,1400.0,5600.0,4600.0,No,0.0,700.0,137700.0,49900.0,Education EMI,64000.0,22,High_Risk,3780.0,17600.0,8400.0,0.6769230768970415,0.0,0.0,7.215384615107101,2.83522727256618,0.20512820512754767,2909.09077685951,2800.0,2.8875001302574224,Good,Established,93.02229021106758
38.0,Female,Married,Post Graduate,57800.0,Private,0.5,Startup,Rented,10000.0,4,3,0.0,21300.0,5800.0,8800.0,4000.0,No,0.0,615.0,79500.0,33300.0,Vehicle EMI,97000.0,22,Not_Eligible,2022.4,49900.0,7900.0,0.8633217992930221,0.1730103806198441,0.0,1.9515570933918416,0.6673346693253039,0.13985005766992525,4409.090708677695,1975.0,1.7917526583565095,Poor,Probation/Junior,67.27092940318474
48.0,Female,Married,Professional,69100.0,Private,6.2,Mid-size,Own,0.0,3,2,0.0,0.0,7900.0,18300.0,9300.0,No,0.0,595.0,50400.0,10900.0,Home Appliances EMI,242000.0,34,Eligible,10752.0,35500.0,33600.0,0.5137481910200615,0.0,0.0,0.8871201157614022,0.30704225351247766,0.2918475639166765,7117.646849480975,11200.0,4.720661295204535,Poor,Established,86.53521126756239
58.0,Female,Married,Graduate,47600.0,Private,2.1,Mid-size,Own,14098.0,3,2,7700.0,0.0,3700.0,13600.0,3100.0,Yes,7800.0,715.0,344000.0,148300.0,E-commerce Shopping EMI,170000.0,20,Not_Eligible,4504.5,42198.0,-2398.0,0.8865126050233926,0.4600420167970579,0.16386554621504484,10.342436974572637,2.966118644686465,0.2976190476185266,8499.999575000022,-799.3333333333334,-0.28211766113151554,Good,Moderate,47.706643645766874
48.0,Female,Married,Post Graduate,34300.0,Private,13.9,Mid-size,Rented,8600.0,2,1,12800.0,5300.0,3900.0,8300.0,4200.0,No,0.0,840.0,63200.0,13900.0,Vehicle EMI,1421000.0,18,Not_Eligible,500.0,43100.0,-8800.0,1.256559766727214,0.250728862966451,0.0,2.2478134110131833,0.3225058004565544,3.4523809523725646,78944.44005864221,-4400.0,-0.11147080140604754,Excellent,Senior/Veteran,9.087747664105656
32.0,Male,Married,Professional,71500.0,Private,8.2,Startup,Rented,11900.0,3,2,0.0,0.0,6900.0,20400.0,11900.0,No,0.0,672.0,107100.0,45500.0,Home Appliances EMI,152000.0,28,Eligible,8160.0,51100.0,20400.0,0.7146853146753191,0.16643356643123872,0.0,2.1342657342358846,0.8904109588866848,0.17715617715597068,5428.571234693884,6800.0,3.7578948703603876,Fair,Senior/Veteran,80.2772296204079
38.0,Male,Married,High School,16800.0,Private,4.0,Small,Rented,4800.0,3,2,4600.0,0.0,1700.0,4900.0,1200.0,No,0.0,577.0,121900.0,64900.0,Vehicle EMI,868000.0,63,Not_Eligible,500.0,17200.0,-400.0,1.0238095237485827,0.2857142856972789,0.0,11.119047618385771,3.773255813734113,4.305555555534198,13777.777559082897,-133.33333333333334,-0.02903225852323844,Poor,Established,41.09523810011339
27.0,Male,Single,High School,29900.0,Private,2.9,Large Indian,Own,0.0,2,1,12700.0,7200.0,3900.0,7600.0,4200.0,No,0.0,725.0,112000.0,55300.0,E-commerce Shopping EMI,185000.0,9,Not_Eligible,500.0,35600.0,-5700.0,1.1906354514651962,0.0,0.0,5.595317725565374,1.5533707864732198,0.5156075808235351,20555.553271605193,-2850.0,-0.27729732809461793,Good,Moderate,20.5160178151504
32.0,Female,Married,Professional,114000.0,Private,10.0,Mid-size,Rented,31600.0,4,3,0.0,6000.0,15500.0,29400.0,6800.0,No,0.0,768.0,619300.0,188700.0,E-commerce Shopping EMI,15000.0,6,Eligible,14820.0,89300.0,24700.0,0.783333333326462,0.2771929824537088,0.0,7.087719298183441,2.1131019036717458,0.01096491228069374,2499.999583333403,6175.0,9.880001642714666,Excellent,Senior/Veteran,80.89884285224176
32.0,Female,Married,Post Graduate,77200.0,Private,1.4,MNC,Family,0.0,3,2,0.0,0.0,6600.0,13700.0,9300.0,Yes,10100.0,695.0,343000.0,146400.0,E-commerce Shopping EMI,25000.0,4,Eligible,13125.0,29600.0,37500.0,0.38341968911420443,0.1308290155423468,0.1308290155423468,6.339378238259854,3.6876574306375907,0.026986183074236846,6249.9984375003905,12500.0,6.00000149904,Fair,Moderate,100.0
38.0,Male,Single,Post Graduate,45200.0,Government,3.0,Mid-size,Rented,13800.0,1,0,0.0,0.0,3100.0,9800.0,7200.0,Yes,7500.0,648.0,196800.0,76600.0,Vehicle EMI,915000.0,47,Not_Eligible,1170.4,33900.0,3800.0,0.749999999983407,0.4712389380426717,0.165929203536152,6.048672566237861,1.850241545849028,1.6869469026517572,19468.084692168413,3800.0,0.1951912609735803,Poor,Established,77.26448206758556
58.0,Female,Single,Post Graduate,43600.0,Self-employed,36.0,Mid-size,Own,0.0,2,1,2900.0,0.0,2800.0,12700.0,6300.0,No,0.0,651.0,330000.0,85600.0,Personal Loan EMI,547000.0,52,Not_Eligible,9355.5,24700.0,18900.0,0.5665137614548965,0.0,0.0,9.532110091524492,3.465587044394106,1.0454892966340874,10519.230566937875,9450.0,1.7967093579644808,Fair,Senior/Veteran,100.0
38.0,Male,Married,Post Graduate,6166.0,Government,2.7,Startup,Own,0.0,2,1,11100.0,22000.0,3400.0,11000.0,6900.0,Yes,10700.0,718.0,42700.0,21600.0,Vehicle EMI,1462000.0,62,Not_Eligible,500.0,54400.0,-58934.0,8.82257541212738,1.7353227373118192,1.7353227373118192,10.428154393378502,0.3317972350179447,19.758892853014398,23580.644780957344,-29467.0,-2.4992531181799222,Good,Moderate,5.0
38.0,Female,Married,High School,38400.0,Government,1.5,Large Indian,Family,0.0,2,1,0.0,23300.0,3800.0,11500.0,5200.0,Yes,9600.0,757.0,285300.0,169000.0,Home Appliances EMI,279000.0,14,Not_Eligible,500.0,43800.0,-15000.0,1.1406249999702962,0.24999999999348957,0.24999999999348957,11.830729166358575,3.1647940074313707,0.605468749998686,19928.570005102145,-7500.0,-0.7526882257686822,Excellent,Moderate,31.750000002376304
32.0,Female,Married,Professional,90300.0,Private,3.0,MNC,Own,0.0,3,2,14300.0,0.0,5400.0,20800.0,9500.0,Yes,19500.0,730.0,371400.0,135500.0,Education EMI,56000.0,23,Eligible,7280.0,50000.0,20800.0,0.5537098560293056,0.21594684385142918,0.21594684385142918,5.6135105204251,1.949640287741732,0.0516795865632598,2434.7825028355433,6933.333333333333,8.542857510777042,Good,Established,94.74820143870866
32.0,Male,Married,Post Graduate,38000.0,Private,1.4,Mid-size,Rented,12900.0,2,1,0.0,13800.0,3100.0,10200.0,7500.0,No,0.0,658.0,159900.0,37500.0,Personal Loan EMI,475000.0,40,Not_Eligible,500.0,47500.0,-9500.0,1.2499999999671052,0.3394736842015928,0.0,5.19473684196856,0.7894736841939058,1.0416666666643823,11874.999703125008,-4750.0,-0.8000000199326315,Fair,Moderate,11.947368423601112
58.0,Male,Married,Professional,111900.0,Government,15.8,MNC,Own,0.0,3,2,4200.0,20100.0,7600.0,20100.0,7800.0,Yes,32500.0,743.0,628100.0,222000.0,Education EMI,108000.0,20,High_Risk,7546.0,59800.0,19600.0,0.5344057193875389,0.29043789097148853,0.29043789097148853,7.596961572764997,2.405200433343389,0.0804289544235326,5399.999730000013,6533.333333333333,3.6296298104389573,Good,Senior/Veteran,97.02600216671695
27.0,Male,Married,Professional,52500.0,Self-employed,1.4,Large Indian,Rented,16400.0,3,2,14200.0,19000.0,3500.0,9300.0,2900.0,No,0.0,778.0,418800.0,217800.0,Home Appliances EMI,276000.0,23,Not_Eligible,500.0,65300.0,-12800.0,1.2438095237858322,0.31238095237500224,0.0,12.125714285483319,3.335375191373118,0.4380952380945427,11999.999478260892,-4266.666666666667,-1.0666667129545893,Excellent,Moderate,23.495238097133424
38.0,Female,Married,Professional,75500.0,Private,2.8,Large Indian,Own,0.0,3,2,4500.0,11200.0,10500.0,20100.0,12100.0,No,0.0,846.0,190300.0,105600.0,E-commerce Shopping EMI,36000.0,4,High_Risk,10260.0,58400.0,17100.0,0.7735099337645893,0.0,0.0,3.9192052979613354,1.8082191780512291,0.039735099337704485,8999.997750000563,5700.0,1.9000004747888888,Excellent,Moderate,80.160301189089
38.0,Female,Married,Graduate,56900.0,Self-employed,4.7,MNC,Family,0.0,3,2,12200.0,9500.0,7700.0,12500.0,5100.0,Yes,14000.0,645.0,301200.0,116500.0,Vehicle EMI,606000.0,74,Not_Eligible,500.0,47000.0,-4100.0,0.8260105448009488,0.24604569419602731,0.24604569419602731,7.340949033262901,1.9098360655424618,0.8875219683642538,8189.189078524472,-1366.6666666666667,-0.5006600727111404,Poor,Established,51.4683367436364
48.0,Female,Married,Professional,65300.0,Private,16.7,Large Indian,Own,0.0,4,3,12300.0,19900.0,6500.0,10100.0,9200.0,No,0.0,809.0,321300.0,182900.0,Personal Loan EMI,954000.0,31,Not_Eligible,4380.0,58000.0,7300.0,0.888208269511666,0.0,0.0,7.7212863704790005,3.153448275807699,1.2174578866753223,30774.19255567121,1825.0,0.2372117476862122,Excellent,Senior/Veteran,76.94333843906672
32.0,Male,Single,Graduate,20000.0,Government,1.4,Large Indian,Family,0.0,2,1,9800.0,0.0,1200.0,4200.0,2400.0,No,0.0,726.0,50500.0,20900.0,Personal Loan EMI,121000.0,27,Not_Eligible,1200.0,17600.0,2400.0,0.879999999956,0.0,0.0,3.5699999998215,1.1874999999325284,0.504166666664566,4481.481315500692,1200.0,0.5355372097978552,Good,Moderate,68.53750000318263
48.0,Female,Married,Graduate,25300.0,Private,26.0,Startup,Rented,6300.0,3,2,0.0,0.0,2200.0,6400.0,1500.0,Yes,3200.0,686.0,53900.0,25200.0,E-commerce Shopping EMI,163000.0,3,Not_Eligible,1995.0,16400.0,5700.0,0.6482213438478964,0.3754940711314034,0.1264822134337359,3.1264822133151586,1.285714285648688,0.5368906455845294,54333.31522222826,1900.0,0.10490801042751703,Fair,Senior/Veteran,87.57086392041172
27.0,Male,Married,Professional,94500.0,Private,0.9,MNC,Own,0.0,2,1,8400.0,15700.0,13700.0,20800.0,14500.0,Yes,14600.0,663.0,611700.0,235600.0,E-commerce Shopping EMI,14000.0,16,Eligible,2094.4,73100.0,6800.0,0.773544973536788,0.1544973544957196,0.1544973544957196,8.966137566042686,2.686431014792629,0.012345679012334793,874.9999453125033,3400.0,7.771429048261225,Fair,Probation/Junior,84.54855719102011
27.0,Female,Married,Professional,32300.0,Private,0.5,MNC,Family,0.0,2,1,12500.0,0.0,4500.0,9600.0,4900.0,No,0.0,648.0,49100.0,19000.0,Home Appliances EMI,225000.0,6,Not_Eligible,500.0,31500.0,800.0,0.975232198112222,0.0,0.0,2.108359133061661,0.6031746031554548,0.580495356035654,37499.99375000104,400.0,0.02133333688832,Poor,Probation/Junior,57.99729716679951
38.0,Female,Married,High School,26900.0,Private,16.0,Small,Rented,5100.0,3,2,2600.0,0.0,1400.0,4200.0,5200.0,Yes,3600.0,684.0,191400.0,105100.0,Vehicle EMI,748000.0,56,Not_Eligible,1848.0,18500.0,4800.0,0.6877323419818687,0.3234200743374193,0.13382899627755282,11.022304832304004,4.755656108382097,2.317224287477332,13357.142618622454,1600.0,0.3593582951602619,Fair,Senior/Veteran,92.9814126414505
58.0,Female,Married,Professional,88700.0,Private,10.0,Large Indian,Family,0.0,4,3,0.0,0.0,10600.0,16500.0,4800.0,No,0.0,750.0,631700.0,227500.0,Vehicle EMI,1311000.0,44,High_Risk,37488.0,31900.0,56800.0,0.35963923336685866,0.0,0.0,9.686583990871629,7.131661441782707,1.2316798196155283,29795.45386828514,14200.0,1.9063310882655387,Excellent,Senior/Veteran,100.0
27.0,Female,Single,Post Graduate,123800.0,Private,0.6,MNC,Own,0.0,1,0,0.0,0.0,8900.0,24700.0,10600.0,Yes,18800.0,745.0,564000.0,183500.0,E-commerce Shopping EMI,71000.0,5,High_Risk,17024.0,44200.0,60800.0,0.3570274636481662,0.15185783521686708,0.15185783521686708,6.037964458755752,2.9126984126521793,0.04779213785672604,14199.997160000568,60800.0,4.28169099688157,Good,Probation/Junior,99.5634920632609
48.0,Male,Married,High School,26200.0,Private,16.8,Large Indian,Family,0.0,3,2,6400.0,21300.0,3100.0,7100.0,5100.0,No,0.0,750.0,202600.0,74500.0,Vehicle EMI,870000.0,65,Not_Eligible,500.0,43000.0,-16800.0,1.6412213739831594,0.0,0.0,10.576335877458918,1.7325581394945917,2.7671755725102822,13384.615178698228,-5600.0,-1.255172433009671,Excellent,Senior/Veteran,5.0
27.0,Female,Single,Professional,116800.0,Government,3.5,Large Indian,Own,0.0,2,1,8300.0,0.0,15200.0,34000.0,18900.0,No,0.0,845.0,655800.0,213800.0,Personal Loan EMI,687000.0,51,Eligible,26664.0,76400.0,40400.0,0.6541095890354957,0.0,0.0,7.445205479388312,2.7984293193350993,0.4901541095886914,13470.587971164943,20200.0,2.999126696138347,Excellent,Established,94.66337947383585
38.0,Male,Single,Post Graduate,23400.0,Private,4.8,Startup,Rented,7800.0,2,1,10600.0,0.0,2400.0,6200.0,4300.0,No,0.0,628.0,145600.0,49200.0,Personal Loan EMI,571000.0,44,Not_Eligible,500.0,31300.0,-7900.0,1.3376068375496748,0.3333333333190883,0.0,8.324786324430564,1.571884983975339,2.0334757834685417,12977.272432334717,-3950.0,-0.6087565812140363,Poor,Established,8.850877915902707
48.0,Female,Married,Graduate,87700.0,Private,10.5,MNC,Family,0.0,3,2,14600.0,0.0,11300.0,24300.0,4400.0,No,0.0,729.0,340100.0,141100.0,E-commerce Shopping EMI,113000.0,15,Eligible,16550.0,54600.0,33100.0,0.6225769669256264,0.0,0.0,5.486887115102773,2.584249084201754,0.10737362219678129,7533.3328311111445,11033.333333333334,4.393805602071619,Good,Senior/Veteran,96.11508806695865
27.0,Male,Single,High School,26100.0,Private,1.2,Mid-size,Own,0.0,1,0,0.0,0.0,1700.0,7600.0,3800.0,No,0.0,671.0,126800.0,27500.0,Education EMI,120000.0,6,Not_Eligible,6500.0,13100.0,13000.0,0.50191570879303,0.0,0.0,5.911877394409506,2.0992366410611267,0.38314176245088394,19999.996666667223,13000.0,0.6500001083008333,Fair,Moderate,95.49618320530564
27.0,Female,Married,Post Graduate,32300.0,Private,1.9,Large Indian,Family,0.0,4,3,0.0,0.0,4600.0,5000.0,5900.0,No,0.0,597.0,235000.0,117200.0,Education EMI,75000.0,34,Eligible,7392.0,15500.0,16800.0,0.4798761609758552,0.0,0.0,10.904024767464271,7.56129032209282,0.19349845201188468,2205.8822880622856,4200.0,7.616000220547414,Poor,Moderate,100.0
58.0,Male,Married,Post Graduate,167600.0,Private,5.2,MNC,Rented,31200.0,4,3,0.0,0.0,24700.0,27900.0,8600.0,Yes,40000.0,630.0,499200.0,159800.0,Education EMI,257000.0,15,Not_Eligible,9856.0,92400.0,35200.0,0.5513126491613883,0.4248210023841001,0.2386634844854495,3.9319809068977802,1.2069486404742678,0.12778440731895,17133.33219111119,8800.0,2.0544748450162755,Poor,Established,89.29727303548432
48.0,Male,Married,Graduate,40600.0,Private,6.3,Large Indian,Own,0.0,2,1,0.0,0.0,3300.0,10500.0,7700.0,Yes,8700.0,797.0,187100.0,97200.0,Education EMI,461000.0,16,Not_Eligible,4368.0,21500.0,10400.0,0.5295566502332621,0.2142857142804363,0.2142857142804363,7.002463054014718,3.2185430462510416,0.9462233169110299,28812.498199218862,5200.0,0.360954469401789,Excellent,Established,100.0
38.0,Female,Married,Post Graduate,39400.0,Private,1.7,Mid-size,Rented,9700.0,4,3,0.0,16200.0,3100.0,9400.0,5800.0,Yes,5200.0,554.0,28500.0,6000.0,E-commerce Shopping EMI,168000.0,3,Not_Eligible,500.0,44200.0,-10000.0,1.1218274111390398,0.378172588822889,0.13197969542812235,0.8756345177442733,0.12145748987608386,0.3553299492378271,55999.98133333955,-2500.0,-0.17857148809204934,Poor,Moderate,18.861094558257236
38.0,Female,Married,Graduate,56600.0,Private,1.2,Mid-size,Rented,18200.0,3,2,0.0,0.0,3700.0,16500.0,5000.0,No,0.0,624.0,431100.0,88300.0,Home Appliances EMI,64000.0,10,Not_Eligible,5808.0,43400.0,13200.0,0.7667844522832723,0.32155477031234003,0.0,9.17667844506755,2.0345622119346873,0.09422850412235832,6399.999360000064,4400.0,2.062500205927734,Poor,Moderate,81.83005487701165
48.0,Female,Married,High School,34300.0,Private,7.4,Large Indian,Own,0.0,3,2,7800.0,0.0,1800.0,5400.0,5800.0,No,0.0,656.0,222900.0,47000.0,E-commerce Shopping EMI,189000.0,18,Not_Eligible,7425.0,20800.0,13500.0,0.6064139941514165,0.0,0.0,7.868804664493621,2.2596153845067493,0.45918367346827216,10499.999416666698,4500.0,1.2857143570204081,Fair,Senior/Veteran,95.78495739042043
32.0,Female,Married,Graduate,39000.0,Private,2.6,Large Indian,Rented,7400.0,2,1,6000.0,11600.0,5300.0,7800.0,4000.0,No,0.0,626.0,276200.0,105500.0,Education EMI,216000.0,19,Not_Eligible,500.0,42100.0,-3100.0,1.0794871794595002,0.18974358973872452,0.0,9.787179486928533,2.5059382422207617,0.46153846153747535,11368.42045429366,-1550.0,-0.2726851995130508,Poor,Moderate,34.17071685434379
38.0,Male,Married,Graduate,74500.0,Private,6.6,Startup,Family,0.0,4,3,0.0,0.0,8400.0,18900.0,14900.0,No,0.0,686.0,285500.0,152400.0,Education EMI,416000.0,31,High_Risk,16150.0,42200.0,32300.0,0.566442953012531,0.0,0.0,5.8778523489143915,3.611374407497361,0.46532438478695154,13419.354405827276,8075.0,2.406971231311019,Fair,Established,100.0
48.0,Male,Single,Graduate,18000.0,Private,4.2,Startup,Family,0.0,2,1,0.0,0.0,1500.0,3400.0,2700.0,No,0.0,683.0,73900.0,42800.0,Personal Loan EMI,974000.0,57,Not_Eligible,5200.0,7600.0,10400.0,0.42222222219876543,0.0,0.0,6.483333332973148,5.631578946627424,4.509259259238383,17087.71899846107,5200.0,0.6086242406214665,Fair,Established,100.0
48.0,Female,Married,Graduate,49700.0,Self-employed,0.5,Startup,Family,0.0,4,3,0.0,0.0,5300.0,10500.0,4200.0,Yes,8300.0,634.0,272400.0,131400.0,Education EMI,344000.0,48,Not_Eligible,5392.8,20000.0,21400.0,0.4024144869134323,0.16700201206907442,0.16700201206907442,8.124748490782197,4.643109540471975,0.5767940979198913,7166.6665173611145,5350.0,2.9860465734205515,Poor,Probation/Junior,100.0
38.0,Male,Married,Post Graduate,23400.0,Private,1.8,Startup,Own,0.0,4,3,0.0,19800.0,2700.0,4800.0,4600.0,Yes,3700.0,583.0,48600.0,14600.0,Personal Loan EMI,100000.0,56,Not_Eligible,500.0,31900.0,-12200.0,1.3632478631896048,0.15811965811290088,0.15811965811290088,2.7008547007392796,0.4101123595390418,0.35612535612408786,1785.7142538265311,-3050.0,-6.832000118174079,Poor,Moderate,5.0
32.0,Male,Married,Graduate,86200.0,Government,0.7,Large Indian,Rented,21100.0,4,3,2200.0,0.0,11000.0,20800.0,10300.0,No,0.0,850.0,494600.0,218400.0,Education EMI,139000.0,9,Not_Eligible,12480.0,65400.0,20800.0,0.7587006960468828,0.24477958236374966,0.0,8.271461716841399,3.339449541233342,0.13437741685988555,15444.442728395254,5200.0,1.3467627394811448,Excellent,Probation/Junior,87.30394431624937
33.0,Male,Married,Post Graduate,26357.0,Private,2.1,Large Indian,Own,0.0,3,2,3000.0,10000.0,2200.0,5400.0,4100.0,No,0.0,701.0,39300.0,14400.0,Vehicle EMI,1092000.0,53,Not_Eligible,1080.0,24700.0,1657.0,0.9371324505468326,0.0,0.0,2.0374094167759074,0.582995951393401,3.452593238976829,20603.773196155224,552.3333333333334,0.08042216268565716,Good,Moderate,60.94438371322039
27.0,Male,Married,Graduate,42100.0,Private,3.8,Large Indian,Family,0.0,3,2,11500.0,0.0,4200.0,9200.0,2900.0,Yes,7100.0,718.0,101600.0,58800.0,Personal Loan EMI,108000.0,36,Not_Eligible,2520.0,27800.0,7200.0,0.660332541552011,0.16864608075608917,0.16864608075608917,3.8099762469403804,1.6848137535333865,0.21377672208983814,2999.9999166666694,2400.0,2.4000000658666663,Good,Established,88.59746544350605
38.0,Male,Married,Graduate,49100.0,Private,5.8,Small,Family,0.0,4,3,6600.0,24300.0,5200.0,7800.0,5900.0,No,0.0,739.0,270200.0,111000.0,Home Appliances EMI,185000.0,6,Not_Eligible,500.0,49800.0,-700.0,1.014256619123946,0.0,0.0,7.7637474540170315,2.228915662605845,0.31398506449369656,30833.3281944453,-175.0,-0.022702706485750183,Good,Established,38.00404878311355
38.0,Male,Married,Graduate,51800.0,Private,1.0,Large Indian,Rented,14800.0,3,2,11900.0,17400.0,5400.0,12000.0,6100.0,No,0.0,779.0,168000.0,51000.0,Home Appliances EMI,122000.0,7,Not_Eligible,500.0,67600.0,-15800.0,1.3050193049941117,0.28571428570877,0.0,4.22779922771761,0.754437869811325,0.19626769626738053,17428.568938775865,-5266.666666666667,-0.9065575065053615,Excellent,Moderate,7.370644949527687
38.0,Female,Married,Professional,27000.0,Government,3.2,Mid-size,Rented,6500.0,4,3,8100.0,0.0,3700.0,7000.0,2000.0,No,0.0,661.0,21200.0,11600.0,Home Appliances EMI,269000.0,13,Not_Eligible,500.0,27300.0,-300.0,1.0111111110736626,0.24074074073182442,0.0,1.2148148147698217,0.4249084248928605,0.8302469135776844,20692.30610059184,-75.0,-0.014498142378481502,Fair,Established,29.235653238571295
38.0,Male,Married,High School,459986.0,Private,15.2,Small,Rented,2200.0,3,2,0.0,0.0,1000.0,3500.0,1900.0,No,0.0,782.0,86500.0,48400.0,Home Appliances EMI,279000.0,31,Not_Eligible,3498.0,8600.0,451386.0,0.0186962211892999,0.004782754257727881,0.0,0.29326979516704144,5.627906976089778,0.050545016587452196,8999.999709677428,150462.0,50.1540016122983,Excellent,Senior/Veteran,100.0
48.0,Female,Married,Post Graduate,90900.0,Private,4.9,Large Indian,Family,0.0,4,3,14600.0,0.0,9500.0,20800.0,12100.0,No,0.0,691.0,111500.0,54100.0,Personal Loan EMI,157000.0,53,Eligible,13560.0,57000.0,33900.0,0.6270627062637287,0.0,0.0,1.8217821781977803,0.9491228070008926,0.14393105977251197,2962.264095051621,8475.0,11.44394925664631,Fair,Established,87.58059753390616
58.0,Male,Married,Post Graduate,77600.0,Self-employed,15.8,MNC,Rented,19700.0,2,1,5300.0,0.0,10200.0,21400.0,14200.0,No,0.0,794.0,85500.0,43500.0,Home Appliances EMI,296000.0,36,Not_Eligible,2937.6,70800.0,6800.0,0.9123711340088613,0.25386597937817185,0.0,1.6623711339991964,0.6144067796523389,0.3178694158072188,8222.221993827168,3400.0,0.8270270498994154,Excellent,Senior/Veteran,63.08234317755279
48.0,Female,Married,Post Graduate,65000.0,Private,26.0,Mid-size,Rented,21900.0,3,2,0.0,0.0,6500.0,13500.0,4300.0,No,0.0,714.0,241800.0,78000.0,E-commerce Shopping EMI,65000.0,10,Eligible,9400.0,46200.0,18800.0,0.7107692307582959,0.33692307691789347,0.0,4.919999999924308,1.6883116882751448,0.0833333333332265,6499.9993500000655,6266.666666666667,2.8923079810934906,Good,Senior/Veteran,84.58001998071205
38.0,Male,Married,Graduate,33800.0,Private,10.5,Small,Rented,5200.0,3,2,11200.0,0.0,4000.0,9100.0,2200.0,Yes,6800.0,659.0,234200.0,106900.0,Education EMI,412000.0,28,Not_Eligible,500.0,31700.0,-4700.0,0.9378698224574594,0.35502958578831273,0.20118343194671054,10.09171597603279,2.7766233765512567,1.0157790926996653,14714.285188775528,-1566.6666666666667,-0.31941748711421436,Fair,Senior/Veteran,46.85353108615952
38.0,Female,Married,Graduate,47900.0,Private,4.2,Startup,Family,0.0,2,1,0.0,0.0,4800.0,11000.0,9300.0,No,0.0,716.0,235500.0,72100.0,Home Appliances EMI,265000.0,34,High_Risk,11400.0,25100.0,22800.0,0.5240083507197493,0.0,0.0,6.421711899657167,2.87250996004492,0.46102992345083327,7794.117417820076,11400.0,2.9252831045303407,Good,Established,99.3625498002246
48.0,Female,Married,Post Graduate,56200.0,Private,4.6,MNC,Own,0.0,3,2,0.0,0.0,5600.0,8600.0,5100.0,Yes,5700.0,623.0,142000.0,77100.0,Vehicle EMI,1429000.0,23,Not_Eligible,8736.0,19300.0,31200.0,0.34341637010065096,0.1014234875426793,0.1014234875426793,3.898576512386146,3.08399999987664,2.118920521942291,62130.43208128556,10400.0,0.5021693710206089,Poor,Established,100.0
32.0,Male,Married,Post Graduate,67200.0,Government,2.9,Small,Own,0.0,3,2,0.0,0.0,7400.0,17200.0,12600.0,No,0.0,803.0,537200.0,299100.0,Personal Loan EMI,471000.0,13,Not_Eligible,19800.0,37200.0,30000.0,0.553571428563191,0.0,0.0,12.444940476005286,8.040322580429024,0.5840773809516566,36230.7664437872,10000.0,0.8280255413784195,Excellent,Moderate,100.0
27.0,Male,Single,Graduate,42200.0,Private,5.0,MNC,Rented,7500.0,2,1,3200.0,24500.0,3200.0,8700.0,2500.0,Yes,10000.0,542.0,325400.0,187200.0,E-commerce Shopping EMI,102000.0,13,Not_Eligible,500.0,49600.0,-17400.0,1.1753554502091148,0.41469194311813523,0.23696682463893443,12.14691943099178,3.140939597262736,0.20142180094746953,7846.153242603597,-8700.0,-2.217647229129123,Poor,Established,27.943127965001345
27.0,Male,Married,Graduate,44400.0,Private,2.6,Large Indian,Rented,0.0,3,2,15000.0,0.0,3500.0,11700.0,5800.0,No,0.0,781.0,308100.0,124500.0,E-commerce Shopping EMI,20000.0,16,Not_Eligible,500.0,36000.0,8400.0,0.8108108107925494,0.0,0.0,9.743243243023802,3.4583333332372685,0.03753753753746708,1249.9999218750047,2800.0,6.720000414624,Excellent,Moderate,83.13513513659605
27.0,Female,Single,Professional,81800.0,Private,2.7,MNC,Own,0.0,3,2,0.0,0.0,8700.0,17100.0,11900.0,Yes,14100.0,713.0,196000.0,185600.0,Home Appliances EMI,105000.0,23,Eligible,10500.0,37700.0,30000.0,0.46088019559338783,0.17237163813970208,0.17237163813970208,4.665036674759596,3.583011582942413,0.10696821515881523,4565.217192816644,10000.0,6.5714288557034015,Good,Moderate,100.0
48.0,Female,Married,Graduate,36300.0,Private,16.9,Large Indian,Rented,9600.0,3,2,0.0,9200.0,3400.0,6000.0,3600.0,Yes,7500.0,695.0,100600.0,36200.0,Home Appliances EMI,165000.0,10,Not_Eligible,500.0,31800.0,-3000.0,0.8760330578271065,0.471074380152312,0.2066115702422421,3.768595041218496,0.9211195928518799,0.3787878787870092,16499.998350000165,-1000.0,-0.18181819998898072,Fair,Senior/Veteran,37.54774672742903
27.0,Male,Single,Graduate,62200.0,Private,1.3,Startup,Rented,19000.0,2,1,7900.0,0.0,7800.0,14200.0,4300.0,Yes,12800.0,655.0,168600.0,46400.0,E-commerce Shopping EMI,137000.0,13,Not_Eligible,500.0,53200.0,-3800.0,0.8553054662241912,0.511254019284385,0.20578778134717382,3.4565916398158105,0.7030303030196511,0.1835476956053275,10538.460727810714,-1900.0,-0.36058396930884967,Fair,Moderate,35.302932867256004
58.0,Male,Married,Graduate,63200.0,Private,3.9,MNC,Own,0.0,2,1,0.0,0.0,8200.0,13100.0,8200.0,No,0.0,842.0,491500.0,292100.0,Vehicle EMI,237000.0,33,Eligible,22242.0,29500.0,33700.0,0.4667721518913485,0.0,0.0,12.398734177019007,9.901694914918586,0.31249999999958794,7181.817964187335,16850.0,4.692405204831859,Excellent,Established,100.0
58.0,Male,Married,Professional,90000.0,Government,1.4,Large Indian,Rented,29800.0,2,1,9300.0,8900.0,4800.0,24600.0,14900.0,No,0.0,807.0,576400.0,261500.0,Education EMI,52000.0,27,Not_Eligible,500.0,92300.0,-2300.0,1.0255555555441607,0.33111111110743213,0.0,9.309999999896556,2.8331527626995325,0.048148148148103566,1925.9258545953387,-1150.0,-1.194230812841457,Excellent,Moderate,40.12131936996481
38.0,Male,Married,Graduate,91600.0,Private,7.9,MNC,Rented,26400.0,3,2,0.0,21100.0,12900.0,25700.0,11100.0,Yes,12100.0,700.0,556200.0,203000.0,E-commerce Shopping EMI,69000.0,14,Not_Eligible,500.0,97200.0,-17700.0,1.061135371167455,0.42030567685130676,0.13209606986755354,8.288209606896418,1.8572735589949017,0.06277292576413503,4928.571076530638,-5900.0,-3.591304603619155,Good,Senior/Veteran,30.974140721986643
32.0,Male,Married,Post Graduate,61200.0,Government,7.7,MNC,Rented,17300.0,4,3,0.0,0.0,6700.0,12100.0,9100.0,No,0.0,796.0,487200.0,120500.0,Vehicle EMI,1011000.0,75,Not_Eligible,11616.0,45200.0,16000.0,0.7385620914912,0.2826797385574725,0.0,9.929738561929252,2.665929203480842,1.37663398692623,13479.99982026667,4000.0,1.1869436359159042,Excellent,Senior/Veteran,87.24467869810822
38.0,Male,Married,Post Graduate,53200.0,Private,1.7,Startup,Family,0.0,5,4,0.0,0.0,3000.0,12400.0,9700.0,No,0.0,709.0,386300.0,231700.0,Home Appliances EMI,107000.0,19,Eligible,15455.0,25100.0,28100.0,0.471804511269327,0.0,0.0,11.616541353165102,9.231075696843384,0.16760651629046427,5631.5786509695445,5620.0,4.989719887899022,Good,Moderate,100.0
38.0,Male,Married,Graduate,19400.0,Private,10.1,Large Indian,Own,0.0,2,1,13100.0,0.0,1900.0,4700.0,1800.0,No,0.0,730.0,45800.0,17100.0,Vehicle EMI,353000.0,82,Not_Eligible,500.0,21500.0,-2100.0,1.1082474226232861,0.0,0.0,3.2422680410699862,0.7953488371723093,1.5163230240484693,4304.877996281975,-1050.0,-0.48781870271954353,Good,Senior/Veteran,23.31695037599866
38.0,Male,Married,Graduate,53200.0,Private,5.4,Small,Rented,17200.0,2,1,6400.0,15600.0,6900.0,14200.0,5500.0,No,0.0,744.0,207300.0,109300.0,Home Appliances EMI,23000.0,16,Not_Eligible,500.0,65800.0,-12600.0,1.236842105239909,0.3233082706706145,0.0,5.9511278194370085,1.6610942248987677,0.03602756892224933,1437.4999101562555,-6300.0,-8.765217933032892,Good,Established,17.35810270530112
38.0,Male,Married,Graduate,32600.0,Government,11.9,Large Indian,Rented,5600.0,2,1,0.0,0.0,4400.0,9700.0,3400.0,No,0.0,789.0,106800.0,60900.0,Personal Loan EMI,763000.0,36,Not_Eligible,6270.0,23100.0,9500.0,0.7085889570334789,0.17177914109902517,0.0,5.144171778983307,2.636363636249508,1.9504089979500245,21194.443855709895,4750.0,0.44823068084385803,Excellent,Senior/Veteran,89.49470161856922
48.0,Male,Married,Professional,74500.0,Private,11.1,MNC,Family,0.0,2,1,5500.0,0.0,6100.0,14300.0,11800.0,No,0.0,740.0,260700.0,57800.0,Vehicle EMI,756000.0,62,High_Risk,18400.0,37700.0,36800.0,0.5060402684495834,0.0,0.0,4.275167785177515,1.5331564986330728,0.8456375838916715,12193.548190426643,18400.0,3.0179894664191593,Good,Senior/Veteran,92.66578249316537
27.0,Female,Single,High School,54300.0,Government,1.2,Startup,Family,0.0,3,2,0.0,0.0,7000.0,10400.0,5900.0,Yes,5600.0,705.0,362700.0,145400.0,Personal Loan EMI,914000.0,38,Not_Eligible,9779.0,23300.0,25400.0,0.4290976058852837,0.10313075506255745,0.10313075506255745,9.357274401300971,5.031141868338023,1.4027010435828688,24052.630945983397,8466.666666666666,1.0560175332164894,Good,Moderate,100.0
38.0,Male,Married,High School,59500.0,Private,7.9,MNC,Own,0.0,4,3,2500.0,9700.0,8300.0,15400.0,6800.0,Yes,11600.0,772.0,165200.0,58700.0,Education EMI,282000.0,38,Not_Eligible,2184.0,42700.0,5200.0,0.7176470588114681,0.1949579831900007,0.1949579831900007,3.7630252100207895,1.081031307530736,0.3949579831927241,7421.052436288094,1300.0,0.7007092382034504,Excellent,Senior/Veteran,80.99339183273624
38.0,Male,Married,Post Graduate,32000.0,Government,3.2,Large Indian,Family,0.0,4,3,0.0,0.0,3300.0,9100.0,6300.0,No,0.0,654.0,230000.0,81300.0,Home Appliances EMI,28000.0,9,Eligible,8046.5,18700.0,13300.0,0.5843749999817383,0.0,0.0,9.728124999695996,4.347593582655209,0.07291666666647678,3111.110765432137,3325.0,4.275000473625893,Fair,Established,100.0
32.0,Female,Married,Post Graduate,69000.0,Private,4.4,MNC,Family,0.0,3,2,13800.0,0.0,7400.0,10900.0,10600.0,Yes,10700.0,681.0,433900.0,134700.0,Education EMI,55000.0,11,High_Risk,6006.0,42700.0,15600.0,0.6188405797011763,0.15507246376586853,0.15507246376586853,8.2405797100255,2.5224719100651223,0.06642512077286664,4999.999545454587,5200.0,3.120000283012363,Fair,Established,96.10511317423149
38.0,Male,Married,Post Graduate,116100.0,Private,5.1,MNC,Own,0.0,2,1,0.0,0.0,15100.0,24000.0,16300.0,Yes,19700.0,806.0,486600.0,180600.0,Personal Loan EMI,792000.0,33,Not_Eligible,17220.0,55400.0,41000.0,0.4771748492637625,0.16968130921473143,0.16968130921473143,5.746770025790295,2.4047936084899497,0.5684754521959744,23999.9992727273,20500.0,1.7083333850298292,Excellent,Established,97.02396804244975
38.0,Female,Married,Post Graduate,52900.0,Private,7.3,Large Indian,Family,0.0,2,1,14500.0,21400.0,5600.0,9400.0,6400.0,Yes,8400.0,771.0,65300.0,16800.0,Personal Loan EMI,127000.0,40,Not_Eligible,500.0,57300.0,-12800.0,1.0831758033821706,0.15879017012932345,0.15879017012932345,1.551984877097316,0.2557077625531856,0.20006301197195958,3174.9999206250022,-6400.0,-4.0314961625097645,Excellent,Senior/Veteran,22.62447454219228
27.0,Male,Single,High School,81000.0,Private,0.9,Mid-size,Rented,14500.0,3,2,0.0,0.0,9200.0,22400.0,14300.0,Yes,16100.0,779.0,428100.0,97900.0,E-commerce Shopping EMI,190000.0,11,Not_Eligible,1512.0,60400.0,4500.0,0.7456790123364732,0.3777777777731139,0.19876543209631156,6.493827160413657,1.2797385620747748,0.19547325102860547,17272.72570247948,1500.0,0.2605263394586011,Excellent,Probation/Junior,79.74437182345602
38.0,Female,Married,Graduate,36000.0,Private,1.7,MNC,Family,0.0,2,1,8400.0,0.0,2900.0,10200.0,2200.0,No,0.0,690.0,268800.0,127400.0,Personal Loan EMI,125000.0,54,Eligible,6765.0,23700.0,12300.0,0.6583333333150463,0.0,0.0,11.005555555249845,5.375527425933522,0.28935185185118206,2314.8147719478748,6150.0,5.313600096104524,Fair,Moderate,95.3333333347963
58.0,Female,Married,Professional,86800.0,Private,36.0,Large Indian,Own,0.0,4,3,8100.0,0.0,10200.0,19400.0,10200.0,Yes,12000.0,721.0,623400.0,296700.0,Personal Loan EMI,181000.0,36,Eligible,10356.5,47900.0,26900.0,0.5518433179659926,0.13824884792467457,0.13824884792467457,10.600230414624422,4.953255425626824,0.1737711213515997,5027.777638117288,6725.0,5.350276390648563,Good,Senior/Veteran,100.0
32.0,Male,Married,Graduate,38800.0,Private,1.8,Startup,Own,0.0,3,2,5200.0,0.0,4500.0,11400.0,4600.0,Yes,7100.0,654.0,104700.0,52200.0,Education EMI,252000.0,33,Not_Eligible,2100.0,25700.0,6000.0,0.6623711340035471,0.18298969071693325,0.18298969071693325,4.043814432885469,1.5914634145856261,0.5412371134008994,7636.363404958685,2000.0,0.7857143094209182,Fair,Moderate,87.96762635264437
32.0,Male,Married,Graduate,67600.0,Private,0.7,Mid-size,Family,0.0,3,2,9000.0,23000.0,4600.0,15000.0,10500.0,No,0.0,718.0,320900.0,69400.0,Education EMI,56000.0,11,Not_Eligible,2200.0,62100.0,5500.0,0.9186390532408486,0.0,0.0,5.7736686389678455,1.1175523349256433,0.069033530571907,5090.908628099216,1833.3333333333333,1.0803572408592155,Good,Probation/Junior,65.09663741536032
32.0,Female,Married,Graduate,48000.0,Private,3.6,Large Indian,Own,0.0,3,2,9400.0,24300.0,4100.0,9000.0,4800.0,Yes,10400.0,627.0,98600.0,51100.0,Education EMI,176000.0,19,Not_Eligible,500.0,51600.0,-14000.0,1.074999999977604,0.21666666666215278,0.21666666666215278,3.118749999935026,0.8241935483738033,0.30555555555502506,9263.157407202241,-4666.666666666667,-1.5113637157459323,Poor,Established,26.120967743660685
27.0,Male,Married,Graduate,53200.0,Private,3.4,Large Indian,Rented,14100.0,5,4,0.0,22200.0,3900.0,14400.0,5300.0,No,0.0,658.0,150200.0,90100.0,Personal Loan EMI,225000.0,50,Not_Eligible,500.0,59900.0,-6700.0,1.1259398496028958,0.2650375939799805,0.0,4.516917293148178,1.504173622679396,0.35244360902200433,4499.999910000002,-1340.0,-1.4888889183358023,Fair,Established,25.445680145165312
48.0,Male,Married,High School,36200.0,Private,6.5,Mid-size,Family,0.0,2,1,5700.0,0.0,3900.0,5900.0,4200.0,Yes,6300.0,656.0,240400.0,101400.0,Personal Loan EMI,783000.0,25,Not_Eligible,3927.0,19700.0,10200.0,0.5441988950125912,0.17403314916646317,0.17403314916646317,9.441988950015414,3.89999999985,1.8024861878411544,31319.99874720005,5100.0,0.32567051110071293,Fair,Established,100.0
32.0,Male,Married,Graduate,45600.0,Self-employed,2.8,Large Indian,Own,0.0,3,2,0.0,0.0,5800.0,7200.0,7100.0,No,0.0,720.0,82700.0,40500.0,Home Appliances EMI,254000.0,22,Not_Eligible,9180.0,20100.0,25500.0,0.4407894736745441,0.0,0.0,2.701754385905663,2.0149253730340835,0.4641812865488593,11545.45402066118,8500.0,2.208661517525234,Good,Moderate,95.07462686517042
38.0,Female,Single,Graduate,43300.0,Government,1.5,Small,Rented,10200.0,1,0,0.0,0.0,5700.0,7000.0,4300.0,No,0.0,647.0,318600.0,174200.0,Education EMI,50000.0,44,Eligible,7084.0,27200.0,16100.0,0.6281755196159775,0.23556581985599154,0.0,11.381062355395356,6.404411764470426,0.096227867590269,1136.3636105371907,16100.0,14.168000309532157,Poor,Moderate,97.7459584307218
32.0,Male,Married,Post Graduate,102000.0,Government,4.1,Large Indian,Own,0.0,3,2,4900.0,0.0,6200.0,23900.0,8600.0,No,0.0,835.0,272500.0,121800.0,Personal Loan EMI,340000.0,26,Eligible,38544.0,43600.0,58400.0,0.4274509803879662,0.0,0.0,3.8656862744719054,2.7935779815873034,0.27777777777755086,13076.922573964515,19466.666666666668,4.465882524364374,Excellent,Established,98.96788990793652
48.0,Female,Married,Post Graduate,104400.0,Private,2.1,Large Indian,Rented,19400.0,2,1,0.0,0.0,7000.0,16600.0,13700.0,Yes,30700.0,900.0,530500.0,112900.0,Education EMI,285000.0,44,Not_Eligible,4760.0,56700.0,17000.0,0.5431034482706599,0.4798850574666678,0.2940613026791757,6.162835248983115,1.2917620137151973,0.2274904214557571,6477.272580061987,8500.0,2.6245614627526987,Excellent,Moderate,85.86685604590924
32.0,Female,Single,High School,17300.0,Private,0.7,Mid-size,Own,0.0,1,0,0.0,0.0,1000.0,4400.0,1300.0,Yes,4400.0,630.0,55200.0,17500.0,Home Appliances EMI,112000.0,26,Not_Eligible,1388.8,6700.0,6200.0,0.3872832369718333,0.25433526010090546,0.25433526010090546,4.202312138485415,1.5765765764345425,0.5394990366062644,4307.692142011841,6200.0,1.439285769308737,Poor,Probation/Junior,92.88288288217271
38.0,Male,Married,Post Graduate,37300.0,Private,8.4,Large Indian,Rented,8200.0,3,2,0.0,0.0,2000.0,7100.0,7300.0,No,0.0,751.0,90100.0,33500.0,Personal Loan EMI,306000.0,18,Not_Eligible,7620.0,24600.0,12700.0,0.659517426255777,0.219839142085259,0.0,3.3136729221631724,1.3617886178308216,0.6836461125990089,16999.999055555607,4233.333333333333,0.7470588649887351,Excellent,Senior/Veteran,87.04754898869194
38.0,Female,Married,Graduate,54700.0,Private,0.5,Small,Own,0.0,2,1,0.0,0.0,6100.0,9000.0,8100.0,No,0.0,681.0,231800.0,78800.0,E-commerce Shopping EMI,199000.0,19,High_Risk,12600.0,23200.0,31500.0,0.424131627048919,0.0,0.0,5.678244972473889,3.3965517239915277,0.3031687995120305,10473.683659279806,15750.0,3.0075378464465166,Fair,Probation/Junior,100.0
32.0,Male,Married,High School,26300.0,Private,1.8,Large Indian,Rented,5000.0,3,2,0.0,0.0,2200.0,7400.0,5200.0,No,0.0,642.0,75800.0,29600.0,Personal Loan EMI,93000.0,38,Not_Eligible,2600.0,19800.0,6500.0,0.7528517109979904,0.19011406843383596,0.0,4.0076045625852625,1.4949494948739925,0.29467680608271646,2447.3683566482014,2166.6666666666665,2.6559140473018843,Poor,Moderate,80.24661059453072
38.0,Male,Married,Graduate,97500.0,Government,11.1,Startup,Rented,30600.0,3,2,0.0,18400.0,8400.0,27100.0,17500.0,Yes,23900.0,809.0,479900.0,251000.0,Home Appliances EMI,24000.0,32,Not_Eligible,500.0,102000.0,-28400.0,1.0461538461431164,0.5589743589686259,0.245128205125691,7.4964102563333705,1.993645750579876,0.02051282051280298,749.9999765625008,-9466.666666666666,-37.866667799511106,Excellent,Senior/Veteran,23.147715933646253
58.0,Male,Married,Graduate,28200.0,Private,16.2,Startup,Rented,5900.0,3,2,9300.0,0.0,2100.0,7600.0,1800.0,Yes,4600.0,705.0,28600.0,16700.0,Home Appliances EMI,22000.0,22,Not_Eligible,500.0,26700.0,-3100.0,0.946808510604723,0.3723404255187113,0.1631205673701021,1.6063829786664403,0.533546325861548,0.06501182033077715,999.9999545454566,-1033.3333333333333,-3.1000001378090905,Good,Senior/Veteran,34.9230507809299
32.0,Female,Single,High School,36900.0,Private,7.0,MNC,Own,0.0,2,1,3300.0,0.0,3500.0,9500.0,6600.0,No,0.0,663.0,71500.0,33700.0,Vehicle EMI,976000.0,79,Not_Eligible,5600.0,22900.0,14000.0,0.6205962059452413,0.0,0.0,2.8509485094078335,1.4716157204597546,2.2041553748821046,12354.430223361644,7000.0,1.1331967355640136,Fair,Senior/Veteran,90.71038212667946
58.0,Male,Married,Professional,83100.0,Government,18.7,MNC,Family,8094.0,3,2,9500.0,0.0,9700.0,23100.0,11700.0,No,0.0,850.0,278500.0,102800.0,E-commerce Shopping EMI,23000.0,9,Eligible,19206.0,62094.0,21006.0,0.7472202165975065,0.09740072202048856,0.0,4.588447653374387,1.6555544818878547,0.023064580826290548,2555.55527160497,7002.0,8.219740040522709,Excellent,Senior/Veteran,81.50015508163875
48.0,Female,Married,Graduate,44800.0,Private,14.6,MNC,Rented,9100.0,4,3,0.0,0.0,3500.0,10100.0,3300.0,No,0.0,735.0,139000.0,75900.0,Education EMI,396000.0,27,Not_Eligible,9400.0,26000.0,18800.0,0.5803571428441885,0.20312499999546596,0.0,4.7968749998929265,2.919230769118491,0.7366071428557727,14666.66612345681,4700.0,1.2818182292055327,Good,Senior/Veteran,99.59615384559245
38.0,Male,Married,Post Graduate,44000.0,Private,4.2,Large Indian,Rented,15200.0,3,2,9600.0,0.0,6100.0,10300.0,8200.0,Yes,8700.0,593.0,165900.0,39400.0,Vehicle EMI,157000.0,74,Not_Eligible,500.0,49400.0,-14100.0,1.122727272701756,0.5431818181694731,0.19772727272277893,4.665909090803048,0.6781411359607893,0.2973484848479217,2121.6215929510595,-4700.0,-6.6458599592879395,Poor,Established,11.549796591800344
32.0,Male,Single,Professional,73200.0,Private,0.5,Mid-size,Rented,23900.0,1,0,0.0,0.0,6500.0,14000.0,13600.0,No,0.0,711.0,71400.0,23300.0,Education EMI,483000.0,44,Not_Eligible,4864.0,58000.0,15200.0,0.7923497267651319,0.32650273223597676,0.0,1.293715846976862,0.4017241379241082,0.5498633879775161,10977.272477789262,15200.0,1.3846791203707538,Good,Probation/Junior,71.62064254840999
32.0,Female,Married,Professional,106700.0,Private,1.6,MNC,Rented,28000.0,3,2,6800.0,0.0,9400.0,21000.0,11700.0,Yes,24700.0,569.0,88800.0,31100.0,Personal Loan EMI,895000.0,35,Not_Eligible,1142.4,76900.0,5100.0,0.7207122774065539,0.4939081536973392,0.23149015932304134,1.1237113401956542,0.3061023622017116,0.6990003124018284,25571.427840816348,1700.0,0.19944134647264752,Poor,Moderate,70.2999588596705
32.0,Male,Single,Post Graduate,61300.0,Private,4.3,Large Indian,Family,0.0,2,1,3800.0,0.0,7700.0,13900.0,8300.0,Yes,16100.0,548.0,152900.0,48600.0,Personal Loan EMI,89000.0,42,Not_Eligible,2012.5,33700.0,11500.0,0.5497553017854853,0.2626427406156176,0.2626427406156176,3.287112561120928,0.9759036144382348,0.12098966829782355,2119.0475685941055,5750.0,5.426966418787274,Poor,Established,89.87951807219117
38.0,Male,Married,High School,58700.0,Private,0.6,MNC,Rented,13700.0,2,1,8500.0,0.0,7600.0,10800.0,5000.0,Yes,17300.0,648.0,132400.0,39800.0,Education EMI,456000.0,34,Not_Eligible,500.0,45600.0,-4200.0,0.7768313458130012,0.528109028951821,0.29471890970537107,2.9335604769517283,0.6327503974462202,0.6473594548542769,13411.764311418698,-2100.0,-0.3131579039240189,Poor,Probation/Junior,40.049612295563534
48.0,Male,Married,Graduate,70900.0,Private,22.3,Large Indian,Rented,16400.0,3,2,0.0,0.0,10600.0,20700.0,8800.0,Yes,9800.0,726.0,206300.0,90700.0,Home Appliances EMI,167000.0,20,Not_Eligible,1610.0,56500.0,4600.0,0.7968970380705657,0.3695345557070588,0.13822284908126625,4.188998589503682,1.3680241327093814,0.19628584861283935,8349.99958250002,1533.3333333333333,0.5508982310717487,Good,Senior/Veteran,76.08835761790166
27.0,Male,Single,Graduate,358832.0,Private,1.3,Small,Rented,8800.0,2,1,0.0,0.0,2200.0,5400.0,2000.0,Yes,10100.0,669.0,196000.0,90700.0,E-commerce Shopping EMI,100000.0,6,Not_Eligible,1925.0,18400.0,330332.0,0.051277478039719764,0.052670887769059975,0.02814687653267226,0.7989811388036769,3.182456140239212,0.023223495489062843,16666.66388888935,165166.0,19.819923302130807,Fair,Moderate,100.0
48.0,Male,Married,Graduate,67100.0,Government,4.8,Startup,Family,0.0,4,3,0.0,0.0,3900.0,16900.0,5600.0,No,0.0,694.0,278400.0,141700.0,Home Appliances EMI,155000.0,21,Eligible,22385.0,26400.0,40700.0,0.3934426229449562,0.0,0.0,6.260804768908185,5.367424242220931,0.1924987580722895,7380.952029478474,10175.0,5.514193810220657,Fair,Established,100.0
38.0,Female,Married,Graduate,60400.0,Private,7.2,Large Indian,Family,0.0,3,2,0.0,0.0,3300.0,10700.0,10500.0,No,0.0,667.0,455800.0,141200.0,Education EMI,225000.0,19,Eligible,19745.0,24500.0,35900.0,0.40562913906613196,0.0,0.0,9.884105960101257,5.763265305887214,0.3104304635757306,11842.104639889229,11966.666666666666,3.0315557148551133,Fair,Senior/Veteran,100.0
38.0,Male,Married,Professional,44700.0,Private,0.5,Mid-size,Rented,13800.0,5,4,0.0,16600.0,6100.0,8500.0,7200.0,Yes,11100.0,723.0,92900.0,35700.0,Personal Loan EMI,941000.0,26,Not_Eligible,500.0,52200.0,-18600.0,1.1677852348732038,0.5570469798533099,0.2483221476454514,2.8769574943427974,0.5639810426451188,1.7542878448886012,36192.30630029591,-3720.0,-0.5139213800070542,Good,Probation/Junior,6.403797833637594
58.0,Female,Married,Graduate,66300.0,Government,1.8,Mid-size,Family,0.0,3,2,12500.0,0.0,9300.0,10600.0,11300.0,No,0.0,689.0,47100.0,25200.0,Education EMI,365000.0,20,Not_Eligible,9040.0,43700.0,22600.0,0.6591251885270117,0.0,0.0,1.0904977375401133,0.576659038888406,0.4587732528903233,18249.999087500044,7533.333333333333,1.2383562262335148,Fair,Moderate,83.15328011228108
38.0,Female,Married,Graduate,83400.0,Government,16.0,Large Indian,Own,0.0,3,2,13400.0,0.0,11800.0,24300.0,13200.0,Yes,19600.0,682.0,107500.0,32400.0,Vehicle EMI,727000.0,38,Not_Eligible,500.0,62700.0,1100.0,0.7517985611420648,0.23501199040485599,0.23501199040485599,1.6774580335530282,0.39368165248610354,0.7264188649073477,19131.578443905833,366.6666666666667,0.05749656272051599,Fair,Senior/Veteran,74.82452337106533
48.0,Female,Married,Post Graduate,102600.0,Government,21.4,MNC,Own,0.0,2,1,13100.0,0.0,8600.0,27500.0,10200.0,No,0.0,843.0,427900.0,132400.0,Personal Loan EMI,370000.0,41,Eligible,28512.0,59400.0,43200.0,0.57894736841541,0.0,0.0,5.4610136451709455,2.2289562289187046,0.30051981806343364,9024.390023795366,21600.0,4.787027143253329,Excellent,Senior/Veteran,96.14478114459352
27.0,Female,Single,Graduate,76600.0,Self-employed,4.3,Mid-size,Family,0.0,1,0,0.0,0.0,11400.0,21600.0,8600.0,No,0.0,718.0,153300.0,89500.0,Education EMI,467000.0,45,High_Risk,15750.0,41600.0,35000.0,0.5430809399406908,0.0,0.0,3.1697127936923017,2.15144230764059,0.5080504786765578,10377.7775471605,35000.0,3.372591081045467,Good,Established,95.75721153820295
32.0,Male,Married,Post Graduate,56400.0,Private,10.0,MNC,Own,0.0,3,2,7300.0,7400.0,5700.0,14000.0,8200.0,Yes,10200.0,631.0,127300.0,57400.0,Personal Loan EMI,247000.0,57,Not_Eligible,1008.0,42600.0,3600.0,0.7553191489227781,0.18085106382658064,0.18085106382658064,3.274822694977397,1.0871212121006226,0.3649527186755837,4333.333257309943,1200.0,0.8307692451524135,Poor,Senior/Veteran,78.01007414668086
48.0,Female,Married,Professional,22500.0,Private,8.3,Large Indian,Own,0.0,4,3,0.0,12500.0,1700.0,4700.0,4400.0,Yes,6500.0,697.0,35800.0,20600.0,Personal Loan EMI,113000.0,22,Not_Eligible,500.0,23300.0,-7300.0,1.0355555555095308,0.28888888887604935,0.28888888887604935,2.506666666555259,0.6912751677620378,0.4185185185169684,5136.363402892573,-1825.0,-1.4212390023781658,Fair,Senior/Veteran,28.61193139804773
32.0,Male,Married,Graduate,47600.0,Private,5.7,Mid-size,Rented,15700.0,2,1,2600.0,22700.0,6000.0,8500.0,6800.0,No,0.0,714.0,341400.0,132200.0,E-commerce Shopping EMI,181000.0,20,Not_Eligible,500.0,62300.0,-14700.0,1.3088235293842685,0.32983193276618,0.0,9.949579831723748,2.1219903691473196,0.3168767506997254,9049.999547500021,-7350.0,-1.6243094733011814,Good,Established,13.904069494995113
48.0,Female,Married,Graduate,33500.0,Government,12.1,MNC,Rented,7800.0,2,1,5400.0,0.0,4500.0,9100.0,4500.0,No,0.0,776.0,58200.0,28200.0,Education EMI,85000.0,27,Not_Eligible,1161.6,31300.0,2200.0,0.9343283581810649,0.23283582088857208,0.0,2.579104477534952,0.9009584664248895,0.21144278606912575,3148.1480315500726,1100.0,0.6988235550721384,Excellent,Senior/Veteran,62.75852367763925
58.0,Male,Married,Graduate,83100.0,Private,3.7,Large Indian,Rented,28100.0,4,3,2000.0,21100.0,5000.0,15500.0,14700.0,Yes,12800.0,679.0,655900.0,259600.0,Vehicle EMI,439000.0,28,Not_Eligible,500.0,86400.0,-16100.0,1.0397111913232286,0.49217809867037093,0.15403128760344129,11.016847171949257,2.6169354838445877,0.4402326514235457,15678.570868622468,-4025.0,-1.026879307679379,Fair,Established,31.455315206438684
27.0,Male,Married,Professional,154100.0,Government,0.7,MNC,Family,0.0,3,2,0.0,10700.0,18600.0,45200.0,15900.0,No,0.0,739.0,1192200.0,666900.0,E-commerce Shopping EMI,71000.0,24,Eligible,35035.0,90400.0,63700.0,0.5866320571019686,0.0,0.0,12.064243997325994,7.377212389298926,0.038394981613650014,2958.3332100694493,21233.333333333332,21.53239525610173,Good,Probation/Junior,100.0
38.0,Male,Married,Post Graduate,107600.0,Private,16.0,Large Indian,Own,0.0,3,2,11500.0,20900.0,7400.0,28400.0,10200.0,No,0.0,736.0,369900.0,189800.0,Personal Loan EMI,145000.0,27,Eligible,14600.0,78400.0,29200.0,0.7286245353092136,0.0,0.0,5.201672862405189,2.42091836731606,0.11229863692680274,5370.370171467771,9733.333333333334,5.437241579677203,Good,Senior/Veteran,86.81462901184321
27.0,Female,Single,Graduate,65600.0,Private,0.5,Mid-size,Own,0.0,2,1,0.0,0.0,9800.0,19400.0,8000.0,Yes,13200.0,561.0,482400.0,176300.0,Education EMI,119000.0,9,Not_Eligible,3745.28,37200.0,15200.0,0.567073170723063,0.2012195121920546,0.2012195121920546,10.0411585364323,3.498015872946468,0.15116869918679984,13222.220753086583,7600.0,1.1495799595769225,Poor,Probation/Junior,100.0
58.0,Male,Married,Graduate,50900.0,Government,3.6,Mid-size,Rented,15300.0,4,3,9700.0,0.0,6600.0,9300.0,5000.0,Yes,13800.0,668.0,203600.0,72200.0,E-commerce Shopping EMI,140000.0,17,Not_Eligible,500.0,45900.0,-8800.0,0.9017681728702992,0.5717092337805165,0.2711198428237501,5.4184675833905995,1.209380234485605,0.22920759659425474,8235.293633218022,-2200.0,-1.0685714912988162,Fair,Established,29.88580097816792
32.0,Female,Single,High School,67500.0,Private,0.8,Large Indian,Rented,11000.0,1,0,0.0,0.0,3400.0,15200.0,7300.0,Yes,7600.0,631.0,142000.0,48600.0,E-commerce Shopping EMI,81000.0,14,Not_Eligible,5152.0,36900.0,23000.0,0.546666666658568,0.27555555555147326,0.11259259259092456,2.8237037036618715,1.0921348314361319,0.09999999999987655,5785.71387244901,23000.0,3.975308925238835,Poor,Probation/Junior,90.46067415718066
38.0,Female,Married,Graduate,117000.0,Private,1.5,Mid-size,Own,0.0,5,4,0.0,0.0,14300.0,23000.0,6600.0,No,0.0,715.0,725300.0,156600.0,Home Appliances EMI,186000.0,8,Eligible,40205.0,43900.0,73100.0,0.3752136752104683,0.0,0.0,7.537606837542414,3.56719817759528,0.1324786324785381,23249.997093750364,14620.0,3.1440864143808995,Good,Moderate,100.0
48.0,Female,Married,Professional,113000.0,Private,1.7,Mid-size,Rented,31300.0,3,2,0.0,0.0,16700.0,24200.0,17200.0,Yes,11800.0,624.0,576900.0,227300.0,Education EMI,309000.0,35,Not_Eligible,3304.0,89400.0,11800.0,0.7911504424708748,0.3814159292001645,0.10442477876013784,7.1168141592290555,2.2460474308078457,0.22787610619452223,8828.571176326539,3933.3333333333335,1.3365696173243364,Poor,Moderate,80.93820175636924
48.0,Male,Single,High School,41000.0,Self-employed,0.5,Mid-size,Rented,13900.0,2,1,6200.0,16300.0,6100.0,6900.0,4800.0,No,0.0,669.0,198700.0,98100.0,Education EMI,352000.0,14,Not_Eligible,500.0,54200.0,-13200.0,1.3219512194799523,0.3390243902356335,0.0,7.239024390067341,1.8099630995976022,0.7154471544700906,25142.855346938904,-6600.0,-0.5250000374791193,Fair,Probation/Junior,11.29371793959183
38.0,Female,Married,Post Graduate,28200.0,Private,4.9,Large Indian,Rented,5600.0,4,3,3400.0,0.0,2700.0,8100.0,2600.0,Yes,4100.0,562.0,104900.0,52100.0,Personal Loan EMI,975000.0,15,Not_Eligible,500.0,22400.0,1700.0,0.7943262411065841,0.3439716311934762,0.14539007091683015,5.567375886327398,1.9660377357748664,2.881205673750351,64999.99566666696,425.0,0.026153847897033528,Poor,Established,79.2840893903476
58.0,Male,Married,High School,50400.0,Private,31.1,Large Indian,Rented,17600.0,2,1,11000.0,0.0,6100.0,13100.0,10000.0,Yes,12900.0,646.0,69200.0,20200.0,E-commerce Shopping EMI,140000.0,24,Not_Eligible,500.0,57800.0,-20300.0,1.1468253968026423,0.6051587301467231,0.25595238094730255,1.7738095237743292,0.28571428571024454,0.23148148148109873,5833.333090277788,-10150.0,-3.4800001444034283,Poor,Senior/Veteran,5.0
38.0,Male,Married,Professional,61300.0,Private,0.5,Mid-size,Rented,16600.0,4,3,11800.0,0.0,5600.0,13500.0,4200.0,Yes,7200.0,729.0,220400.0,92500.0,Home Appliances EMI,99000.0,13,Not_Eligible,672.0,51700.0,2400.0,0.8433931484364863,0.3882544861274347,0.1174551386604004,5.104404567616568,1.5704584040480398,0.134584013050388,7615.3840295858445,600.0,0.3151515393525558,Good,Probation/Junior,73.3808401453213
48.0,Male,Single,Post Graduate,100000.0,Private,5.0,Startup,Rented,27100.0,2,1,0.0,0.0,6200.0,17400.0,6000.0,No,0.0,791.0,490000.0,234100.0,Vehicle EMI,998000.0,24,Not_Eligible,25980.0,56700.0,43300.0,0.56699999999433,0.27099999999729,0.0,7.240999999927591,4.128747795341645,0.8316666666659736,41583.33160069452,21650.0,1.0412826084919933,Excellent,Established,100.0
48.0,Female,Married,Post Graduate,55900.0,Private,5.7,Mid-size,Rented,10200.0,5,4,0.0,0.0,5500.0,9000.0,7900.0,No,0.0,668.0,250900.0,131900.0,Personal Loan EMI,521000.0,56,Not_Eligible,11650.0,32600.0,23300.0,0.5831842575924296,0.18246869409333688,0.0,6.847942754796995,4.04601226981454,0.7766845557531653,9303.571262436228,4660.0,2.504414631784554,Fair,Established,100.0
48.0,Female,Married,Graduate,30600.0,Private,26.0,MNC,Rented,10600.0,3,2,0.0,0.0,4200.0,8900.0,2100.0,No,0.0,629.0,79300.0,44900.0,Education EMI,266000.0,33,Not_Eligible,1920.0,25800.0,4800.0,0.8431372548744073,0.3464052287468495,0.0,4.058823529279123,1.740310077451926,0.7244008714577223,8060.605816345279,1600.0,0.5954887397757476,Poor,Senior/Veteran,74.25056999730705
38.0,Female,Married,Graduate,39200.0,Government,3.7,Startup,Family,0.0,5,4,3500.0,0.0,4100.0,7800.0,6200.0,Yes,6200.0,641.0,300200.0,142200.0,Education EMI,407000.0,23,Not_Eligible,3862.32,21600.0,11400.0,0.5510204081492086,0.15816326530208766,0.15816326530208766,11.285714285426385,5.115107913485068,0.8652210884335348,17695.651404536893,2280.0,0.6442260721994664,Poor,Established,100.0
38.0,Female,Married,Graduate,44400.0,Private,0.7,Large Indian,Own,0.0,3,2,9500.0,0.0,6400.0,11500.0,5400.0,No,0.0,751.0,337000.0,140800.0,Home Appliances EMI,137000.0,7,Not_Eligible,6124.8,32800.0,11600.0,0.7387387387221005,0.0,0.0,10.761261261018891,4.292682926698394,0.25713213213164954,19571.425775510605,3866.6666666666665,0.5927008145682561,Excellent,Probation/Junior,88.90090090223195
27.0,Male,Single,Graduate,29700.0,Private,0.5,Large Indian,Rented,7200.0,2,1,0.0,6200.0,3800.0,5100.0,2900.0,No,0.0,746.0,185200.0,42300.0,Personal Loan EMI,913000.0,59,Not_Eligible,1980.0,25200.0,4500.0,0.8484848484562799,0.24242424241608,0.0,7.65993265967475,1.6785714285048186,2.5617283950545406,15474.576008905493,2250.0,0.2907995667939132,Good,Probation/Junior,73.51406926602169
38.0,Female,Married,High School,49300.0,Private,2.7,Large Indian,Family,0.0,4,3,9100.0,20900.0,6600.0,10500.0,2900.0,No,0.0,767.0,173600.0,86300.0,Home Appliances EMI,296000.0,15,Not_Eligible,500.0,50000.0,-700.0,1.0141987829408885,0.0,0.0,5.271805273726738,1.72599999996548,0.5003380662601414,19733.332017777866,-175.0,-0.03547297533604022,Excellent,Moderate,35.49409736455632
48.0,Male,Single,Post Graduate,81500.0,Private,0.5,Large Indian,Rented,20000.0,1,0,0.0,0.0,5400.0,21000.0,14000.0,Yes,24400.0,632.0,514800.0,185400.0,E-commerce Shopping EMI,73000.0,14,Not_Eligible,500.0,60400.0,-3300.0,0.7411042944694344,0.5447852760669352,0.29938650306381126,8.59141104283937,2.186320754691199,0.07464212678928973,5214.285341836761,-3300.0,-0.6328767574128729,Poor,Probation/Junior,49.50829089121578
48.0,Male,Married,Graduate,41700.0,Private,5.0,Mid-size,Family,0.0,2,1,0.0,0.0,6100.0,7200.0,6400.0,No,0.0,538.0,198800.0,84400.0,Education EMI,144000.0,42,Eligible,5500.0,19700.0,22000.0,0.47242206233879086,0.0,0.0,6.791366906311958,4.284263959173388,0.28776978417208676,3428.571346938778,11000.0,6.416666817572916,Poor,Established,100.0
48.0,Male,Married,Graduate,33100.0,Government,22.1,Large Indian,Rented,9500.0,2,1,0.0,0.0,3500.0,5400.0,2300.0,No,0.0,743.0,186300.0,50000.0,Education EMI,90000.0,18,High_Risk,6820.0,20700.0,12400.0,0.6253776434856382,0.2870090634354378,0.0,7.138972809451995,2.415458937081379,0.22658610271846277,4999.999722222237,6200.0,2.480000137281778,Good,Senior/Veteran,95.04708320655584
38.0,Female,Married,Graduate,44900.0,Private,6.6,MNC,Family,0.0,4,3,13400.0,21300.0,3700.0,11000.0,8200.0,No,0.0,599.0,180700.0,77600.0,Home Appliances EMI,38000.0,18,Not_Eligible,500.0,57600.0,-12700.0,1.282850779481451,0.0,0.0,5.752783964237132,1.347222222198833,0.07052709725302427,2111.110993827167,-3175.0,-6.015789805045152,Poor,Established,12.108048752478084
32.0,Female,Married,High School,18700.0,Private,3.7,Large Indian,Family,0.0,3,2,0.0,0.0,2800.0,2900.0,1000.0,No,0.0,657.0,129100.0,61700.0,E-commerce Shopping EMI,143000.0,4,Not_Eligible,6600.0,6700.0,12000.0,0.3582887700343161,0.0,0.0,10.203208555604107,9.208955222506125,0.6372549019579444,35749.99106250223,4000.0,0.3356644195710304,Fair,Established,100.0
58.0,Male,Single,Post Graduate,70400.0,Private,4.8,Large Indian,Own,0.0,3,2,0.0,0.0,3800.0,13800.0,3900.0,Yes,8700.0,652.0,425200.0,153400.0,Education EMI,273000.0,13,Not_Eligible,15477.0,21500.0,40200.0,0.30539772726838926,0.12357954545279008,0.12357954545279008,8.218749999883258,5.079470198507302,0.3231534090905266,20999.998384615512,13400.0,1.9142858614473048,Fair,Established,100.0
38.0,Female,Single,Post Graduate,98600.0,Government,16.0,Startup,Own,0.0,2,1,0.0,0.0,14700.0,24000.0,8800.0,Yes,29400.0,850.0,505300.0,253500.0,Home Appliances EMI,176000.0,28,Eligible,10025.4,47500.0,21700.0,0.4817444219018079,0.2981744421876453,0.2981744421876453,7.6957403650335126,3.2964889466411385,0.14874915483422183,6285.7140612244975,10850.0,3.4522728500189563,Excellent,Senior/Veteran,100.0
48.0,Male,Married,Graduate,65600.0,Private,1.0,Mid-size,Family,0.0,2,1,3600.0,0.0,5300.0,12100.0,9200.0,No,0.0,770.0,478500.0,133800.0,Education EMI,453000.0,25,High_Risk,23364.0,30200.0,35400.0,0.4603658536515189,0.0,0.0,9.333841463272352,4.430463576012237,0.5754573170724397,18119.99927520003,17700.0,1.9536424621438386,Excellent,Moderate,100.0
58.0,Male,Married,Graduate,66500.0,Private,1.2,MNC,Rented,11200.0,2,1,4000.0,0.0,7600.0,19900.0,13200.0,No,0.0,726.0,86100.0,46900.0,Education EMI,395000.0,37,Not_Eligible,4240.0,55900.0,10600.0,0.8406015037467579,0.16842105262904633,0.0,1.999999999969925,0.8389982110762254,0.4949874686710589,10675.675387143909,5300.0,0.9929114191474994,Good,Moderate,69.94687075564049
38.0,Male,Married,Post Graduate,83900.0,Private,8.8,Large Indian,Own,0.0,2,1,0.0,0.0,12400.0,22600.0,10500.0,No,0.0,716.0,265700.0,131800.0,Education EMI,282000.0,27,Eligible,19200.0,45500.0,38400.0,0.5423122765132026,0.0,0.0,4.737783075032923,2.896703296639633,0.2800953516087802,10444.444057613182,19200.0,3.6765958804990495,Good,Senior/Veteran,99.48351648319816
38.0,Male,Married,Post Graduate,83400.0,Private,4.4,Startup,Family,0.0,4,3,7500.0,0.0,4700.0,24300.0,9300.0,Yes,21400.0,702.0,505700.0,280700.0,E-commerce Shopping EMI,184000.0,24,Not_Eligible,6237.0,45800.0,16200.0,0.5491606714562451,0.25659472421754687,0.25659472421754687,9.42925659461116,4.177083333271175,0.1838529176656836,7666.666347222235,4050.0,2.1130435660287334,Good,Established,100.0
48.0,Male,Single,Graduate,26900.0,Private,12.0,MNC,Family,0.0,2,1,11700.0,13300.0,3400.0,5100.0,1500.0,No,0.0,725.0,59900.0,31700.0,Home Appliances EMI,106000.0,16,Not_Eligible,500.0,35000.0,-8100.0,1.301115241587319,0.0,0.0,3.405204460839955,0.9057142856884082,0.3283767038403706,6624.999585937526,-4050.0,-1.222641585664507,Good,Senior/Veteran,8.439352101456514
58.0,Male,Married,High School,35100.0,Private,23.6,MNC,Family,0.0,4,3,0.0,0.0,3100.0,7800.0,4300.0,Yes,7900.0,665.0,31100.0,12500.0,Education EMI,187000.0,38,Not_Eligible,3360.0,15200.0,12000.0,0.43304843303609547,0.22507122506481278,0.22507122506481278,1.2421652421298528,0.5411255411021157,0.4439696106352232,4921.052502077566,3000.0,2.4385027374723895,Fair,Senior/Veteran,87.70562770551058
32.0,Female,Single,Graduate,89200.0,Private,3.9,Mid-size,Own,0.0,1,0,0.0,0.0,10900.0,18500.0,13700.0,Yes,10500.0,605.0,106500.0,50800.0,E-commerce Shopping EMI,44000.0,22,Eligible,7974.4,43100.0,35600.0,0.4831838564968253,0.11771300448298529,0.11771300448298529,1.7634529147784368,0.9477611940121686,0.041106128550036335,1999.9999090909132,35600.0,17.800000800190908,Poor,Established,89.73880597006084
58.0,Male,Married,Post Graduate,71200.0,Private,14.7,Large Indian,Rented,24200.0,3,2,0.0,0.0,4100.0,13300.0,9300.0,No,0.0,776.0,449000.0,240200.0,Vehicle EMI,630000.0,36,Not_Eligible,13398.0,50900.0,20300.0,0.7148876404393977,0.3398876404446645,0.0,9.679775280762925,4.719056974367013,0.7373595505609347,17499.999513888903,6766.666666666667,1.1600000321559365,Excellent,Senior/Veteran,90.80898876484818
48.0,Male,Married,High School,27600.0,Private,22.7,Large Indian,Own,0.0,4,3,8900.0,14500.0,1700.0,6500.0,5100.0,No,0.0,745.0,76500.0,16200.0,Personal Loan EMI,376000.0,36,Not_Eligible,500.0,36700.0,-9100.0,1.3297101448793582,0.0,0.0,3.358695652052221,0.44141689372094234,1.135265700479664,10444.444154320996,-2275.0,-0.8712766198633883,Good,Senior/Veteran,5.0
27.0,Female,Single,Graduate,49400.0,Private,1.7,Startup,Own,0.0,3,2,13100.0,10500.0,5700.0,13100.0,7400.0,Yes,14700.0,544.0,188000.0,72800.0,Home Appliances EMI,256000.0,23,Not_Eligible,500.0,49800.0,-15100.0,1.008097165971496,0.29757085019640545,0.29757085019640545,5.279352226613779,1.1286821705251366,0.431848852900756,11130.43429867677,-5033.333333333333,-1.3566406838624891,Poor,Moderate,32.99563757490602
27.0,Female,Single,Graduate,52200.0,Government,2.8,Small,Rented,11500.0,1,0,0.0,0.0,7200.0,9000.0,6900.0,No,0.0,850.0,312300.0,166000.0,E-commerce Shopping EMI,124000.0,11,Not_Eligible,10560.0,34600.0,17600.0,0.6628352490294476,0.22030651340574126,0.0,9.162835248866612,4.7976878611330145,0.19795657726660607,11272.726247933979,17600.0,1.5612904643776273,Excellent,Moderate,94.97318007764419
32.0,Female,Married,Post Graduate,61400.0,Private,0.8,Startup,Own,0.0,4,3,2300.0,0.0,6600.0,11500.0,6000.0,No,0.0,639.0,208500.0,47500.0,E-commerce Shopping EMI,171000.0,8,Not_Eligible,11200.0,26400.0,35000.0,0.429967426703095,0.0,0.0,4.169381107423951,1.799242424174271,0.23208469055343092,21374.997328125337,8750.0,1.6374271051865528,Poor,Probation/Junior,93.99621212087135
27.0,Female,Married,High School,38400.0,Private,4.2,Mid-size,Rented,7600.0,2,1,0.0,0.0,4500.0,9300.0,3500.0,No,0.0,679.0,72300.0,35500.0,Vehicle EMI,1068000.0,35,Not_Eligible,5400.0,24900.0,13500.0,0.6484374999831136,0.19791666666151259,0.0,2.80729166659356,1.4257028111877228,2.3177083333283037,30514.284842449008,6750.0,0.4424157429630294,Fair,Established,88.25351405728952
48.0,Female,Single,Graduate,63000.0,Private,8.3,Large Indian,Own,0.0,1,0,0.0,0.0,7200.0,13900.0,4500.0,No,0.0,749.0,302600.0,74000.0,Vehicle EMI,1175000.0,24,Not_Eligible,18700.0,25600.0,37400.0,0.40634920634275634,0.0,0.0,5.977777777682892,2.890624999887085,1.5542328042307483,48958.33129340286,37400.0,0.7639149254312052,Good,Senior/Veteran,99.45312499943543
32.0,Female,Married,Graduate,46500.0,Private,1.2,MNC,Family,0.0,4,3,0.0,0.0,4000.0,7500.0,7700.0,No,0.0,684.0,40200.0,16000.0,Education EMI,455000.0,8,Not_Eligible,10920.0,19200.0,27300.0,0.412903225797572,0.0,0.0,1.2086021505116429,0.8333333332899305,0.815412186378467,56874.992890625894,6825.0,0.48000005999156037,Fair,Moderate,89.16666666644966
27.0,Male,Single,Graduate,29200.0,Government,0.5,Mid-size,Family,0.0,1,0,0.0,0.0,1900.0,7700.0,4300.0,No,0.0,814.0,214500.0,115200.0,Vehicle EMI,888000.0,72,Not_Eligible,10098.0,13900.0,15300.0,0.47602739724397164,0.0,0.0,11.291095890024277,8.287769783576419,2.5342465753352332,12333.333162037039,15300.0,1.240540557669686,Excellent,Probation/Junior,100.0
38.0,Male,Married,Post Graduate,41800.0,Private,14.0,MNC,Own,0.0,2,1,12400.0,0.0,6200.0,12300.0,5700.0,No,0.0,724.0,321800.0,151300.0,Education EMI,370000.0,12,Not_Eligible,2860.0,36600.0,5200.0,0.8755980861034546,0.0,0.0,11.318181817911048,4.133879781307818,0.7376395534275565,30833.330763889106,2600.0,0.168648662697233,Good,Senior/Veteran,77.95215311172363
48.0,Male,Married,High School,37100.0,Private,9.5,Startup,Family,0.0,4,3,0.0,17200.0,3300.0,9600.0,5200.0,No,0.0,718.0,239400.0,109100.0,Personal Loan EMI,651000.0,39,Not_Eligible,990.0,35300.0,1800.0,0.9514824797587201,0.0,0.0,9.393530997051387,3.0906515579861007,1.4622641509401118,16692.307264299816,450.0,0.10783410414100532,Good,Senior/Veteran,71.88140161930238
27.0,Male,Single,Graduate,53600.0,Private,4.4,MNC,Family,0.0,2,1,4800.0,6400.0,6200.0,8700.0,10300.0,Yes,15900.0,565.0,291600.0,159800.0,Education EMI,435000.0,37,Not_Eligible,500.0,36400.0,1300.0,0.6791044775992704,0.29664179103924176,0.29664179103924176,8.421641790887655,3.055449330725517,0.6763059701482023,11756.756439006584,650.0,0.1105747156227787,Poor,Established,93.67164179205837
38.0,Female,Married,Post Graduate,57600.0,Self-employed,1.2,Large Indian,Family,0.0,2,1,0.0,0.0,4500.0,12900.0,4900.0,Yes,14100.0,638.0,167200.0,47200.0,Vehicle EMI,765000.0,50,Not_Eligible,5342.4,22300.0,21200.0,0.3871527777710564,0.2447916666624168,0.2447916666624168,3.7222222221576002,1.296703296667673,1.106770833331732,15299.999694000007,10600.0,1.3856209426545345,Poor,Moderate,91.48351648333836
27.0,Female,Single,Professional,144500.0,Private,0.5,Large Indian,Rented,23300.0,1,0,0.0,0.0,10400.0,23500.0,16900.0,Yes,28600.0,667.0,95500.0,36500.0,E-commerce Shopping EMI,31000.0,7,Eligible,9363.2,74100.0,41800.0,0.5128027681625411,0.35916955017052477,0.19792387543115622,0.9134948096822595,0.3554040895778442,0.017877739331016218,4428.570795918457,41800.0,9.438711023675129,Fair,Probation/Junior,86.77702044788921
48.0,Female,Single,High School,22000.0,Government,2.5,Startup,Rented,5500.0,3,2,9400.0,0.0,2600.0,6100.0,1900.0,No,0.0,745.0,50900.0,29900.0,Personal Loan EMI,460000.0,54,Not_Eligible,500.0,25500.0,-3500.0,1.159090909038223,0.24999999998863637,0.0,3.6727272725603304,1.1725490195618609,1.7424242424176424,8518.51836076818,-1166.6666666666667,-0.4108695727778544,Good,Moderate,21.13547237475145
32.0,Male,Married,Graduate,68100.0,Private,4.8,Large Indian,Own,0.0,3,2,0.0,21200.0,5300.0,12700.0,12500.0,No,0.0,746.0,262300.0,149200.0,Vehicle EMI,837000.0,76,Not_Eligible,8200.0,51700.0,16400.0,0.7591776798713777,0.0,0.0,6.042584434566189,2.8858800773136193,1.0242290748886145,11013.157749826873,5466.666666666667,1.489127856973508,Good,Established,86.69518599685787
32.0,Female,Single,Post Graduate,60000.0,Private,0.9,MNC,Own,0.0,1,0,0.0,0.0,5900.0,15400.0,8400.0,Yes,13500.0,609.0,425100.0,191400.0,Personal Loan EMI,189000.0,41,Not_Eligible,4139.52,29700.0,16800.0,0.49499999999175,0.22499999999625,0.22499999999625,10.27499999982875,4.4305555554529965,0.2624999999996354,4609.755985127903,16800.0,3.6444445325427393,Poor,Probation/Junior,100.0
58.0,Male,Single,Post Graduate,23400.0,Private,7.1,Large Indian,Own,0.0,1,0,0.0,0.0,1800.0,6900.0,1600.0,No,0.0,675.0,94300.0,19100.0,E-commerce Shopping EMI,15000.0,11,Eligible,6550.0,10300.0,13100.0,0.44017094015212943,0.0,0.0,4.846153845946746,1.854368931858799,0.05341880341861318,1363.6362396694328,13100.0,9.60666753295511,Fair,Senior/Veteran,94.27184465929399
27.0,Male,Married,Professional,41200.0,Private,3.3,Mid-size,Own,0.0,4,3,9000.0,0.0,3300.0,6800.0,3100.0,No,0.0,740.0,58900.0,23500.0,Education EMI,252000.0,29,Not_Eligible,7600.0,22200.0,19000.0,0.5388349514432321,0.0,0.0,1.9999999999514564,1.0585585585108757,0.5097087378630467,8689.654872770521,4750.0,2.18650801165314,Good,Established,90.29279279255438
32.0,Female,Single,Post Graduate,43700.0,Government,0.9,MNC,Rented,12200.0,3,2,10700.0,0.0,3400.0,6900.0,7200.0,No,0.0,778.0,187100.0,70700.0,Personal Loan EMI,135000.0,32,Not_Eligible,1980.0,40400.0,3300.0,0.9244851258369683,0.27917620136660926,0.0,5.899313501009169,1.749999999956683,0.25743707093772417,4218.749868164067,1100.0,0.7822222464812508,Excellent,Probation/Junior,67.79118993282594
32.0,Male,Married,Graduate,44200.0,Private,2.4,Startup,Rented,8900.0,4,3,0.0,0.0,5500.0,10700.0,2300.0,No,0.0,661.0,330300.0,119100.0,Home Appliances EMI,130000.0,25,Eligible,9240.0,27400.0,16800.0,0.6199095022484183,0.20135746605879282,0.0,10.167420814249606,4.346715328308514,0.24509803921522416,5199.999792000008,4200.0,3.2307693593786984,Fair,Moderate,98.40723982012653
38.0,Female,Married,Professional,81100.0,Government,1.4,Mid-size,Rented,26200.0,4,3,5100.0,16200.0,5700.0,16600.0,11300.0,Yes,17300.0,690.0,460600.0,177600.0,Home Appliances EMI,148000.0,14,Not_Eligible,500.0,81100.0,-17300.0,0.9999999999876696,0.5363748458626835,0.21331689272240054,7.869297163898037,1.8048780487621456,0.15207562679803527,10571.427816326584,-4325.0,-1.6364866032235756,Fair,Moderate,27.478151034409322
38.0,Male,Married,High School,17300.0,Self-employed,2.1,Large Indian,Own,0.0,5,4,0.0,0.0,2200.0,2600.0,3300.0,Yes,3800.0,608.0,113600.0,38000.0,Home Appliances EMI,214000.0,21,Not_Eligible,1496.88,8100.0,5400.0,0.46820809245848505,0.2196531791780547,0.2196531791780547,8.763005779840288,3.193277310656027,1.0308285163726838,10190.475705215442,1080.0,0.5299065672377195,Poor,Moderate,100.0
38.0,Male,Married,Graduate,51000.0,Private,4.8,Large Indian,Own,0.0,4,3,0.0,19000.0,3500.0,15000.0,3900.0,No,0.0,770.0,213700.0,118800.0,Education EMI,137000.0,23,Not_Eligible,5760.0,41400.0,9600.0,0.811764705866436,0.0,0.0,6.519607843009419,2.869565217321991,0.22385620914996102,5956.521480151239,2400.0,1.6116789019192073,Excellent,Established,82.40664961729507
38.0,Male,Married,Post Graduate,92700.0,Private,2.7,Large Indian,Family,0.0,2,1,0.0,0.0,8900.0,26900.0,12200.0,Yes,18700.0,687.0,532100.0,259100.0,E-commerce Shopping EMI,86000.0,18,Eligible,9100.0,48000.0,26000.0,0.5177993527452234,0.2017259978403266,0.2017259978403266,8.535059331083765,3.8845577210811912,0.07731032002869713,4777.777512345693,13000.0,5.441860766302867,Fair,Moderate,100.0
32.0,Male,Married,Graduate,37300.0,Private,2.2,Startup,Rented,6300.0,3,2,9700.0,0.0,3800.0,6400.0,4700.0,No,0.0,648.0,164500.0,49800.0,Vehicle EMI,1311000.0,64,Not_Eligible,2560.0,30900.0,6400.0,0.8284182305407931,0.16890080428501605,0.0,5.7453083108379275,1.6116504853847362,2.9289544235859495,20484.374679931647,2133.3333333333335,0.31243326192220006,Poor,Moderate,74.78479398366024
48.0,Male,Married,High School,29400.0,Self-employed,2.3,Mid-size,Rented,5300.0,3,2,9100.0,0.0,2800.0,7400.0,1600.0,No,0.0,694.0,33000.0,9200.0,Personal Loan EMI,866000.0,20,Not_Eligible,1152.0,26200.0,3200.0,0.8911564625547226,0.18027210883740571,0.0,1.4353741496110417,0.35114503815453646,2.4546485260701396,43299.997835000104,1066.6666666666667,0.07390300600291218,Fair,Moderate,63.46320818639488
38.0,Female,Married,Graduate,52900.0,Private,5.4,MNC,Own,0.0,2,1,6500.0,0.0,3600.0,11800.0,9700.0,No,0.0,684.0,37500.0,13000.0,E-commerce Shopping EMI,87000.0,24,Eligible,8520.0,31600.0,21300.0,0.5973534971531691,0.0,0.0,0.9546313799441468,0.4113924050502724,0.13705103969732663,3624.9998489583395,10650.0,5.875862312172176,Fair,Established,87.05696202525137
38.0,Female,Married,Graduate,40700.0,Private,1.4,Large Indian,Rented,7600.0,3,2,0.0,0.0,5400.0,8100.0,4600.0,Yes,9600.0,670.0,264700.0,154900.0,E-commerce Shopping EMI,174000.0,9,Not_Eligible,2079.0,25700.0,5400.0,0.6314496314341167,0.4226044225940392,0.2358722358664405,10.309582309329002,4.388101982878524,0.3562653562646268,19333.331185185427,1800.0,0.2793103758476218,Fair,Moderate,95.90171990368793
38.0,Female,Married,Graduate,32200.0,Private,0.7,Startup,Own,0.0,3,2,3600.0,23100.0,4200.0,9000.0,4200.0,No,0.0,722.0,89200.0,46000.0,E-commerce Shopping EMI,149000.0,10,Not_Eligible,500.0,44100.0,-11900.0,1.3695652173487713,0.0,0.0,4.198757763844759,1.0430839002031047,0.3856107660445507,14899.99851000015,-3966.6666666666665,-0.7986577979329759,Good,Probation/Junior,5.0
38.0,Male,Married,Graduate,56500.0,Self-employed,0.5,Mid-size,Rented,12600.0,3,2,0.0,0.0,4300.0,10500.0,5500.0,Yes,16500.0,547.0,95300.0,52500.0,Education EMI,87000.0,42,Not_Eligible,894.6,32900.0,7100.0,0.582300884945446,0.5150442477784948,0.29203539822491975,2.6159292034935233,1.0627530364157338,0.1283185840706072,2071.428522108845,2366.6666666666665,3.4275862868510503,Poor,Probation/Junior,82.26066783758404
38.0,Male,Married,Graduate,90700.0,Government,0.6,Large Indian,Family,0.0,2,1,0.0,0.0,6200.0,14600.0,13900.0,Yes,21600.0,729.0,121800.0,71000.0,Home Appliances EMI,289000.0,35,Not_Eligible,9632.0,34700.0,34400.0,0.382579933843632,0.2381477397989179,0.2381477397989179,2.125689084871823,1.2611012433168542,0.26552737963959433,8257.142621224497,17200.0,4.166090083924521,Good,Probation/Junior,91.30550621658428
27.0,Male,Single,Post Graduate,400760.0,Government,0.5,MNC,Own,0.0,3,2,0.0,0.0,5100.0,22700.0,18800.0,No,0.0,772.0,168500.0,40700.0,E-commerce Shopping EMI,128000.0,18,Eligible,24048.0,46600.0,354160.0,0.11627906976715172,0.0,0.0,0.5220081844482433,0.8733905579211718,0.02661609608410133,7111.110716049404,118053.33333333333,49.80375275987135,Excellent,Probation/Junior,89.36695278960586
32.0,Male,Married,Graduate,70200.0,Private,0.5,Large Indian,Family,0.0,2,1,3600.0,11900.0,7500.0,15000.0,5300.0,Yes,7400.0,663.0,410500.0,170500.0,Home Appliances EMI,92000.0,36,Eligible,5460.0,43300.0,19500.0,0.6168091168003305,0.10541310541160381,0.10541310541160381,8.27635327623538,3.3629191320835714,0.1092117758783129,2555.5554845679035,9750.0,7.630434991579395,Fair,Probation/Junior,98.65527065597357
32.0,Male,Married,Post Graduate,51500.0,Private,1.2,Large Indian,Rented,14500.0,3,2,0.0,0.0,6900.0,11700.0,3800.0,Yes,7500.0,750.0,40000.0,17100.0,Personal Loan EMI,927000.0,47,Not_Eligible,2385.6,36900.0,7100.0,0.7165048543550193,0.42718446601112264,0.14563106795833727,1.108737864056141,0.3851351351264609,1.4999999999975728,19723.40383567226,2366.6666666666665,0.3599784326678328,Excellent,Moderate,75.70237470645218
48.0,Male,Married,Graduate,19200.0,Private,6.4,Large Indian,Family,6058.0,4,3,0.0,16000.0,2500.0,5200.0,2100.0,Yes,3300.0,812.0,16400.0,7400.0,Vehicle EMI,1034000.0,67,Not_Eligible,500.0,31858.0,-15958.0,1.659270833246913,0.4873958333079481,0.17187499999104816,1.2395833332687716,0.21047841173529558,4.487847222202744,15432.835590554694,-3989.5,-1.0340290289059186,Excellent,Established,5.0
48.0,Male,Married,Post Graduate,118100.0,Private,26.0,MNC,Rented,32000.0,2,1,9100.0,0.0,17100.0,28000.0,16300.0,Yes,29800.0,715.0,789600.0,298500.0,Education EMI,239000.0,30,Not_Eligible,500.0,102500.0,-14200.0,0.8679085520671642,0.5232853513926903,0.2523285351375756,9.213378492724697,2.256235827647345,0.16864239345175794,7966.66640111112,-7100.0,-1.7824268374331682,Good,Senior/Veteran,41.21852037537528
48.0,Male,Married,Graduate,107900.0,Government,22.5,Large Indian,Family,0.0,3,2,14100.0,0.0,12000.0,26800.0,11000.0,No,0.0,833.0,502400.0,245400.0,Vehicle EMI,1426000.0,17,Not_Eligible,29040.0,63900.0,44000.0,0.5922150138962724,0.0,0.0,6.930491195487206,3.84037558679436,1.1013283904841664,83882.3480069207,14666.666666666666,0.5245442103724284,Excellent,Senior/Veteran,100.0
38.0,Male,Married,Graduate,67000.0,Private,9.9,Mid-size,Family,0.0,2,1,3600.0,0.0,6800.0,15100.0,6000.0,Yes,19900.0,735.0,437200.0,176400.0,Personal Loan EMI,324000.0,45,Not_Eligible,6006.0,31500.0,15600.0,0.4701492537243262,0.2970149253687013,0.2970149253687013,9.158208955087192,3.4319066147192236,0.40298507462636446,7199.999840000004,7800.0,2.1666667145138887,Good,Senior/Veteran,100.0
38.0,Male,Married,Graduate,56700.0,Self-employed,1.0,Startup,Own,0.0,4,3,9100.0,0.0,8200.0,11900.0,4100.0,No,0.0,701.0,107200.0,38600.0,E-commerce Shopping EMI,74000.0,6,Not_Eligible,8424.0,33300.0,23400.0,0.5873015872912293,0.0,0.0,2.57142857138322,1.1591591591243495,0.1087595532038378,12333.33127777812,5850.0,1.8972976133596786,Good,Moderate,90.79579579562174
38.0,Female,Married,Professional,102000.0,Private,7.0,Small,Family,0.0,4,3,0.0,0.0,11800.0,26200.0,5600.0,Yes,17200.0,679.0,715600.0,379000.0,Personal Loan EMI,109000.0,44,Eligible,15862.0,43600.0,41200.0,0.4274509803879662,0.16862745097873896,0.16862745097873896,10.731372548914399,6.233552631476422,0.08905228758162659,2477.272670971076,10300.0,16.6311930318186,Fair,Senior/Veteran,100.0
38.0,Male,Married,Graduate,73400.0,Private,3.0,MNC,Rented,23300.0,4,3,0.0,0.0,10900.0,20700.0,14300.0,No,0.0,656.0,74900.0,29700.0,Personal Loan EMI,69000.0,45,Not_Eligible,1680.0,69200.0,4200.0,0.9427792915402892,0.3174386920937679,0.0,1.4250681198715933,0.4291907514388846,0.07833787465931161,1533.33329925926,1050.0,2.739130493865784,Fair,Established,59.72361043397129
38.0,Male,Married,High School,38300.0,Private,5.6,Startup,Rented,12900.0,3,2,0.0,0.0,4100.0,11100.0,2900.0,Yes,8600.0,699.0,246000.0,50600.0,Home Appliances EMI,149000.0,22,Not_Eligible,500.0,31000.0,-1300.0,0.8093994777856554,0.5613577023352125,0.22454308093408504,7.744125326168561,1.2777777777455106,0.32419495213158356,6772.726964876047,-433.3333333333333,-0.19194631742132337,Fair,Established,38.341891502410235
32.0,Male,Married,High School,37200.0,Government,2.4,MNC,Family,0.0,4,3,10300.0,0.0,2500.0,8300.0,6700.0,No,0.0,702.0,216500.0,111200.0,Home Appliances EMI,276000.0,17,Not_Eligible,4700.0,27800.0,9400.0,0.7473118279369002,0.0,0.0,8.809139784709432,3.999999999856115,0.6182795698910881,16235.293162629812,2350.0,0.5789855412686857,Good,Moderate,88.21505376504798
58.0,Male,Married,Professional,92000.0,Government,5.6,Large Indian,Own,0.0,3,2,0.0,0.0,7400.0,15400.0,12700.0,Yes,13900.0,674.0,512900.0,188400.0,Personal Loan EMI,830000.0,46,Not_Eligible,16401.0,35500.0,42600.0,0.3858695652131971,0.1510869565200969,0.1510869565200969,7.6228260868736655,3.8137651821090333,0.7518115942022175,18043.477868620048,14200.0,2.360963906616139,Fair,Established,100.0
48.0,Male,Married,Graduate,20600.0,Private,3.7,MNC,Family,0.0,4,3,7000.0,0.0,2000.0,5500.0,1900.0,Yes,6000.0,685.0,163200.0,97000.0,Home Appliances EMI,228000.0,20,Not_Eligible,500.0,16400.0,-1800.0,0.7961165048157225,0.29126213590819117,0.29126213590819117,12.63106796055189,4.330357142663823,0.9223300970836475,11399.999430000027,-450.0,-0.1578947447229917,Fair,Established,59.3106796147422
38.0,Male,Married,Post Graduate,89900.0,Private,5.6,Large Indian,Rented,18500.0,3,2,0.0,0.0,5100.0,22100.0,5500.0,No,0.0,694.0,684700.0,228800.0,E-commerce Shopping EMI,36000.0,6,Eligible,21285.0,51200.0,38700.0,0.5695216907611844,0.2057842046695686,0.0,10.161290322467616,4.46874999991272,0.03337041156837841,5999.999000000166,12900.0,6.450001073925,Fair,Established,100.0
27.0,Male,Single,Graduate,32500.0,Private,5.0,MNC,Own,0.0,2,1,12500.0,0.0,2600.0,5200.0,1800.0,No,0.0,598.0,77600.0,42100.0,Vehicle EMI,1461000.0,58,Not_Eligible,4160.0,22100.0,10400.0,0.6799999999790769,0.0,0.0,3.683076922963598,1.9049773754794128,3.7461538461442405,25189.654738109402,5200.0,0.41286790580154253,Poor,Established,88.12488687907091
32.0,Male,Married,Graduate,45600.0,Self-employed,2.3,Startup,Rented,15900.0,2,1,14300.0,0.0,3300.0,11400.0,3700.0,Yes,5000.0,639.0,323700.0,150400.0,Education EMI,470000.0,14,Not_Eligible,500.0,48600.0,-8000.0,1.065789473660838,0.45833333332328213,0.10964912280461296,10.3969298243334,2.8059701492013813,0.8589181286534011,33571.42617346956,-4000.0,-0.2382978893546039,Poor,Moderate,32.683359520510116
38.0,Female,Married,Graduate,32700.0,Private,3.5,Mid-size,Own,0.0,4,3,0.0,11500.0,3700.0,8200.0,6200.0,No,0.0,660.0,191300.0,61800.0,E-commerce Shopping EMI,55000.0,6,Not_Eligible,1550.0,29600.0,3100.0,0.9051987767307279,0.0,0.0,7.740061161842812,2.0878378377673026,0.140163098878338,9166.665138889144,775.0,0.3381818745085619,Fair,Established,71.02328705037827
32.0,Female,Married,Professional,61600.0,Government,4.0,MNC,Rented,18400.0,4,3,10400.0,0.0,5100.0,12300.0,8800.0,No,0.0,817.0,160000.0,46200.0,Vehicle EMI,1114000.0,34,Not_Eligible,4356.0,55000.0,6600.0,0.8928571428426484,0.2987012986964497,0.0,3.3474025973482564,0.8399999999847273,1.5070346320325934,32764.70491868515,1650.0,0.20143627162760427,Excellent,Established,65.77142857251177
38.0,Male,Married,Professional,63400.0,Private,1.3,Large Indian,Rented,13400.0,5,4,8700.0,0.0,8600.0,9500.0,5000.0,No,0.0,633.0,408700.0,148500.0,Vehicle EMI,264000.0,23,Not_Eligible,8008.0,45200.0,18200.0,0.7129337539319727,0.2113564668736379,0.0,8.788643532984405,3.2853982300158098,0.34700315457367636,11478.260370510417,3640.0,1.5856061294073147,Poor,Moderate,90.96529968544219
48.0,Male,Married,Graduate,45700.0,Private,26.0,Startup,Rented,12000.0,4,3,5400.0,0.0,2500.0,10200.0,4000.0,Yes,9200.0,682.0,54100.0,28400.0,Education EMI,282000.0,29,Not_Eligible,672.0,34100.0,2400.0,0.7461706783206528,0.463894967167092,0.2013129102800588,1.8052516410983532,0.6558891454813882,0.5142231947474212,9724.137595719392,600.0,0.24680851912355517,Fair,Senior/Veteran,72.11314376005828
27.0,Male,Married,Graduate,41400.0,Government,4.8,MNC,Rented,11000.0,5,4,3200.0,0.0,6000.0,6600.0,2900.0,No,0.0,739.0,118200.0,37500.0,Vehicle EMI,180000.0,51,Eligible,6435.0,29700.0,11700.0,0.7173913043304978,0.26570048308536953,0.0,3.760869565126549,1.2626262625837499,0.36231884057898084,3529.4116955017316,2340.0,3.31500006406075,Good,Established,81.92182696647893
27.0,Female,Married,Graduate,88100.0,Private,0.5,Mid-size,Family,0.0,3,2,5600.0,0.0,7200.0,25300.0,6500.0,No,0.0,757.0,358800.0,91600.0,E-commerce Shopping EMI,149000.0,17,Eligible,20880.0,44600.0,43500.0,0.5062429057831301,0.0,0.0,5.112372304141744,2.0538116591467754,0.14093832765783113,8764.705366782036,14500.0,4.963087539702198,Excellent,Probation/Junior,95.26905829573388
38.0,Female,Married,Post Graduate,36900.0,Private,3.5,Startup,Family,0.0,5,4,2800.0,0.0,2300.0,8500.0,6300.0,No,0.0,634.0,123600.0,59200.0,Vehicle EMI,941000.0,23,Not_Eligible,6800.0,19900.0,17000.0,0.5392953929393145,0.0,0.0,4.95392953916114,2.9748743717098054,2.1251129177910455,40913.041699432964,3400.0,0.41551542719494494,Poor,Established,99.87437185854903
32.0,Female,Married,High School,32000.0,Private,3.5,Startup,Rented,4800.0,3,2,14000.0,0.0,3300.0,6500.0,2200.0,Yes,6800.0,647.0,146500.0,46900.0,Home Appliances EMI,79000.0,6,Not_Eligible,500.0,30800.0,-5600.0,0.9624999999699219,0.3624999999886719,0.21249999999335936,6.043749999811133,1.247340425498741,0.20572916666613092,13166.664472222588,-1866.6666666666667,-0.4253165265499759,Poor,Established,37.23670212989996
27.0,Male,Single,Post Graduate,112800.0,Government,5.0,Mid-size,Family,0.0,1,0,0.0,0.0,10300.0,19400.0,6600.0,Yes,22900.0,661.0,794600.0,213100.0,Vehicle EMI,1240000.0,41,Not_Eligible,22699.6,36300.0,53600.0,0.32180851063544497,0.20301418439536337,0.20301418439536337,8.933510638218674,3.599662162101357,0.9160756501175266,30243.901701368253,53600.0,1.7722581076833366,Fair,Established,100.0
48.0,Female,Single,Professional,34300.0,Private,1.9,MNC,Own,0.0,2,1,3100.0,0.0,3700.0,7000.0,2800.0,No,0.0,668.0,271100.0,75800.0,Personal Loan EMI,101000.0,23,Eligible,9735.0,16600.0,17700.0,0.4839650145631497,0.0,0.0,10.113702623611845,4.566265059965888,0.24538386783225125,4391.304156899819,8850.0,4.030693243636575,Fair,Moderate,100.0
58.0,Male,Married,High School,43200.0,Private,20.0,MNC,Own,0.0,3,2,6300.0,0.0,5500.0,9700.0,6900.0,Yes,7100.0,656.0,339900.0,152800.0,Home Appliances EMI,161000.0,9,Not_Eligible,2964.5,28400.0,7700.0,0.6574074073921896,0.1643518518480474,0.1643518518480474,11.405092592328586,4.30422535199143,0.3105709876537219,17888.88690123479,2566.6666666666665,0.430434830410721,Fair,Senior/Veteran,95.40740740862483
27.0,Female,Single,Professional,84700.0,Government,2.5,MNC,Rented,24500.0,1,0,0.0,0.0,10100.0,18300.0,8700.0,No,0.0,791.0,158600.0,32600.0,Education EMI,348000.0,19,Not_Eligible,11088.0,61600.0,23100.0,0.7272727272641408,0.2892561983436924,0.0,2.2573789846250607,0.529220779212188,0.34238488783909643,18315.78850969534,23100.0,1.2612069628621756,Excellent,Moderate,77.46428571492967
58.0,Male,Married,Graduate,73600.0,Government,3.1,Large Indian,Family,0.0,4,3,0.0,0.0,6200.0,15200.0,13000.0,No,0.0,701.0,222300.0,125700.0,Home Appliances EMI,142000.0,33,Eligible,21560.0,34400.0,39200.0,0.4673913043414757,0.0,0.0,4.728260869500975,3.6540697673356375,0.16077898550706432,4303.03017263545,9800.0,9.109859428868834,Good,Established,100.0
58.0,Female,Married,Graduate,38000.0,Government,8.5,Large Indian,Rented,8000.0,5,4,0.0,0.0,5600.0,9500.0,2000.0,Yes,11300.0,704.0,95200.0,33000.0,Home Appliances EMI,272000.0,14,Not_Eligible,616.0,25100.0,1600.0,0.6605263157720914,0.5078947368287396,0.2973684210448061,3.3736842104375344,0.9065934065685002,0.5964912280688673,19428.570040816427,320.0,0.08235294705458476,Good,Senior/Veteran,77.13823019306342
48.0,Female,Married,Graduate,30600.0,Private,9.0,MNC,Rented,5200.0,4,3,9000.0,18600.0,3900.0,6400.0,2600.0,No,0.0,596.0,75300.0,28800.0,Education EMI,103000.0,11,Not_Eligible,500.0,45700.0,-15100.0,1.4934640522387757,0.1699346405173224,0.0,3.4019607842025503,0.6301969365288798,0.2805010893238548,9363.635512396771,-3775.0,-1.6126215056530209,Poor,Senior/Veteran,5.0
48.0,Male,Married,Post Graduate,58600.0,Self-employed,3.7,Large Indian,Family,0.0,5,4,0.0,23300.0,7900.0,10500.0,7800.0,Yes,11600.0,700.0,96100.0,19800.0,Personal Loan EMI,538000.0,40,Not_Eligible,500.0,49500.0,-2500.0,0.8447098975965066,0.1979522184266561,0.1979522184266561,1.9778156996249519,0.32405891979829693,0.7650739476667163,13449.99966375001,-500.0,-0.1858736105809759,Good,Established,42.04350279127095
38.0,Male,Married,High School,26800.0,Private,1.3,Large Indian,Own,0.0,4,3,6500.0,0.0,2700.0,6300.0,4000.0,No,0.0,657.0,123200.0,32900.0,Personal Loan EMI,603000.0,29,Not_Eligible,3650.0,19500.0,7300.0,0.7276119402713578,0.0,0.0,5.824626865454305,1.687179487092965,1.8749999999941698,20793.10273127232,1825.0,0.35107795570450867,Fair,Moderate,83.2269422137562
48.0,Male,Married,Professional,139800.0,Government,9.6,Startup,Rented,31500.0,3,2,4400.0,0.0,12400.0,41200.0,9800.0,No,0.0,850.0,283300.0,134300.0,E-commerce Shopping EMI,117000.0,5,High_Risk,26730.0,99300.0,40500.0,0.7103004291794685,0.2253218884104054,0.0,2.987124463497946,1.352467270882654,0.0697424892703447,23399.995320000937,13500.0,1.7307695768491123,Excellent,Senior/Veteran,82.93830202005579
32.0,Female,Married,Professional,39100.0,Private,1.8,Mid-size,Own,0.0,3,2,12500.0,0.0,3200.0,10900.0,4400.0,No,0.0,782.0,276100.0,63700.0,Vehicle EMI,254000.0,36,Not_Eligible,5346.0,31000.0,8100.0,0.7928388746600297,0.0,0.0,8.690537084176713,2.054838709611134,0.5413469735708837,7055.5553595679075,2700.0,1.1480315277900426,Excellent,Moderate,79.8470835752533
27.0,Male,Single,Graduate,38600.0,Self-employed,0.5,Large Indian,Family,0.0,3,2,0.0,0.0,2900.0,8800.0,7100.0,No,0.0,717.0,288500.0,126200.0,E-commerce Shopping EMI,27000.0,17,Eligible,9801.0,18800.0,19800.0,0.48704663211173455,0.0,0.0,10.743523315783847,6.712765957089746,0.05829015544028866,1588.2352006920469,6600.0,12.466667392150617,Good,Probation/Junior,100.0
32.0,Male,Married,Post Graduate,63247.0,Private,0.6,MNC,Family,0.0,3,2,0.0,0.0,8500.0,16600.0,4700.0,No,0.0,603.0,353500.0,125300.0,Vehicle EMI,1228000.0,43,Not_Eligible,10240.0,29800.0,33447.0,0.4711685929692923,0.0,0.0,7.570319540728093,4.204697986436084,1.6179950564168815,28558.138870740957,11149.0,1.1711897666096407,Poor,Probation/Junior,100.0
48.0,Male,Married,Graduate,60900.0,Private,17.6,MNC,Own,0.0,2,1,3400.0,0.0,6100.0,11800.0,9100.0,Yes,16000.0,695.0,157500.0,50500.0,Education EMI,309000.0,28,Not_Eligible,5075.0,30400.0,14500.0,0.4991789819294059,0.26272577996284524,0.26272577996284524,3.4154351395169877,1.0883620689420612,0.4228243021340684,11035.713891581647,7250.0,1.313915904411684,Fair,Senior/Veteran,90.4418103447103
27.0,Male,Married,Graduate,32200.0,Private,1.3,Large Indian,Family,0.0,4,3,10300.0,0.0,3700.0,6100.0,5500.0,Yes,9400.0,568.0,94300.0,50100.0,Vehicle EMI,685000.0,27,Not_Eligible,500.0,25600.0,-2800.0,0.7950310558759307,0.2919254658294433,0.2919254658294433,4.484472049550171,1.4314285713876735,1.7727743271175653,25370.369430727056,-700.0,-0.11036496758689072,Poor,Moderate,51.554658386863906
32.0,Male,Single,Graduate,21700.0,Private,4.3,Large Indian,Own,0.0,2,1,0.0,0.0,1400.0,6300.0,1800.0,No,0.0,594.0,30900.0,13900.0,Education EMI,274000.0,37,Not_Eligible,3904.0,9500.0,12200.0,0.43778801841300513,0.0,0.0,2.064516128937119,1.4631578945828254,1.0522273425458823,7405.40520525932,6100.0,1.6474452997775344,Poor,Established,92.31578947291413
32.0,Female,Single,Post Graduate,84800.0,Private,10.0,Large Indian,Rented,26300.0,2,1,0.0,0.0,4500.0,13000.0,11300.0,No,0.0,615.0,165300.0,37000.0,Home Appliances EMI,294000.0,29,Not_Eligible,9504.0,55100.0,29700.0,0.6497641509357339,0.31014150943030494,0.0,2.3856132075190377,0.6715063520749273,0.2889150943393387,10137.930684898942,14850.0,2.9295919374661286,Poor,Senior/Veteran,84.37639968551592
48.0,Male,Married,High School,28300.0,Private,26.0,Large Indian,Family,0.0,3,2,13900.0,0.0,1700.0,6400.0,3300.0,Yes,7700.0,773.0,161000.0,96500.0,Personal Loan EMI,446000.0,34,Not_Eligible,500.0,25300.0,-4700.0,0.893992932830601,0.27208480564409593,0.27208480564409593,9.098939929007104,2.9242424241538107,1.3133097762034354,13117.646673010393,-1566.6666666666667,-0.35829597463636303,Excellent,Senior/Veteran,51.10177749432097
27.0,Male,Single,Graduate,105400.0,Private,0.5,Small,Rented,28400.0,2,1,14700.0,0.0,7500.0,17700.0,6500.0,No,0.0,783.0,528900.0,163000.0,E-commerce Shopping EMI,105000.0,15,Eligible,14688.0,74800.0,30600.0,0.7096774193481056,0.26944971536746254,0.0,6.564516128969976,2.1791443849976053,0.08301707779879584,6999.9995333333645,15300.0,4.371428862232653,Excellent,Probation/Junior,87.12152837713957
38.0,Female,Married,High School,25000.0,Self-employed,0.5,Large Indian,Family,0.0,4,3,0.0,13000.0,2800.0,7000.0,3100.0,Yes,3800.0,300.0,112600.0,56100.0,Vehicle EMI,1214000.0,66,Not_Eligible,500.0,25900.0,-4700.0,1.03599999995856,0.15199999999392,0.15199999999392,6.74799999973008,1.88888888882529,4.046666666653178,18393.93911524335,-1175.0,-0.25551894949187454,Poor,Probation/Junior,34.564444447441645
32.0,Female,Married,Graduate,73000.0,Private,1.0,Startup,Own,0.0,2,1,10700.0,0.0,5300.0,20800.0,5200.0,Yes,20600.0,646.0,54500.0,30100.0,E-commerce Shopping EMI,174000.0,4,Not_Eligible,2329.6,42000.0,10400.0,0.5753424657455433,0.2821917808180522,0.2821917808180522,1.1589041095731658,0.4808306709188366,0.19863013698607462,43499.989125002714,5200.0,0.2390805195347338,Poor,Moderate,87.40415335459419
58.0,Male,Married,Graduate,33700.0,Private,5.7,Small,Rented,10000.0,4,3,6500.0,0.0,4500.0,6700.0,3600.0,Yes,6900.0,609.0,84700.0,35700.0,Vehicle EMI,258000.0,63,Not_Eligible,500.0,31300.0,-4500.0,0.9287833827617572,0.5014836795103417,0.20474777447463657,3.57270029662989,0.9345549737975247,0.6379821958441197,4095.238030234317,-1125.0,-1.0988372264758652,Poor,Established,31.266246682323136
58.0,Female,Married,Graduate,55500.0,Private,2.2,MNC,Own,0.0,2,1,0.0,10600.0,6200.0,13700.0,5200.0,No,0.0,767.0,355200.0,163000.0,E-commerce Shopping EMI,86000.0,21,Eligible,13068.0,35700.0,19800.0,0.6432432432316533,0.0,0.0,9.336936936768703,4.5658263304043185,0.12912912912893523,4095.2379002267667,9900.0,4.83488394998218,Excellent,Moderate,96.54054054146773
48.0,Female,Married,Graduate,39500.0,Private,23.0,MNC,Own,0.0,5,4,3900.0,9300.0,4900.0,10200.0,2700.0,Yes,10900.0,723.0,226200.0,86600.0,Home Appliances EMI,179000.0,25,Not_Eligible,500.0,31000.0,-2400.0,0.7848101265624099,0.27594936708162154,0.27594936708162154,7.918987341571671,2.066825775606997,0.37763713080089106,7159.999713600011,-480.0,-0.3351955440872632,Good,Senior/Veteran,55.5493187530422
32.0,Female,Married,Graduate,9589.0,Private,2.5,Startup,Own,0.0,2,1,3900.0,0.0,4700.0,16900.0,8900.0,Yes,14800.0,668.0,179400.0,58200.0,Personal Loan EMI,102000.0,43,Eligible,6055.0,34400.0,-39611.0,3.5874439458142198,1.5434351859898388,1.5434351859898388,24.778391904809844,1.1829268292442494,0.8864323704167412,2372.092968090861,-19805.5,-16.69875528326425,Fair,Moderate,5.0
27.0,Male,Married,Graduate,56800.0,Private,2.3,Mid-size,Own,0.0,2,1,0.0,19900.0,3800.0,15000.0,3100.0,No,0.0,653.0,287400.0,70800.0,E-commerce Shopping EMI,175000.0,7,Not_Eligible,7500.0,41800.0,15000.0,0.7359154929447902,0.0,0.0,6.306338028057987,1.6937799042656991,0.2567488262907031,24999.99642857194,7500.0,0.6000000856902856,Fair,Moderate,82.59566008574528
38.0,Female,Married,Graduate,47500.0,Government,0.9,Mid-size,Rented,16600.0,2,1,6600.0,0.0,6300.0,11700.0,3500.0,No,0.0,750.0,69100.0,22700.0,Vehicle EMI,421000.0,20,Not_Eligible,1344.0,44700.0,2800.0,0.9410526315591358,0.349473684203169,0.0,1.9326315789066815,0.5078299776172744,0.7385964912267744,21049.99894750005,1400.0,0.13301663372289707,Excellent,Probation/Junior,60.254939363355504
32.0,Female,Single,Post Graduate,45700.0,Private,6.9,Mid-size,Rented,10800.0,3,2,0.0,8900.0,5500.0,9500.0,6700.0,No,0.0,642.0,315800.0,151300.0,Education EMI,286000.0,7,Not_Eligible,1892.0,41400.0,4300.0,0.9059080962602646,0.23632385119832988,0.0,10.221006564327768,3.6545893718924014,0.5215171407722073,40857.137020409,1433.3333333333333,0.10524477027714435,Poor,Established,75.52735229917883
38.0,Male,Single,Graduate,29600.0,Private,3.4,Large Indian,Family,0.0,2,1,0.0,0.0,4300.0,5800.0,4600.0,No,0.0,776.0,97900.0,55000.0,E-commerce Shopping EMI,11000.0,20,Eligible,8940.0,14700.0,14900.0,0.49662162160484385,0.0,0.0,5.165540540366029,3.741496598384932,0.03096846846838128,549.9999725000014,7450.0,27.090910396198343,Excellent,Established,100.0
38.0,Female,Married,Professional,51700.0,Private,5.1,Startup,Own,0.0,2,1,12600.0,0.0,3200.0,10900.0,8800.0,No,0.0,787.0,279900.0,119400.0,Education EMI,461000.0,15,Not_Eligible,9720.0,35500.0,16200.0,0.6866537717468733,0.0,0.0,7.72340425516976,3.363380281595398,0.743068987748641,30733.331284444583,8100.0,0.5271150025858856,Excellent,Established,93.06769826025014
27.0,Male,Single,High School,48200.0,Private,4.0,Large Indian,Rented,14700.0,3,2,0.0,16700.0,6200.0,11900.0,5800.0,Yes,6800.0,668.0,285300.0,90600.0,Personal Loan EMI,92000.0,36,Not_Eligible,500.0,55300.0,-13900.0,1.1473029045405123,0.44605809127705276,0.14107883817134692,7.798755186560192,1.4589371980441395,0.1590594744118965,2555.5554845679035,-4633.333333333333,-5.43913058374121,Fair,Established,20.28638723758602
38.0,Male,Married,Graduate,28600.0,Self-employed,0.6,Mid-size,Rented,7300.0,4,3,5900.0,0.0,1900.0,5000.0,3700.0,No,0.0,664.0,200600.0,82700.0,Vehicle EMI,257000.0,12,Not_Eligible,2376.0,23800.0,4800.0,0.8321678321387354,0.2552447552358306,0.0,9.905594405248056,3.474789915820387,0.7488344988323169,21416.664881944595,1200.0,0.22412453228525486,Fair,Probation/Junior,81.42657342890118
48.0,Female,Married,Professional,27000.0,Private,6.5,Large Indian,Rented,7800.0,4,3,0.0,0.0,1500.0,7200.0,3900.0,Yes,6900.0,753.0,205400.0,65100.0,Vehicle EMI,894000.0,69,Not_Eligible,500.0,20400.0,-300.0,0.755555555527572,0.5444444444242799,0.25555555554609055,10.018518518147463,2.3846153845280362,2.759259259250743,12956.521551354761,-75.0,-0.02315436274989077,Excellent,Established,49.36752137073482
58.0,Male,Married,Post Graduate,118700.0,Private,4.5,Mid-size,Own,0.0,5,4,14600.0,22200.0,7900.0,33700.0,22400.0,No,0.0,658.0,748200.0,400600.0,Education EMI,379000.0,37,Not_Eligible,9845.0,100800.0,17900.0,0.8491996630088526,0.0,0.0,9.67818028635486,3.9742063491669226,0.2660769446782743,10243.242966398839,3580.0,1.7474934507528832,Fair,Established,80.0640269592918
32.0,Male,Single,Graduate,37400.0,Private,1.0,Mid-size,Own,0.0,2,1,6900.0,0.0,4700.0,5700.0,4300.0,No,0.0,666.0,124400.0,39500.0,Education EMI,137000.0,28,Eligible,7900.0,21600.0,15800.0,0.5775401069364294,0.0,0.0,4.382352941059295,1.8287037036190414,0.3052584670224927,4892.856968112251,7900.0,3.229197194960456,Fair,Moderate,94.1435185180952
32.0,Male,Married,Post Graduate,60100.0,Private,4.3,Small,Family,0.0,5,4,14900.0,12900.0,3400.0,13300.0,9600.0,No,0.0,671.0,435600.0,126600.0,Vehicle EMI,296000.0,49,Not_Eligible,3300.0,54100.0,6000.0,0.9001663893361037,0.0,0.0,9.354409317648013,2.340110905686874,0.4104270660005402,6040.816203248649,1200.0,0.9932432633490914,Fair,Established,72.68724338154607
48.0,Female,Married,High School,41800.0,Self-employed,7.7,MNC,Rented,13500.0,2,1,0.0,12500.0,2200.0,7300.0,7400.0,No,0.0,761.0,286500.0,138600.0,Education EMI,180000.0,30,Not_Eligible,500.0,42900.0,-1100.0,1.0263157894491313,0.322966507169307,0.0,10.169856459086846,3.2307692306939213,0.3588516746404329,5999.999800000007,-550.0,-0.18333333941388888,Excellent,Senior/Veteran,40.8947368440695
32.0,Male,Married,Graduate,91100.0,Private,1.2,MNC,Family,0.0,4,3,5100.0,0.0,5200.0,18300.0,4600.0,Yes,24700.0,680.0,513100.0,257500.0,E-commerce Shopping EMI,11000.0,18,Eligible,11620.0,33200.0,33200.0,0.36443468715297,0.2711306256830831,0.2711306256830831,8.458836443375864,4.447322970562222,0.010062202707638069,611.1110771604957,8300.0,54.327275656555365,Fair,Moderate,100.0
38.0,Male,Married,Post Graduate,58300.0,Private,3.2,Large Indian,Rented,19800.0,4,3,3500.0,0.0,6500.0,11000.0,9200.0,Yes,9700.0,722.0,314800.0,173500.0,Vehicle EMI,245000.0,62,Not_Eligible,500.0,50000.0,-1400.0,0.8576329330899205,0.5060034305230531,0.16638078901944459,8.375643224556164,2.9061976548926935,0.35020011435055715,3951.6128394901157,-350.0,-0.354285719910344,Good,Established,46.500113490656105
48.0,Female,Married,Graduate,15000.0,Private,1.9,Startup,Rented,4100.0,3,2,0.0,20600.0,900.0,3900.0,1800.0,Yes,2700.0,676.0,60100.0,35900.0,Education EMI,400000.0,19,Not_Eligible,500.0,31300.0,-19000.0,2.0866666665275555,0.4533333333031111,0.179999999988,6.399999999573333,1.0558823529101211,2.2222222222098766,21052.630470914184,-6333.333333333333,-0.9025000474571313,Fair,Moderate,5.0
32.0,Male,Married,Professional,111400.0,Self-employed,1.4,Startup,Own,0.0,3,2,14800.0,0.0,8300.0,28000.0,7100.0,Yes,33300.0,679.0,321100.0,65800.0,E-commerce Shopping EMI,125000.0,3,Not_Eligible,6268.5,58200.0,19900.0,0.5224416517008758,0.2989228007154495,0.2989228007154495,3.473070017922145,0.71912568305225,0.0935068821064531,41666.65277778241,6633.333333333333,0.4776001591885376,Fair,Moderate,88.59562841526125
48.0,Male,Married,Graduate,69400.0,Self-employed,18.7,Startup,Family,0.0,4,3,5500.0,17100.0,7000.0,19400.0,13400.0,No,0.0,732.0,298300.0,175600.0,E-commerce Shopping EMI,62000.0,8,Not_Eligible,3150.0,62400.0,7000.0,0.8991354466729232,0.0,0.0,6.828530259267601,2.814102564057466,0.07444764649366661,7749.999031250122,1750.0,0.9032259192382932,Good,Senior/Veteran,75.13967708645347
27.0,Female,Single,Graduate,41300.0,Private,2.8,Mid-size,Rented,8100.0,1,0,0.0,0.0,4800.0,7000.0,2300.0,Yes,5400.0,686.0,242600.0,74400.0,E-commerce Shopping EMI,31000.0,24,Eligible,4795.0,22200.0,13700.0,0.5375302663308104,0.3268765133092766,0.13075060532371063,7.675544794003013,2.695652173815375,0.06255044390624989,1291.6666128472243,13700.0,10.606452046627263,Fair,Moderate,98.47826086907688
38.0,Male,Married,High School,25700.0,Private,6.5,Mid-size,Rented,4000.0,2,1,8500.0,20300.0,2700.0,6700.0,2400.0,No,0.0,635.0,134700.0,28600.0,Personal Loan EMI,756000.0,52,Not_Eligible,500.0,44600.0,-18900.0,1.7354085602437583,0.15564202334024738,0.0,6.3540856028656,0.6412556053667879,2.4513618676963316,14538.461258875746,-9450.0,-1.3000000249105819,Poor,Established,5.0
32.0,Male,Married,Graduate,24400.0,Private,0.5,Startup,Rented,5000.0,3,2,2200.0,5800.0,1300.0,5800.0,1700.0,No,0.0,686.0,196000.0,57500.0,Personal Loan EMI,630000.0,37,Not_Eligible,1144.0,21800.0,2600.0,0.8934426229142032,0.20491803277848697,0.0,10.389344261869288,2.637614678778091,2.1516393442549466,17027.02656683712,866.6666666666666,0.15269841681642882,Fair,Probation/Junior,74.71266356075421
38.0,Male,Married,High School,57100.0,Private,0.5,Small,Family,0.0,3,2,0.0,0.0,6700.0,13300.0,6000.0,No,0.0,748.0,249100.0,67700.0,E-commerce Shopping EMI,66000.0,6,High_Risk,12440.0,26000.0,31100.0,0.4553415061216227,0.0,0.0,5.5481611207434645,2.603846153746006,0.09632224168112037,10999.998166666972,10366.666666666666,2.8272731982278234,Good,Probation/Junior,98.01923076873003
